ticker,date,open,high,low,close,volume
AAPL,2021-08-10,146.44,147.71,145.3,145.6,69023100
AAPL,2021-08-11,146.05,146.72,145.53,145.86,48493500
AAPL,2021-08-12,146.19,149.05,145.84,148.89,72282600
AAPL,2021-08-13,148.97,149.44,148.27,149.1,59375000
AAPL,2021-08-16,148.54,151.19,146.47,151.12,103296000
AAPL,2021-08-17,150.23,151.68,149.09,150.19,92229700
AAPL,2021-08-18,149.8,150.72,146.15,146.36,86326000
AAPL,2021-08-19,145.03,148.0,144.5,146.7,86960300
AAPL,2021-08-20,147.44,148.5,146.78,148.19,60549600
AAPL,2021-08-23,148.31,150.19,147.89,149.71,60131800
AAPL,2021-08-24,149.45,150.86,149.15,149.62,48606400
AAPL,2021-08-25,149.81,150.32,147.8,148.36,58991300
AAPL,2021-08-26,148.35,149.12,147.51,147.54,48597200
AAPL,2021-08-27,147.48,148.75,146.83,148.6,55802400
AAPL,2021-08-30,149.0,153.49,148.61,153.12,90956700
AAPL,2021-08-31,152.66,152.8,151.29,151.83,86453100
AAPL,2021-09-01,152.83,154.98,152.34,152.51,80313700
AAPL,2021-09-02,153.87,154.72,152.4,153.65,71115500
AAPL,2021-09-03,153.76,154.63,153.09,154.3,57808700
AAPL,2021-09-07,154.97,157.26,154.39,156.69,82278300
AAPL,2021-09-08,156.98,157.04,153.98,155.11,74420200
AAPL,2021-09-09,155.49,156.11,153.95,154.07,57305700
AAPL,2021-09-10,155.0,155.48,148.7,148.97,140893200
AAPL,2021-09-13,150.63,151.42,148.75,149.55,102404300
AAPL,2021-09-14,150.35,151.07,146.91,148.12,109296300
AAPL,2021-09-15,148.56,149.44,146.37,149.03,83281300
AAPL,2021-09-16,148.44,148.97,147.22,148.79,68034100
AAPL,2021-09-17,148.82,148.82,145.76,146.06,129868800
AAPL,2021-09-20,143.8,144.84,141.27,142.94,123478900
AAPL,2021-09-21,143.93,144.6,142.78,143.43,75834000
AAPL,2021-09-22,144.45,146.43,143.7,145.85,76404300
AAPL,2021-09-23,146.65,147.08,145.64,146.83,64838200
AAPL,2021-09-24,145.66,147.47,145.56,146.92,53477900
AAPL,2021-09-27,145.47,145.96,143.82,145.37,74150700
AAPL,2021-09-28,143.25,144.75,141.69,141.91,108972300
AAPL,2021-09-29,142.47,144.45,142.03,142.83,74602000
AAPL,2021-09-30,143.66,144.38,141.28,141.5,89056700
AAPL,2021-10-01,141.9,142.92,139.11,142.65,94639600
AAPL,2021-10-04,141.76,142.21,138.27,139.14,98322000
AAPL,2021-10-05,139.49,142.24,139.36,141.11,80861100
AAPL,2021-10-06,139.47,142.15,138.37,142.0,83221100
AAPL,2021-10-07,143.06,144.22,142.72,143.29,61732700
AAPL,2021-10-08,144.03,144.18,142.56,142.9,58773200
AAPL,2021-10-11,142.27,144.81,141.81,142.81,64452200
AAPL,2021-10-12,143.23,143.25,141.04,141.51,73035900
AAPL,2021-10-13,141.24,141.4,139.2,140.91,78762700
AAPL,2021-10-14,142.11,143.88,141.51,143.76,69907100
AAPL,2021-10-15,143.77,144.9,143.51,144.84,67940300
AAPL,2021-10-18,143.45,146.84,143.16,146.55,85589200
AAPL,2021-10-19,147.01,149.17,146.55,148.76,76378900
AAPL,2021-10-20,148.7,149.75,148.12,149.26,58418800
AAPL,2021-10-21,148.81,149.64,147.87,149.48,61421000
AAPL,2021-10-22,149.69,150.18,148.64,148.69,58883400
AAPL,2021-10-25,148.68,149.37,147.62,148.64,50720600
AAPL,2021-10-26,149.33,150.84,149.01,149.32,60893400
AAPL,2021-10-27,149.36,149.73,148.49,148.85,56094900
AAPL,2021-10-28,149.82,153.17,149.72,152.57,100077900
AAPL,2021-10-29,147.22,149.94,146.41,149.8,124953200
AAPL,2021-11-01,148.99,149.7,147.8,148.96,74588300
AAPL,2021-11-02,148.66,151.57,148.65,150.02,69122000
AAPL,2021-11-03,150.39,151.97,149.82,151.49,54511500
AAPL,2021-11-04,151.58,152.43,150.64,150.96,60394600
AAPL,2021-11-05,151.89,152.2,150.06,151.28,65463900
AAPL,2021-11-08,151.41,151.57,150.16,150.44,55020900
AAPL,2021-11-09,150.2,151.43,150.06,150.81,56787900
AAPL,2021-11-10,150.02,150.13,147.85,147.92,65187100
AAPL,2021-11-11,148.96,149.43,147.68,147.87,41000000
AAPL,2021-11-12,148.43,150.4,147.48,149.99,63804000
AAPL,2021-11-15,150.37,151.88,149.43,150.0,59222800
AAPL,2021-11-16,149.94,151.49,149.34,151.0,59256200
AAPL,2021-11-17,151.0,155.0,150.99,153.49,88807000
AAPL,2021-11-18,153.71,158.67,153.05,157.87,137827700
AAPL,2021-11-19,157.65,161.02,156.53,160.55,117305600
AAPL,2021-11-22,161.68,165.7,161.0,161.02,117467900
AAPL,2021-11-23,161.12,161.8,159.06,161.41,96041900
AAPL,2021-11-24,160.75,162.14,159.64,161.94,69463600
AAPL,2021-11-26,159.57,160.45,156.36,156.81,76959800
AAPL,2021-11-29,159.37,161.19,158.79,160.24,88748200
AAPL,2021-11-30,159.99,165.52,159.92,165.3,174048100
AAPL,2021-12-01,167.48,170.3,164.53,164.77,152052500
AAPL,2021-12-02,158.74,164.2,157.8,163.76,136739200
AAPL,2021-12-03,164.02,164.96,159.72,161.84,118023100
AAPL,2021-12-06,164.29,167.88,164.28,165.32,107497000
AAPL,2021-12-07,169.08,171.58,168.34,171.18,120405400
AAPL,2021-12-08,172.13,175.96,170.7,175.08,116998900
AAPL,2021-12-09,174.91,176.75,173.92,174.56,108923700
AAPL,2021-12-10,175.21,179.63,174.69,179.45,115402700
AAPL,2021-12-13,181.12,182.13,175.53,175.74,153237000
AAPL,2021-12-14,175.25,177.74,172.21,174.33,139380400
AAPL,2021-12-15,175.11,179.5,172.31,179.3,131063300
AAPL,2021-12-16,179.28,181.14,170.75,172.26,150185800
AAPL,2021-12-17,169.93,173.47,169.69,171.14,195432700
AAPL,2021-12-20,168.28,170.58,167.46,169.75,107499100
AAPL,2021-12-21,171.56,173.2,169.12,172.99,91185900
AAPL,2021-12-22,173.04,175.86,172.15,175.64,92135300
AAPL,2021-12-23,175.85,176.85,175.27,176.28,68356600
AAPL,2021-12-27,177.09,180.42,177.07,180.33,74919600
AAPL,2021-12-28,180.16,181.33,178.53,179.29,79144300
AAPL,2021-12-29,179.33,180.63,178.14,179.38,62348900
AAPL,2021-12-30,179.47,180.57,178.09,178.2,59773000
AAPL,2021-12-31,178.09,179.23,177.26,177.57,64062300
AAPL,2022-01-03,177.83,182.88,177.71,182.01,104487900
AAPL,2022-01-04,182.63,182.94,179.12,179.7,99310400
AAPL,2022-01-05,179.61,180.17,174.64,174.92,94537600
AAPL,2022-01-06,172.7,175.3,171.64,172.0,96904000
AAPL,2022-01-07,172.89,174.14,171.03,172.17,86709100
AAPL,2022-01-10,169.08,172.5,168.17,172.19,106765600
AAPL,2022-01-11,172.32,175.18,170.82,175.08,76138300
AAPL,2022-01-12,176.12,177.18,174.82,175.53,74805200
AAPL,2022-01-13,175.78,176.62,171.79,172.19,84505800
AAPL,2022-01-14,171.34,173.78,171.09,173.07,80440800
AAPL,2022-01-18,171.51,172.54,169.41,169.8,90956700
AAPL,2022-01-19,170.0,171.08,165.94,166.23,94815000
AAPL,2022-01-20,166.98,169.68,164.18,164.51,91420500
AAPL,2022-01-21,164.42,166.33,162.3,162.41,122848900
AAPL,2022-01-24,160.02,162.3,154.7,161.62,162294600
AAPL,2022-01-25,158.98,162.76,157.02,159.78,115798400
AAPL,2022-01-26,163.5,164.39,157.82,159.69,108275300
AAPL,2022-01-27,162.45,163.84,158.28,159.22,121954600
AAPL,2022-01-28,165.71,170.35,162.8,170.33,179935700
AAPL,2022-01-31,170.16,175.0,169.51,174.78,115541600
AAPL,2022-02-01,174.01,174.84,172.31,174.61,86213900
AAPL,2022-02-02,174.75,175.88,173.33,175.84,84914300
AAPL,2022-02-03,174.48,176.24,172.12,172.9,89418100
AAPL,2022-02-04,171.68,174.1,170.68,172.39,82465400
AAPL,2022-02-07,172.86,173.95,170.95,171.66,77251200
AAPL,2022-02-08,171.73,175.35,171.43,174.83,74829200
AAPL,2022-02-09,176.05,176.65,174.9,176.28,71285000
AAPL,2022-02-10,174.14,175.48,171.55,172.12,90865900
AAPL,2022-02-11,172.33,173.08,168.04,168.64,98670700
AAPL,2022-02-14,167.37,169.58,166.56,168.88,86185500
AAPL,2022-02-15,170.97,172.95,170.25,172.79,62527400
AAPL,2022-02-16,171.85,173.34,170.05,172.55,61177400
AAPL,2022-02-17,171.03,171.91,168.47,168.88,69589300
AAPL,2022-02-18,169.82,170.54,166.19,167.3,82772700
AAPL,2022-02-22,164.98,166.69,162.15,164.32,91162800
AAPL,2022-02-23,165.54,166.15,159.75,160.07,90009200
AAPL,2022-02-24,152.58,162.85,152.0,162.74,141147500
AAPL,2022-02-25,163.84,165.12,160.87,164.85,91974200
AAPL,2022-02-28,163.06,165.42,162.43,165.12,95056600
AAPL,2022-03-01,164.7,166.6,161.97,163.2,83474400
AAPL,2022-03-02,164.39,167.36,162.95,166.56,79724800
AAPL,2022-03-03,168.47,168.91,165.55,166.23,76678400
AAPL,2022-03-04,164.49,165.55,162.1,163.17,83737200
AAPL,2022-03-07,163.36,165.02,159.04,159.3,96418800
AAPL,2022-03-08,158.82,162.88,155.8,157.44,131148300
AAPL,2022-03-09,161.48,163.41,159.41,162.95,91454900
AAPL,2022-03-10,160.2,160.39,155.98,158.52,105342000
AAPL,2022-03-11,158.93,159.28,154.5,154.73,96970100
AAPL,2022-03-14,151.45,154.12,150.1,150.62,108732100
AAPL,2022-03-15,150.9,155.57,150.38,155.09,92964300
AAPL,2022-03-16,157.05,160.0,154.46,159.59,102300200
AAPL,2022-03-17,158.61,161.0,157.63,160.62,75615400
AAPL,2022-03-18,160.51,164.48,159.76,163.98,123511700
AAPL,2022-03-21,163.51,166.35,163.01,165.38,95811400
AAPL,2022-03-22,165.51,169.42,164.91,168.82,81532000
AAPL,2022-03-23,167.99,172.64,167.65,170.21,98062700
AAPL,2022-03-24,171.06,174.14,170.21,174.07,90131400
AAPL,2022-03-25,173.88,175.28,172.75,174.72,80546200
AAPL,2022-03-28,172.17,175.73,172.0,175.6,90371900
AAPL,2022-03-29,176.69,179.01,176.34,178.96,100589400
AAPL,2022-03-30,178.55,179.61,176.7,177.77,92633200
AAPL,2022-03-31,177.84,178.03,174.4,174.61,103049300
AAPL,2022-04-01,174.03,174.88,171.94,174.31,78751300
AAPL,2022-04-04,174.57,178.49,174.44,178.44,76468400
AAPL,2022-04-05,177.5,178.3,174.42,175.06,73401800
AAPL,2022-04-06,172.36,173.63,170.13,171.83,89058800
AAPL,2022-04-07,171.16,173.36,169.85,172.14,77594700
AAPL,2022-04-08,171.78,171.78,169.2,170.09,76575500
AAPL,2022-04-11,168.71,169.03,165.5,165.75,72246700
AAPL,2022-04-12,168.02,169.87,166.64,167.66,79265200
AAPL,2022-04-13,167.39,171.04,166.77,170.4,70618900
AAPL,2022-04-14,170.62,171.27,165.04,165.29,75329400
AAPL,2022-04-18,163.92,166.6,163.57,165.07,69023900
AAPL,2022-04-19,165.02,167.82,163.91,167.4,67723800
AAPL,2022-04-20,168.76,168.88,166.1,167.23,67929800
AAPL,2022-04-21,168.91,171.53,165.91,166.42,87227800
AAPL,2022-04-22,166.46,167.87,161.5,161.79,84882400
AAPL,2022-04-25,161.12,163.17,158.46,162.88,96046400
AAPL,2022-04-26,162.25,162.34,156.72,156.8,95623200
AAPL,2022-04-27,155.91,159.79,155.38,156.57,88063200
AAPL,2022-04-28,159.25,164.52,158.93,163.64,130216800
AAPL,2022-04-29,161.84,166.2,157.25,157.65,131747600
AAPL,2022-05-02,156.71,158.23,153.27,157.96,123055300
AAPL,2022-05-03,158.15,160.71,156.32,159.48,88966500
AAPL,2022-05-04,159.67,166.48,159.26,166.02,108256500
AAPL,2022-05-05,163.85,164.08,154.95,156.77,130525300
AAPL,2022-05-06,156.01,159.44,154.18,157.28,116124600
AAPL,2022-05-09,154.93,155.83,151.49,152.06,131577900
AAPL,2022-05-10,155.52,156.74,152.93,154.51,115366700
AAPL,2022-05-11,153.5,155.45,145.81,146.5,142689800
AAPL,2022-05-12,142.77,146.2,138.8,142.56,182602000
AAPL,2022-05-13,144.59,148.1,143.11,147.11,113990900
AAPL,2022-05-16,145.55,147.52,144.18,145.54,86643800
AAPL,2022-05-17,148.86,149.77,146.68,149.24,78336300
AAPL,2022-05-18,146.85,147.36,139.9,140.82,109742900
AAPL,2022-05-19,139.88,141.66,136.6,137.35,136095600
AAPL,2022-05-20,139.09,140.7,132.61,137.59,137426100
AAPL,2022-05-23,137.79,143.26,137.65,143.11,117726300
AAPL,2022-05-24,140.81,141.97,137.33,140.36,104132700
AAPL,2022-05-25,138.43,141.79,138.34,140.52,92482700
AAPL,2022-05-26,137.39,144.34,137.14,143.78,90601500
AAPL,2022-05-27,145.39,149.68,145.26,149.64,90978500
AAPL,2022-05-31,149.07,150.66,146.84,148.84,103718400
AAPL,2022-06-01,149.9,151.74,147.68,148.71,74286600
AAPL,2022-06-02,147.83,151.27,146.86,151.21,72348100
AAPL,2022-06-03,146.9,147.97,144.46,145.38,88570300
AAPL,2022-06-06,147.03,148.57,144.9,146.14,71598400
AAPL,2022-06-07,144.35,149.0,144.1,148.71,67808200
AAPL,2022-06-08,148.58,149.87,147.46,147.96,53950200
AAPL,2022-06-09,147.08,147.95,142.53,142.64,69473000
AAPL,2022-06-10,140.28,140.76,137.06,137.13,91437900
AAPL,2022-06-13,132.87,135.2,131.44,131.88,122207100
AAPL,2022-06-14,133.13,133.89,131.48,132.76,84784300
AAPL,2022-06-15,134.29,137.34,132.16,135.43,91533000
AAPL,2022-06-16,132.08,132.39,129.04,130.06,108123900
AAPL,2022-06-17,130.07,133.08,129.81,131.56,134520300
AAPL,2022-06-21,133.42,137.06,133.32,135.87,81000500
AAPL,2022-06-22,134.79,137.76,133.91,135.35,73409200
AAPL,2022-06-23,136.82,138.59,135.63,138.27,72433800
AAPL,2022-06-24,139.9,141.91,139.77,141.66,89116800
AAPL,2022-06-27,142.7,143.49,140.97,141.66,70207900
AAPL,2022-06-28,142.13,143.42,137.32,137.44,67083400
AAPL,2022-06-29,137.46,140.67,136.67,139.23,66242400
AAPL,2022-06-30,137.25,138.37,133.77,136.72,98964500
AAPL,2022-07-01,136.04,139.04,135.66,138.93,71051600
AAPL,2022-07-05,137.77,141.61,136.93,141.56,73353800
AAPL,2022-07-06,141.35,144.12,141.08,142.92,74064300
AAPL,2022-07-07,143.29,146.55,143.28,146.35,66253700
AAPL,2022-07-08,145.26,147.55,145.0,147.04,64547800
AAPL,2022-07-11,145.67,146.64,143.78,144.87,63141600
AAPL,2022-07-12,145.76,148.45,145.05,145.86,77588800
AAPL,2022-07-13,142.99,146.45,142.12,145.49,71185600
AAPL,2022-07-14,144.08,148.95,143.25,148.47,78140700
AAPL,2022-07-15,149.78,150.86,148.2,150.17,76259900
AAPL,2022-07-18,150.74,151.57,146.7,147.07,81420900
AAPL,2022-07-19,147.92,151.23,146.91,151.0,82982400
AAPL,2022-07-20,151.12,153.72,150.37,153.04,64823400
AAPL,2022-07-21,154.5,155.57,151.94,155.35,65086600
AAPL,2022-07-22,155.39,156.28,153.41,154.09,66675400
AAPL,2022-07-25,154.01,155.04,152.28,152.95,53623900
AAPL,2022-07-26,152.26,153.09,150.8,151.6,55138700
AAPL,2022-07-27,152.58,157.33,152.16,156.79,78620700
AAPL,2022-07-28,156.98,157.64,154.41,157.35,81378700
AAPL,2022-07-29,161.24,163.63,159.5,162.51,101786900
AAPL,2022-08-01,161.01,163.59,160.89,161.51,67829400
AAPL,2022-08-02,160.1,162.41,159.63,160.01,59907000
AAPL,2022-08-03,160.84,166.59,160.75,166.13,82507500
AAPL,2022-08-04,166.01,167.19,164.43,165.81,55474100
AAPL,2022-08-05,163.21,165.85,163.0,165.35,56697000
AAPL,2022-08-08,166.37,167.81,164.2,164.87,60276900
AAPL,2022-08-09,164.02,165.82,163.25,164.92,63135500
AAPL,2022-08-10,167.68,169.34,166.9,169.24,70170500
AAPL,2022-08-11,170.06,170.99,168.19,168.49,57149200
AAPL,2022-08-12,169.82,172.17,169.4,172.1,68039400
AAPL,2022-08-15,171.52,173.39,171.35,173.19,54091700
AAPL,2022-08-16,172.78,173.71,171.66,173.03,56377100
AAPL,2022-08-17,172.77,176.15,172.57,174.55,79542000
AAPL,2022-08-18,173.75,174.9,173.12,174.15,62290100
AAPL,2022-08-19,173.03,173.74,171.31,171.52,70346300
AAPL,2022-08-22,169.69,169.86,167.14,167.57,69026800
AAPL,2022-08-23,167.08,168.71,166.65,167.23,54147100
AAPL,2022-08-24,167.32,168.11,166.25,167.53,53841500
AAPL,2022-08-25,168.78,170.14,168.35,170.03,51218200
AAPL,2022-08-26,170.57,171.05,163.56,163.62,78961000
AAPL,2022-08-29,161.15,162.9,159.82,161.38,73314000
AAPL,2022-08-30,162.13,162.56,157.72,158.91,77906200
AAPL,2022-08-31,160.31,160.58,157.14,157.22,87991100
AAPL,2022-09-01,156.64,158.42,154.67,157.96,74229900
AAPL,2022-09-02,159.75,160.36,154.97,155.81,76957800
AAPL,2022-09-06,156.47,157.09,153.69,154.53,73714800
AAPL,2022-09-07,154.82,156.67,153.61,155.96,87449600
AAPL,2022-09-08,154.64,156.36,152.68,154.46,84923800
AAPL,2022-09-09,155.47,157.82,154.75,157.37,68028800
AAPL,2022-09-12,159.59,164.26,159.3,163.43,104956000
AAPL,2022-09-13,159.9,160.54,153.37,153.84,122656600
AAPL,2022-09-14,154.79,157.1,153.61,155.31,87965400
AAPL,2022-09-15,154.65,155.24,151.38,152.37,90481100
AAPL,2022-09-16,151.21,151.35,148.37,150.7,162278800
AAPL,2022-09-19,149.31,154.56,149.1,154.48,81474200
AAPL,2022-09-20,153.4,158.08,153.08,156.9,107689800
AAPL,2022-09-21,157.34,158.74,153.6,153.72,101696800
AAPL,2022-09-22,152.38,154.47,150.91,152.74,86652500
AAPL,2022-09-23,151.19,151.47,148.56,150.43,96029900
AAPL,2022-09-26,149.66,153.77,149.64,150.77,93339400
AAPL,2022-09-27,152.74,154.72,149.95,151.76,84442700
AAPL,2022-09-28,147.64,150.64,144.84,149.84,146691400
AAPL,2022-09-29,146.1,146.72,140.68,142.48,128138200
AAPL,2022-09-30,141.28,143.1,138.0,138.2,124925300
AAPL,2022-10-03,138.21,143.07,137.69,142.45,114311700
AAPL,2022-10-04,145.03,146.22,144.26,146.1,87830100
AAPL,2022-10-05,144.07,147.38,143.01,146.4,79471000
AAPL,2022-10-06,145.81,147.54,145.22,145.43,68402200
AAPL,2022-10-07,142.54,143.1,139.45,140.09,85925600
AAPL,2022-10-10,140.42,141.89,138.57,140.42,74899000
AAPL,2022-10-11,139.9,141.35,138.22,138.98,77033700
AAPL,2022-10-12,139.13,140.36,138.16,138.34,70433700
AAPL,2022-10-13,134.99,143.59,134.37,142.99,113224000
AAPL,2022-10-14,144.31,144.52,138.19,138.38,88598000
AAPL,2022-10-17,141.07,142.9,140.27,142.41,85250900
AAPL,2022-10-18,145.49,146.7,140.61,143.75,99136600
AAPL,2022-10-19,141.69,144.95,141.5,143.86,61758300
AAPL,2022-10-20,143.02,145.89,142.65,143.39,64522000
AAPL,2022-10-21,142.87,147.85,142.65,147.27,86548600
AAPL,2022-10-24,147.19,150.23,146.0,149.45,75981900
AAPL,2022-10-25,150.09,152.49,149.36,152.34,74732300
AAPL,2022-10-26,150.96,151.99,148.04,149.35,88194300
AAPL,2022-10-27,148.07,149.05,144.13,144.8,109180200
AAPL,2022-10-28,148.2,157.5,147.82,155.74,164762400
AAPL,2022-10-31,153.16,154.24,151.92,153.34,97943200
AAPL,2022-11-01,155.08,155.45,149.13,150.65,80379300
AAPL,2022-11-02,148.95,152.17,145.0,145.03,93604600
AAPL,2022-11-03,142.06,142.8,138.75,138.88,97918500
AAPL,2022-11-04,142.09,142.67,134.38,138.38,140814800
AAPL,2022-11-07,137.11,139.15,135.67,138.92,83374600
AAPL,2022-11-08,140.41,141.43,137.49,139.5,89908500
AAPL,2022-11-09,138.5,138.55,134.59,134.87,74917800
AAPL,2022-11-10,141.24,146.87,139.5,146.87,118854000
AAPL,2022-11-11,145.82,150.01,144.37,149.7,93979700
AAPL,2022-11-14,148.97,150.28,147.43,148.28,73374100
AAPL,2022-11-15,152.22,153.59,148.56,150.04,89868300
AAPL,2022-11-16,149.13,149.87,147.29,148.79,64218300
AAPL,2022-11-17,146.43,151.48,146.15,150.72,80389400
AAPL,2022-11-18,152.31,152.7,149.97,151.29,74829600
AAPL,2022-11-21,150.16,150.37,147.72,148.01,58724100
AAPL,2022-11-22,148.13,150.42,146.93,150.18,51804100
AAPL,2022-11-23,149.45,151.83,149.34,151.07,58301400
AAPL,2022-11-25,148.31,148.88,147.12,148.11,35195900
AAPL,2022-11-28,145.14,146.64,143.38,144.22,69246000
AAPL,2022-11-29,144.29,144.81,140.35,141.17,83763800
AAPL,2022-11-30,141.4,148.72,140.55,148.03,111380900
AAPL,2022-12-01,148.21,149.13,146.61,148.31,71250400
AAPL,2022-12-02,145.96,148.0,145.65,147.81,65447400
AAPL,2022-12-05,147.77,150.92,145.77,146.63,68826400
AAPL,2022-12-06,147.07,147.3,141.92,142.91,64727200
AAPL,2022-12-07,142.19,143.37,140.0,140.94,69721100
AAPL,2022-12-08,142.36,143.52,141.1,142.65,62128300
AAPL,2022-12-09,142.34,145.57,140.9,142.16,76097000
AAPL,2022-12-12,142.7,144.5,141.06,144.49,70462700
AAPL,2022-12-13,149.5,149.97,144.24,145.47,93886200
AAPL,2022-12-14,145.35,146.66,141.16,143.21,82291200
AAPL,2022-12-15,141.11,141.8,136.03,136.5,98931900
AAPL,2022-12-16,136.69,137.65,133.73,134.51,160156900
AAPL,2022-12-19,135.11,135.2,131.32,132.37,79592600
AAPL,2022-12-20,131.39,133.25,129.89,132.3,77432800
AAPL,2022-12-21,132.98,136.81,132.75,135.45,85928000
AAPL,2022-12-22,134.35,134.56,130.3,132.23,77852100
AAPL,2022-12-23,130.92,132.42,129.64,131.86,63814900
AAPL,2022-12-27,131.38,131.41,128.72,130.03,69007800
AAPL,2022-12-28,129.67,131.03,125.87,126.04,85438400
AAPL,2022-12-29,127.99,130.48,127.73,129.61,75703700
AAPL,2022-12-30,128.41,129.95,127.43,129.93,77034200
AAPL,2023-01-03,130.28,130.9,124.17,125.07,112117500
AAPL,2023-01-04,126.89,128.66,125.08,126.36,89113600
AAPL,2023-01-05,127.13,127.77,124.76,125.02,80962700
AAPL,2023-01-06,126.01,130.29,124.89,129.62,87754700
AAPL,2023-01-09,130.47,133.41,129.89,130.15,70790800
AAPL,2023-01-10,130.26,131.26,128.12,130.73,63896200
AAPL,2023-01-11,131.25,133.51,130.46,133.49,69458900
AAPL,2023-01-12,133.88,134.26,131.44,133.41,71379600
AAPL,2023-01-13,132.03,134.92,131.66,134.76,57809700
AAPL,2023-01-17,134.83,137.29,134.13,135.94,63646600
AAPL,2023-01-18,136.82,138.61,135.03,135.21,69672800
AAPL,2023-01-19,134.08,136.25,133.77,135.27,58280400
AAPL,2023-01-20,135.28,138.02,134.22,137.87,80223600
AAPL,2023-01-23,138.12,143.32,137.9,141.11,81760300
AAPL,2023-01-24,140.31,143.16,140.3,142.53,66435100
AAPL,2023-01-25,140.89,142.43,138.81,141.86,65799300
AAPL,2023-01-26,143.17,144.25,141.9,143.96,54105100
AAPL,2023-01-27,143.16,147.23,143.08,145.93,70555800
AAPL,2023-01-30,144.96,145.55,142.85,143.0,64015300
AAPL,2023-01-31,142.7,144.34,142.28,144.29,65874500
AAPL,2023-02-01,143.97,146.61,141.32,145.43,77663600
AAPL,2023-02-02,148.9,151.18,148.17,150.82,118339000
AAPL,2023-02-03,148.03,157.38,147.83,154.5,154357300
AAPL,2023-02-06,152.57,153.1,150.78,151.73,69858300
AAPL,2023-02-07,150.64,155.23,150.64,154.65,83322600
AAPL,2023-02-08,153.88,154.58,151.17,151.92,64120100
AAPL,2023-02-09,153.78,154.33,150.42,150.87,56007100
AAPL,2023-02-10,149.46,151.34,149.22,151.01,57450700
AAPL,2023-02-13,150.95,154.26,150.92,153.85,62199000
AAPL,2023-02-14,152.12,153.77,150.86,153.2,61707600
AAPL,2023-02-15,153.11,155.5,152.88,155.33,65573800
AAPL,2023-02-16,153.51,156.33,153.35,153.71,68167900
AAPL,2023-02-17,152.35,153.0,150.85,152.55,59144100
AAPL,2023-02-21,150.2,151.3,148.41,148.48,58867200
AAPL,2023-02-22,148.87,149.95,147.16,148.91,51011300
AAPL,2023-02-23,150.09,150.34,147.24,149.4,48394200
AAPL,2023-02-24,147.11,147.19,145.72,146.71,55469600
AAPL,2023-02-27,147.71,149.17,147.45,147.92,44998500
AAPL,2023-02-28,147.05,149.08,146.83,147.41,50547000
AAPL,2023-03-01,146.83,147.23,145.01,145.31,55479000
AAPL,2023-03-02,144.38,146.71,143.9,145.91,52238100
AAPL,2023-03-03,148.04,151.11,147.33,151.03,70732300
AAPL,2023-03-06,153.79,156.3,153.46,153.83,87558000
AAPL,2023-03-07,153.7,154.03,151.13,151.6,56182000
AAPL,2023-03-08,152.81,153.47,151.83,152.87,47204800
AAPL,2023-03-09,153.56,154.54,150.23,150.59,53833600
AAPL,2023-03-10,150.21,150.94,147.61,148.5,68572400
AAPL,2023-03-13,147.81,153.14,147.7,150.47,84457100
AAPL,2023-03-14,151.28,153.4,150.1,152.59,73695900
AAPL,2023-03-15,151.19,153.25,149.92,152.99,77167900
AAPL,2023-03-16,152.16,156.46,151.64,155.85,76161100
AAPL,2023-03-17,156.08,156.74,154.28,155.0,98944600
AAPL,2023-03-20,155.07,157.82,154.15,157.4,73641400
AAPL,2023-03-21,157.32,159.4,156.54,159.28,73938300
AAPL,2023-03-22,159.3,162.14,157.81,157.83,75701800
AAPL,2023-03-23,158.83,161.55,157.68,158.93,67622100
AAPL,2023-03-24,158.86,160.34,157.85,160.25,59196500
AAPL,2023-03-27,159.94,160.77,157.87,158.28,52390300
AAPL,2023-03-28,157.97,158.49,155.98,157.65,45992200
AAPL,2023-03-29,159.37,161.05,159.35,160.77,51305700
AAPL,2023-03-30,161.53,162.47,161.27,162.36,49501700
AAPL,2023-03-31,162.44,165.0,161.91,164.9,68749800
AAPL,2023-04-03,164.27,166.29,164.22,166.17,56976200
AAPL,2023-04-04,166.6,166.84,165.11,165.63,46278300
AAPL,2023-04-05,164.74,165.05,161.8,163.76,51511700
AAPL,2023-04-06,162.43,164.96,162.0,164.66,45390100
AAPL,2023-04-10,161.42,162.03,160.08,162.03,47716900
AAPL,2023-04-11,162.35,162.36,160.51,160.8,47644200
AAPL,2023-04-12,161.22,162.06,159.78,160.1,50133100
AAPL,2023-04-13,161.63,165.8,161.42,165.56,68445600
AAPL,2023-04-14,164.59,166.32,163.82,165.21,49386500
AAPL,2023-04-17,165.09,165.39,164.03,165.23,41516200
AAPL,2023-04-18,166.1,167.41,165.65,166.47,49923000
AAPL,2023-04-19,165.8,168.16,165.54,167.63,47720200
AAPL,2023-04-20,166.09,167.87,165.56,166.65,52456400
AAPL,2023-04-21,165.05,166.45,164.49,165.02,58337300
AAPL,2023-04-24,165.0,165.6,163.89,165.33,41949600
AAPL,2023-04-25,165.19,166.31,163.73,163.77,48714100
AAPL,2023-04-26,163.06,165.28,162.8,163.76,45498800
AAPL,2023-04-27,165.19,168.56,165.19,168.41,64902300
AAPL,2023-04-28,168.49,169.85,167.88,169.68,55275900
AAPL,2023-05-01,169.28,170.45,168.64,169.59,52472900
AAPL,2023-05-02,170.09,170.35,167.54,168.54,48425700
AAPL,2023-05-03,169.5,170.92,167.16,167.45,65136000
AAPL,2023-05-04,164.89,167.04,164.31,165.79,81235400
AAPL,2023-05-05,170.98,174.3,170.76,173.57,113453200
AAPL,2023-05-08,172.48,173.85,172.11,173.5,55962800
AAPL,2023-05-09,173.05,173.54,171.6,171.77,45326900
AAPL,2023-05-10,173.02,174.03,171.9,173.56,53724500
AAPL,2023-05-11,173.85,174.59,172.17,173.75,49514700
AAPL,2023-05-12,173.62,174.06,171.0,172.57,45533100
AAPL,2023-05-15,173.16,173.21,171.47,172.07,37266700
AAPL,2023-05-16,171.99,173.14,171.8,172.07,42110300
AAPL,2023-05-17,171.71,172.93,170.42,172.69,57951600
AAPL,2023-05-18,173.0,175.24,172.58,175.05,65496700
AAPL,2023-05-19,176.39,176.39,174.94,175.16,55809500
AAPL,2023-05-22,173.98,174.71,173.45,174.2,43570900
AAPL,2023-05-23,173.13,173.38,171.28,171.56,50747300
AAPL,2023-05-24,171.09,172.42,170.52,171.84,45143500
AAPL,2023-05-25,172.41,173.9,171.69,172.99,56058300
AAPL,2023-05-26,173.32,175.77,173.11,175.43,54835000
AAPL,2023-05-30,176.96,178.99,176.57,177.3,55964400
AAPL,2023-05-31,177.33,179.35,176.76,177.25,99625300
AAPL,2023-06-01,177.7,180.12,176.93,180.09,68901800
AAPL,2023-06-02,181.03,181.78,179.26,180.95,61996900
AAPL,2023-06-05,182.63,184.95,178.04,179.58,121946500
AAPL,2023-06-06,179.97,180.12,177.43,179.21,64848400
AAPL,2023-06-07,178.44,181.21,177.32,177.82,61944600
AAPL,2023-06-08,177.9,180.84,177.46,180.57,50214900
AAPL,2023-06-09,181.5,182.23,180.63,180.96,48900000
AAPL,2023-06-12,181.27,183.89,180.97,183.79,54274900
AAPL,2023-06-13,182.8,184.15,182.44,183.31,54929100
AAPL,2023-06-14,183.37,184.39,182.02,183.95,57462900
AAPL,2023-06-15,183.96,186.52,183.78,186.01,65433200
AAPL,2023-06-16,186.73,186.99,184.27,184.92,101256200
AAPL,2023-06-20,184.41,186.1,184.41,185.01,49799100
AAPL,2023-06-21,184.9,185.41,182.59,183.96,49515700
AAPL,2023-06-22,183.74,187.05,183.67,187.0,51245300
AAPL,2023-06-23,185.55,187.56,185.01,186.68,53117000
AAPL,2023-06-26,186.83,188.05,185.23,185.27,48088700
AAPL,2023-06-27,185.89,188.39,185.67,188.06,50730800
AAPL,2023-06-28,187.93,189.9,187.6,189.25,51216800
AAPL,2023-06-29,189.08,190.07,188.94,189.59,46347300
AAPL,2023-06-30,191.63,194.48,191.26,193.97,85213200
AAPL,2023-07-03,193.78,193.88,191.76,192.46,31458200
AAPL,2023-07-05,191.57,192.98,190.62,191.33,46920300
AAPL,2023-07-06,189.84,192.02,189.2,191.81,45094300
AAPL,2023-07-07,191.41,192.67,190.24,190.68,46815000
AAPL,2023-07-10,189.26,189.99,187.04,188.61,59922200
AAPL,2023-07-11,189.16,189.3,186.6,188.08,46638100
AAPL,2023-07-12,189.68,191.7,188.47,189.77,60750200
AAPL,2023-07-13,190.5,191.19,189.78,190.54,41342300
AAPL,2023-07-14,190.23,191.18,189.63,190.69,41616200
AAPL,2023-07-17,191.9,194.32,191.81,193.99,50520200
AAPL,2023-07-18,193.35,194.33,192.42,193.73,48288200
AAPL,2023-07-19,193.1,198.23,192.65,195.1,80507300
AAPL,2023-07-20,195.09,196.47,192.5,193.13,59581200
AAPL,2023-07-21,194.1,194.97,191.23,191.94,71951700
AAPL,2023-07-24,193.41,194.91,192.25,192.75,45377800
AAPL,2023-07-25,193.33,194.44,192.92,193.62,37283200
AAPL,2023-07-26,193.67,195.64,193.32,194.5,47471900
AAPL,2023-07-27,196.02,197.2,192.55,193.22,47460200
AAPL,2023-07-28,194.67,196.63,194.14,195.83,48291400
AAPL,2023-07-31,196.06,196.49,195.26,196.45,38824100
AAPL,2023-08-01,196.24,196.73,195.28,195.61,35175100
AAPL,2023-08-02,195.04,195.18,191.85,192.58,50389300
AAPL,2023-08-03,191.57,192.37,190.69,191.17,61235200
AAPL,2023-08-04,185.52,187.38,181.92,181.99,115956800
AAPL,2023-08-07,182.13,183.13,177.35,178.85,97576100
AAPL,2023-08-08,179.69,180.27,177.58,179.8,67823000
AAPL,2023-08-09,180.87,180.93,177.01,178.19,60378500
AAPL,2023-08-10,179.48,180.75,177.6,177.97,54686900
AAPL,2023-08-11,177.32,178.62,176.55,177.79,52036700
AAPL,2023-08-14,177.97,179.69,177.31,179.46,43675600
AAPL,2023-08-15,178.88,179.48,177.05,177.45,43622600
AAPL,2023-08-16,177.13,178.54,176.5,176.57,46964900
AAPL,2023-08-17,177.14,177.51,173.48,174.0,66062900
AAPL,2023-08-18,172.3,175.1,171.96,174.49,61172200
AAPL,2023-08-21,175.07,176.13,173.74,175.84,46311900
AAPL,2023-08-22,177.06,177.68,176.25,177.23,42038900
AAPL,2023-08-23,178.52,181.55,178.33,181.12,52722800
AAPL,2023-08-24,180.67,181.1,176.01,176.38,54945800
AAPL,2023-08-25,177.38,179.15,175.82,178.61,51449600
AAPL,2023-08-28,180.09,180.59,178.55,180.19,43820700
AAPL,2023-08-29,179.7,184.9,179.5,184.12,53003900
AAPL,2023-08-30,184.94,187.85,184.74,187.65,60813900
AAPL,2023-08-31,187.84,189.12,187.48,187.87,60794500
AAPL,2023-09-01,189.49,189.92,188.28,189.46,45766500
AAPL,2023-09-05,188.28,189.98,187.61,189.7,45280000
AAPL,2023-09-06,188.4,188.85,181.47,182.91,81755800
AAPL,2023-09-07,175.18,178.21,173.54,177.56,112488800
AAPL,2023-09-08,178.35,180.24,177.79,178.18,65551300
AAPL,2023-09-11,180.07,180.3,177.34,179.36,58953100
AAPL,2023-09-12,179.49,180.13,174.82,176.3,90370200
AAPL,2023-09-13,176.51,177.3,173.98,174.21,84267900
AAPL,2023-09-14,174.0,176.1,173.58,175.74,60895800
AAPL,2023-09-15,176.48,176.5,173.82,175.01,109259500
AAPL,2023-09-18,176.48,179.38,176.17,177.97,67257600
AAPL,2023-09-19,177.52,179.63,177.13,179.07,51826900
AAPL,2023-09-20,179.26,179.7,175.4,175.49,58436200
AAPL,2023-09-21,174.55,176.3,173.86,173.93,63149100
AAPL,2023-09-22,174.67,177.08,174.05,174.79,56725400
AAPL,2023-09-25,174.2,176.97,174.15,176.08,46172700
AAPL,2023-09-26,174.82,175.2,171.66,171.96,64588900
AAPL,2023-09-27,172.62,173.04,169.05,170.43,66921800
AAPL,2023-09-28,169.34,172.03,167.62,170.69,56294400
AAPL,2023-09-29,172.02,173.07,170.34,171.21,51861100
AAPL,2023-10-02,171.22,174.3,170.93,173.75,52164500
AAPL,2023-10-03,172.26,173.63,170.82,172.4,49594600
AAPL,2023-10-04,171.09,174.21,170.97,173.66,53020300
AAPL,2023-10-05,173.79,175.45,172.68,174.91,48527900
AAPL,2023-10-06,173.8,177.99,173.18,177.49,57266700
AAPL,2023-10-09,176.81,179.05,175.8,178.99,42390800
AAPL,2023-10-10,178.1,179.72,177.95,178.39,43698000
AAPL,2023-10-11,178.2,179.85,177.6,179.8,47551100
AAPL,2023-10-12,180.07,182.34,179.04,180.71,56743100
AAPL,2023-10-13,181.42,181.93,178.14,178.85,51427100
AAPL,2023-10-16,176.75,179.08,176.51,178.72,52517000
AAPL,2023-10-17,176.65,178.42,174.8,177.15,57549400
AAPL,2023-10-18,175.58,177.58,175.11,175.84,54764400
AAPL,2023-10-19,176.04,177.84,175.19,175.46,59302900
AAPL,2023-10-20,175.31,175.42,172.64,172.88,64244000
AAPL,2023-10-23,170.91,174.01,169.93,173.0,55980100
AAPL,2023-10-24,173.05,173.67,171.45,173.44,43816600
AAPL,2023-10-25,171.88,173.06,170.65,171.1,57157000
AAPL,2023-10-26,170.37,171.38,165.67,166.89,70625300
AAPL,2023-10-27,166.91,168.96,166.83,168.22,58499100
AAPL,2023-10-30,169.02,171.17,168.87,170.29,51131000
AAPL,2023-10-31,169.35,170.9,167.9,170.77,44846000
AAPL,2023-11-01,171.0,174.23,170.12,173.97,56934900
AAPL,2023-11-02,175.52,177.78,175.46,177.57,77334800
AAPL,2023-11-03,174.24,176.82,173.35,176.65,79829200
AAPL,2023-11-06,176.38,179.43,176.21,179.23,63841300
AAPL,2023-11-07,179.18,182.44,178.97,181.82,70530000
AAPL,2023-11-08,182.35,183.45,181.59,182.89,49340300
AAPL,2023-11-09,182.96,184.12,181.81,182.41,53763500
AAPL,2023-11-10,183.97,186.57,183.53,186.4,66133400
AAPL,2023-11-13,185.82,186.03,184.21,184.8,43627500
AAPL,2023-11-14,187.7,188.11,186.3,187.44,60108400
AAPL,2023-11-15,187.85,189.5,187.78,188.01,53790500
AAPL,2023-11-16,189.57,190.96,188.65,189.71,54412900
AAPL,2023-11-17,190.25,190.38,188.57,189.69,50922700
AAPL,2023-11-20,189.89,191.91,189.88,191.45,46505100
AAPL,2023-11-21,191.41,191.52,189.74,190.64,38134500
AAPL,2023-11-22,191.49,192.93,190.83,191.31,39617700
AAPL,2023-11-24,190.87,190.9,189.25,189.97,24048300
AAPL,2023-11-27,189.92,190.67,188.9,189.79,40552600
AAPL,2023-11-28,189.78,191.08,189.4,190.4,38415400
AAPL,2023-11-29,190.9,192.09,188.97,189.37,43014200
AAPL,2023-11-30,189.84,190.32,188.19,189.95,48794400
AAPL,2023-12-01,190.33,191.56,189.23,191.24,45704800
AAPL,2023-12-04,189.98,190.05,187.45,189.43,43389500
AAPL,2023-12-05,190.21,194.4,190.18,193.42,66628400
AAPL,2023-12-06,194.45,194.76,192.11,192.32,41089700
AAPL,2023-12-07,193.63,195.0,193.59,194.27,47477700
AAPL,2023-12-08,194.2,195.99,193.67,195.71,53406400
AAPL,2023-12-11,193.11,193.49,191.42,193.18,60943700
AAPL,2023-12-12,193.08,194.72,191.72,194.71,52696900
AAPL,2023-12-13,195.09,198.0,194.85,197.96,70404200
AAPL,2023-12-14,198.02,199.62,196.16,198.11,66831600
AAPL,2023-12-15,197.53,198.4,197.0,197.57,128538400
AAPL,2023-12-18,196.09,196.63,194.39,195.89,55751900
AAPL,2023-12-19,196.16,196.95,195.89,196.94,40714100
AAPL,2023-12-20,196.9,197.68,194.83,194.83,52242800
AAPL,2023-12-21,196.1,197.08,193.5,194.68,46482500
AAPL,2023-12-22,195.18,195.41,192.97,193.6,37149600
AAPL,2023-12-26,193.61,193.89,192.83,193.05,28919300
AAPL,2023-12-27,192.49,193.5,191.09,193.15,48087700
AAPL,2023-12-28,194.14,194.66,193.17,193.58,34049900
AAPL,2023-12-29,193.9,194.4,191.73,192.53,42672100
AAPL,2024-01-02,187.15,188.44,183.89,185.64,82488700
AAPL,2024-01-03,184.22,185.88,183.43,184.25,58414500
AAPL,2024-01-04,182.15,183.09,180.88,181.91,71983600
AAPL,2024-01-05,181.99,182.76,180.17,181.18,62379700
AAPL,2024-01-08,182.09,185.6,181.5,185.56,59144500
AAPL,2024-01-09,183.92,185.15,182.73,185.14,42841800
AAPL,2024-01-10,184.35,186.4,183.92,186.19,46792900
AAPL,2024-01-11,186.54,187.05,183.62,185.59,49128400
AAPL,2024-01-12,186.06,186.74,185.19,185.92,40477800
AAPL,2024-01-16,182.16,184.26,180.93,183.63,65603000
AAPL,2024-01-17,181.27,182.93,180.3,182.68,47317400
AAPL,2024-01-18,186.09,189.14,185.83,188.63,78005800
AAPL,2024-01-19,189.33,191.95,188.82,191.56,68903000
AAPL,2024-01-22,192.3,195.33,192.26,193.89,60133900
AAPL,2024-01-23,195.02,195.75,193.83,195.18,42355600
AAPL,2024-01-24,195.42,196.38,194.34,194.5,53631300
AAPL,2024-01-25,195.22,196.27,193.11,194.17,54822100
AAPL,2024-01-26,194.27,194.76,191.94,192.42,44594000
AAPL,2024-01-29,192.01,192.2,189.58,191.73,47145600
AAPL,2024-01-30,190.94,191.8,187.47,188.04,55859400
AAPL,2024-01-31,187.04,187.1,184.35,184.4,55467800
AAPL,2024-02-01,183.99,186.95,183.82,186.86,64885400
AAPL,2024-02-02,179.86,187.33,179.25,185.85,102551700
AAPL,2024-02-05,188.15,189.25,185.84,187.68,69668800
AAPL,2024-02-06,186.86,189.31,186.77,189.3,43490800
AAPL,2024-02-07,190.64,191.05,188.61,189.41,53439000
AAPL,2024-02-08,189.39,189.54,187.35,188.32,40962000
AAPL,2024-02-09,188.65,189.99,188.0,188.85,45155200
AAPL,2024-02-12,188.42,188.67,186.79,187.15,41781900
AAPL,2024-02-13,185.77,186.21,183.51,185.04,56529500
AAPL,2024-02-14,185.32,185.53,182.44,184.15,54630500
AAPL,2024-02-15,183.55,184.49,181.35,183.86,65434500
AAPL,2024-02-16,183.42,184.85,181.67,182.31,49752500
AAPL,2024-02-20,181.79,182.43,180.0,181.56,53665600
AAPL,2024-02-21,181.94,182.89,180.66,182.32,41371400
AAPL,2024-02-22,183.48,184.96,182.46,184.37,52292200
AAPL,2024-02-23,185.01,185.04,182.23,182.52,45119700
AAPL,2024-02-26,182.24,182.76,180.65,181.16,40867400
AAPL,2024-02-27,181.1,183.92,179.56,182.63,54318900
AAPL,2024-02-28,182.51,183.12,180.13,181.42,48953900
AAPL,2024-02-29,181.27,182.57,179.53,180.75,136682600
AAPL,2024-03-01,179.55,180.53,177.38,179.66,73563100
AAPL,2024-03-04,176.15,176.9,173.79,175.1,81510100
AAPL,2024-03-05,170.76,172.04,169.62,170.12,95132400
AAPL,2024-03-06,171.06,171.24,168.68,169.12,68587700
AAPL,2024-03-07,169.15,170.73,168.49,169.0,71765100
AAPL,2024-03-08,169.0,173.7,168.94,170.73,76267000
AAPL,2024-03-11,172.94,174.38,172.05,172.75,60139500
AAPL,2024-03-12,173.15,174.03,171.01,173.23,59825400
AAPL,2024-03-13,172.77,173.19,170.76,171.13,52488700
AAPL,2024-03-14,172.91,174.31,172.05,173.0,72913500
AAPL,2024-03-15,171.17,172.62,170.29,172.62,121752700
AAPL,2024-03-18,175.57,177.71,173.52,173.72,75604200
AAPL,2024-03-19,174.34,176.61,173.03,176.08,55215200
AAPL,2024-03-20,175.72,178.67,175.09,178.67,53423100
AAPL,2024-03-21,177.05,177.49,170.84,171.37,106181300
AAPL,2024-03-22,171.76,173.05,170.06,172.28,71160100
AAPL,2024-03-25,170.57,171.94,169.45,170.85,54288300
AAPL,2024-03-26,170.0,171.42,169.58,169.71,57388400
AAPL,2024-03-27,170.41,173.6,170.11,173.31,60273300
AAPL,2024-03-28,171.75,172.23,170.51,171.48,65672700
AAPL,2024-04-01,171.19,171.25,169.48,170.03,46240500
AAPL,2024-04-02,169.08,169.34,168.23,168.84,49329500
AAPL,2024-04-03,168.79,170.68,168.58,169.65,47691700
AAPL,2024-04-04,170.29,171.92,168.82,168.82,53704400
AAPL,2024-04-05,169.59,170.39,168.95,169.58,42104800
AAPL,2024-04-08,169.03,169.2,168.24,168.45,37425500
AAPL,2024-04-09,168.7,170.08,168.35,169.67,42373800
AAPL,2024-04-10,168.8,169.09,167.11,167.78,49709300
AAPL,2024-04-11,168.34,175.46,168.16,175.04,91070300
AAPL,2024-04-12,174.26,178.36,174.21,176.55,101670900
AAPL,2024-04-15,175.36,176.63,172.5,172.69,73531800
AAPL,2024-04-16,171.75,173.76,168.27,169.38,73711200
AAPL,2024-04-17,169.61,170.65,168.0,168.0,50901200
AAPL,2024-04-18,168.03,168.64,166.55,167.04,43122900
AAPL,2024-04-19,166.21,166.4,164.08,165.0,68149400
AAPL,2024-04-22,165.52,167.26,164.77,165.84,48116400
AAPL,2024-04-23,165.35,167.05,164.92,166.9,49537800
AAPL,2024-04-24,166.54,169.3,166.21,169.02,48251800
AAPL,2024-04-25,169.53,170.61,168.15,169.89,50558300
AAPL,2024-04-26,169.88,171.34,169.18,169.3,44838400
AAPL,2024-04-29,173.37,176.03,173.1,173.5,68169400
AAPL,2024-04-30,173.33,174.99,170.0,170.33,65934800
AAPL,2024-05-01,169.58,172.71,169.11,169.3,50383100
AAPL,2024-05-02,172.51,173.42,170.89,173.03,94214900
AAPL,2024-05-03,186.65,187.0,182.66,183.38,163224100
AAPL,2024-05-06,182.35,184.2,180.42,181.71,78569700
AAPL,2024-05-07,183.45,184.9,181.32,182.4,77305800
AAPL,2024-05-08,182.85,183.07,181.45,182.74,45057100
AAPL,2024-05-09,182.56,184.66,182.11,184.57,48983000
AAPL,2024-05-10,184.9,185.09,182.13,183.05,50759500
AAPL,2024-05-13,185.44,187.1,184.62,186.28,72044800
AAPL,2024-05-14,187.51,188.3,186.29,187.43,52393600
AAPL,2024-05-15,187.91,190.65,187.37,189.72,70400000
AAPL,2024-05-16,190.47,191.1,189.66,189.84,52845200
AAPL,2024-05-17,189.51,190.81,189.18,189.87,41282900
AAPL,2024-05-20,189.33,191.92,189.01,191.04,44361300
AAPL,2024-05-21,191.09,192.73,190.92,192.35,42309400
AAPL,2024-05-22,192.27,192.82,190.27,190.9,34648500
AAPL,2024-05-23,190.98,191.0,186.63,186.88,51005900
AAPL,2024-05-24,188.82,190.58,188.04,189.98,36327000
AAPL,2024-05-28,191.51,193.0,189.1,189.99,52280100
AAPL,2024-05-29,189.61,192.25,189.51,190.29,53068000
AAPL,2024-05-30,190.76,192.18,190.63,191.29,49889100
AAPL,2024-05-31,191.44,192.57,189.91,192.25,75158300
AAPL,2024-06-03,192.9,194.99,192.52,194.03,50080500
AAPL,2024-06-04,194.64,195.32,193.03,194.35,47471400
AAPL,2024-06-05,195.4,196.9,194.87,195.87,54156800
AAPL,2024-06-06,195.69,196.5,194.17,194.48,41181800
AAPL,2024-06-07,194.65,196.94,194.14,196.89,53103900
AAPL,2024-06-10,196.9,197.3,192.15,193.12,97010200
AAPL,2024-06-11,193.65,207.16,193.63,207.15,172373300
AAPL,2024-06-12,207.37,220.2,206.9,213.07,198134300
AAPL,2024-06-13,214.74,216.75,211.6,214.24,97862700
AAPL,2024-06-14,213.85,215.17,211.3,212.49,70122700
AAPL,2024-06-17,213.37,218.95,212.72,216.67,93728300
AAPL,2024-06-18,217.59,218.63,213.0,214.29,79943300
AAPL,2024-06-20,213.93,214.24,208.85,209.68,86172500
AAPL,2024-06-21,210.39,211.89,207.11,207.49,241805100
AAPL,2024-06-24,207.72,212.7,206.59,208.14,80727000
AAPL,2024-06-25,209.15,211.38,208.61,209.07,55549700
AAPL,2024-06-26,211.5,214.86,210.64,213.25,66213200
AAPL,2024-06-27,214.69,215.74,212.35,214.1,49772700
AAPL,2024-06-28,215.77,216.07,210.3,210.62,82542700
AAPL,2024-07-01,212.09,217.51,211.92,216.75,60402900
AAPL,2024-07-02,216.15,220.38,215.1,220.27,58046200
AAPL,2024-07-03,220.0,221.55,219.03,221.55,37369800
AAPL,2024-07-05,221.65,226.45,221.65,226.34,60412400
AAPL,2024-07-08,227.09,227.85,223.25,227.82,59085900
AAPL,2024-07-09,227.93,229.4,226.37,228.68,48076100
AAPL,2024-07-10,229.3,233.08,229.25,232.98,62627700
AAPL,2024-07-11,231.39,232.39,225.77,227.57,64710600
AAPL,2024-07-12,228.92,232.64,228.68,230.54,53046500
AAPL,2024-07-15,236.48,237.23,233.09,234.4,62631300
AAPL,2024-07-16,235.0,236.27,232.33,234.82,43234300
AAPL,2024-07-17,229.45,231.46,226.64,228.88,57345900
AAPL,2024-07-18,230.28,230.44,222.27,224.18,66034600
AAPL,2024-07-19,224.82,226.8,223.28,224.31,49151500
AAPL,2024-07-22,227.01,227.78,223.09,223.96,48201800
AAPL,2024-07-23,224.37,226.94,222.68,225.01,39960300
AAPL,2024-07-24,224.0,224.8,217.13,218.54,61777600
AAPL,2024-07-25,218.93,220.85,214.62,217.49,51391200
AAPL,2024-07-26,218.7,219.49,216.01,217.96,41601300
AAPL,2024-07-29,216.96,219.3,215.75,218.24,36311800
AAPL,2024-07-30,219.19,220.33,216.12,218.8,41643800
AAPL,2024-07-31,221.44,223.82,220.63,222.08,50036300
AAPL,2024-08-01,224.37,224.48,217.02,218.36,62501000
AAPL,2024-08-02,219.15,225.6,217.71,219.86,105568600
AAPL,2024-08-05,199.09,213.5,196.0,209.27,119548600
AAPL,2024-08-06,205.3,209.99,201.07,207.23,69660500
AAPL,2024-08-07,206.9,213.64,206.39,209.82,63516400
AAPL,2024-08-08,213.11,214.2,208.83,213.31,47161100
AAPL,2024-08-09,212.1,216.78,211.97,216.24,42201600
AAPL,2024-08-12,216.07,219.51,215.6,217.53,38028100
AAPL,2024-08-13,219.01,221.89,219.01,221.27,44155300
AAPL,2024-08-14,220.57,223.03,219.7,221.72,41960600
AAPL,2024-08-15,224.6,225.35,222.76,224.72,46414000
AAPL,2024-08-16,223.92,226.83,223.65,226.05,44340200
AAPL,2024-08-19,225.72,225.99,223.04,225.89,40687800
AAPL,2024-08-20,225.77,227.17,225.45,226.51,30299000
AAPL,2024-08-21,226.52,227.98,225.05,226.4,34765500
AAPL,2024-08-22,227.79,228.34,223.9,224.53,43695300
AAPL,2024-08-23,225.66,228.22,224.33,226.84,38677300
AAPL,2024-08-26,226.76,227.28,223.89,227.18,30602200
AAPL,2024-08-27,226.0,228.85,224.89,228.03,35934600
AAPL,2024-08-28,227.92,229.86,225.68,226.49,38052200
AAPL,2024-08-29,230.1,232.92,228.88,229.79,51906300
AAPL,2024-08-30,230.19,230.4,227.48,229.0,52990800
AAPL,2024-09-03,228.55,229.0,221.17,222.77,50190600
AAPL,2024-09-04,221.66,221.78,217.48,220.85,43840200
AAPL,2024-09-05,221.63,225.48,221.52,222.38,36615400
AAPL,2024-09-06,223.95,225.24,219.77,220.82,48423000
AAPL,2024-09-09,220.82,221.27,216.71,220.91,67180000
AAPL,2024-09-10,218.92,221.48,216.73,220.11,51591000
AAPL,2024-09-11,221.46,223.09,217.89,222.66,44587100
AAPL,2024-09-12,222.5,223.55,219.82,222.77,37455600
AAPL,2024-09-13,223.58,224.04,221.91,222.5,36766600
AAPL,2024-09-16,216.54,217.22,213.92,216.32,59357400
AAPL,2024-09-17,215.75,216.9,214.5,216.79,45519300
AAPL,2024-09-18,217.55,222.71,217.54,220.69,59894900
AAPL,2024-09-19,224.99,229.82,224.63,228.87,66781300
AAPL,2024-09-20,229.97,233.09,227.62,228.2,318679900
AAPL,2024-09-23,227.34,229.45,225.81,226.47,54146000
AAPL,2024-09-24,228.65,229.35,225.73,227.37,43556100
AAPL,2024-09-25,224.93,227.29,224.02,226.37,42308700
AAPL,2024-09-26,227.3,228.5,225.41,227.52,36636700
AAPL,2024-09-27,228.46,229.52,227.3,227.79,34026000
AAPL,2024-09-30,230.04,233.0,229.65,233.0,54541900
AAPL,2024-10-01,229.52,229.65,223.74,226.21,63285000
AAPL,2024-10-02,225.89,227.37,223.02,226.78,32880600
AAPL,2024-10-03,225.14,226.81,223.32,225.67,34044200
AAPL,2024-10-04,227.9,228.0,224.13,226.8,37245100
AAPL,2024-10-07,224.5,225.69,221.33,221.69,39505400
AAPL,2024-10-08,224.3,225.98,223.25,225.77,31855700
AAPL,2024-10-09,225.23,229.75,224.83,229.54,33591100
AAPL,2024-10-10,227.78,229.5,227.17,229.04,28183500
AAPL,2024-10-11,229.3,229.41,227.34,227.55,31759200
AAPL,2024-10-14,228.7,231.73,228.6,231.3,39882100
AAPL,2024-10-15,233.61,237.49,232.37,233.85,64751400
AAPL,2024-10-16,231.6,232.12,229.84,231.78,34082200
AAPL,2024-10-17,233.43,233.85,230.52,232.15,32993800
AAPL,2024-10-18,236.18,236.18,234.01,235.0,46431500
AAPL,2024-10-21,234.45,236.85,234.45,236.48,36254500
AAPL,2024-10-22,233.89,236.22,232.6,235.86,38846600
AAPL,2024-10-23,234.08,235.14,227.76,230.76,52287000
AAPL,2024-10-24,229.98,230.82,228.41,230.57,31109500
AAPL,2024-10-25,229.74,233.22,229.57,231.41,38802300
AAPL,2024-10-28,233.32,234.73,232.55,233.4,36087100
AAPL,2024-10-29,233.1,234.33,232.32,233.67,35417200
AAPL,2024-10-30,232.61,233.47,229.55,230.1,47070900
AAPL,2024-10-31,229.34,229.83,225.37,225.91,64370100
AAPL,2024-11-01,220.97,225.35,220.27,222.91,65276700
AAPL,2024-11-04,220.99,222.79,219.71,222.01,44944500
AAPL,2024-11-05,221.8,223.95,221.14,223.45,28111300
AAPL,2024-11-06,222.61,226.07,221.19,222.72,54561100
AAPL,2024-11-07,224.63,227.88,224.57,227.48,42137700
AAPL,2024-11-08,227.17,228.66,226.41,226.96,38328800
AAPL,2024-11-11,225.0,225.7,221.5,224.23,42005600
AAPL,2024-11-12,224.55,225.59,223.36,224.23,40398300
AAPL,2024-11-13,224.01,226.65,222.76,225.12,48566200
AAPL,2024-11-14,225.02,228.87,225.0,228.22,44923900
AAPL,2024-11-15,226.4,226.92,224.27,225.0,47923700
AAPL,2024-11-18,225.25,229.74,225.17,228.02,44633700
AAPL,2024-11-19,226.98,230.16,226.66,228.28,36211800
AAPL,2024-11-20,228.06,229.93,225.89,229.0,35169600
AAPL,2024-11-21,228.88,230.16,225.71,228.52,42108300
AAPL,2024-11-22,228.06,230.72,228.06,229.87,38168300
AAPL,2024-11-25,231.46,233.25,229.74,232.87,90152800
AAPL,2024-11-26,233.33,235.57,233.33,235.06,45986200
AAPL,2024-11-27,234.47,235.69,233.81,234.93,33498400
AAPL,2024-11-29,234.81,237.81,233.97,237.33,28481400
AAPL,2024-12-02,237.27,240.79,237.16,239.59,48137100
AAPL,2024-12-03,239.81,242.76,238.9,242.65,38861000
AAPL,2024-12-04,242.87,244.11,241.25,243.01,44383900
AAPL,2024-12-05,243.99,244.54,242.13,243.04,40033900
AAPL,2024-12-06,242.91,244.63,242.08,242.84,36870600
AAPL,2024-12-09,241.83,247.24,241.75,246.75,44649200
AAPL,2024-12-10,246.89,248.21,245.34,247.77,36914800
AAPL,2024-12-11,247.96,250.8,246.26,246.49,45205800
AAPL,2024-12-12,246.89,248.74,245.68,247.96,32777500
AAPL,2024-12-13,247.82,249.29,246.24,248.13,33155300
AAPL,2024-12-16,247.99,251.38,247.65,251.04,51694800
AAPL,2024-12-17,250.08,253.83,249.78,253.48,51356400
AAPL,2024-12-18,252.16,254.28,247.74,248.05,56774100
AAPL,2024-12-19,247.5,252.0,247.09,249.79,60882300
AAPL,2024-12-20,248.04,255.0,245.69,254.49,147495300
AAPL,2024-12-23,254.77,255.65,253.45,255.27,40858800
AAPL,2024-12-24,255.49,258.21,255.29,258.2,23234700
AAPL,2024-12-26,258.19,260.1,257.63,259.02,27237100
AAPL,2024-12-27,257.83,258.7,253.06,255.59,42355300
AAPL,2024-12-30,252.23,253.5,250.75,252.2,35557500
AAPL,2024-12-31,252.44,253.28,249.43,250.42,39480700
AAPL,2025-01-02,248.93,249.1,241.82,243.85,55740700
AAPL,2025-01-03,243.36,244.18,241.89,243.36,40244100
AAPL,2025-01-06,244.31,247.33,243.2,245.0,45045600
AAPL,2025-01-07,242.98,245.55,241.35,242.21,40856000
AAPL,2025-01-08,241.92,243.71,240.05,242.7,37628900
AAPL,2025-01-10,240.01,240.16,233.0,236.85,61710900
AAPL,2025-01-13,233.53,234.67,229.72,234.4,49630700
AAPL,2025-01-14,234.75,236.12,232.47,233.28,39435300
AAPL,2025-01-15,234.64,238.96,234.43,237.87,39832000
AAPL,2025-01-16,237.35,238.01,228.03,228.26,71759100
AAPL,2025-01-17,232.12,232.29,228.48,229.98,68488300
AAPL,2025-01-21,224.0,224.42,219.38,222.64,98070400
AAPL,2025-01-22,219.79,224.12,219.79,223.83,64126500
AAPL,2025-01-23,224.74,227.03,222.3,223.66,60234800
AAPL,2025-01-24,224.78,225.63,221.41,222.78,54697900
AAPL,2025-01-27,224.02,232.15,223.98,229.86,94863400
AAPL,2025-01-28,230.85,240.19,230.81,238.26,75707600
AAPL,2025-01-29,234.12,239.86,234.01,239.36,45486100
AAPL,2025-01-30,238.67,240.79,237.21,237.59,55658300
AAPL,2025-01-31,247.19,247.19,233.44,236.0,100959800
AAPL,2025-02-03,229.99,231.83,225.7,228.01,73063300
AAPL,2025-02-04,227.25,233.13,226.65,232.8,45067300
AAPL,2025-02-05,228.53,232.67,228.27,232.47,39620300
AAPL,2025-02-06,231.29,233.8,230.43,233.22,29925300
AAPL,2025-02-07,232.6,234.0,227.26,227.63,39707200
AAPL,2025-02-10,229.57,230.59,227.2,227.65,33115600
AAPL,2025-02-11,228.2,235.23,228.13,232.62,53718400
AAPL,2025-02-12,231.2,236.96,230.68,236.87,45243300
AAPL,2025-02-13,236.91,242.34,235.57,241.53,53614100
AAPL,2025-02-14,241.25,245.55,240.99,244.6,40896200
AAPL,2025-02-18,244.15,245.18,241.84,244.47,48822500
AAPL,2025-02-19,244.66,246.01,243.16,244.87,32204200
AAPL,2025-02-20,244.94,246.78,244.29,245.83,32316900
AAPL,2025-02-21,245.95,248.69,245.22,245.55,53197400
AAPL,2025-02-24,244.93,248.86,244.42,247.1,51326400
AAPL,2025-02-25,248.0,250.0,244.91,247.04,48013300
AAPL,2025-02-26,244.33,244.98,239.13,240.36,44433600
AAPL,2025-02-27,239.41,242.46,237.06,237.3,41153600
AAPL,2025-02-28,236.95,242.09,230.2,241.84,56833400
AAPL,2025-03-03,241.79,244.03,236.11,238.03,47184000
AAPL,2025-03-04,237.71,240.07,234.68,235.93,53798100
AAPL,2025-03-05,235.42,236.55,229.23,235.74,47227600
AAPL,2025-03-06,234.44,237.86,233.16,235.33,45170400
AAPL,2025-03-07,235.11,241.37,234.76,239.07,46273600
AAPL,2025-03-10,235.54,236.16,224.22,227.48,72071200
AAPL,2025-03-11,223.81,225.84,217.45,220.84,76137400
AAPL,2025-03-12,220.14,221.75,214.91,216.98,62547500
AAPL,2025-03-13,215.95,216.84,208.42,209.68,61368300
AAPL,2025-03-14,211.25,213.95,209.58,213.49,60107600
AAPL,2025-03-17,213.31,215.22,209.97,214.0,48073400
AAPL,2025-03-18,214.16,215.15,211.49,212.69,42432400
AAPL,2025-03-19,214.22,218.76,213.75,215.24,54385400
AAPL,2025-03-20,213.99,217.49,212.22,214.1,48862900
AAPL,2025-03-21,211.56,218.84,211.28,218.27,94127800
AAPL,2025-03-24,221.0,221.48,218.58,220.73,44299500
AAPL,2025-03-25,220.77,224.1,220.08,223.75,34493600
AAPL,2025-03-26,223.51,225.02,220.47,221.53,34466100
AAPL,2025-03-27,221.39,224.99,220.56,223.85,37094800
AAPL,2025-03-28,221.67,223.81,217.68,217.9,39818600
AAPL,2025-03-31,217.01,225.62,216.23,222.13,65299300
AAPL,2025-04-01,219.81,223.68,218.9,223.19,36412700
AAPL,2025-04-02,221.32,225.19,221.02,223.89,35905900
AAPL,2025-04-03,205.54,207.49,201.25,203.19,103419000
AAPL,2025-04-04,193.89,199.88,187.34,188.38,125910900
AAPL,2025-04-07,177.2,194.15,174.62,181.46,160466300
AAPL,2025-04-08,186.7,190.34,169.21,172.42,120859500
AAPL,2025-04-09,171.95,200.61,171.89,198.85,184395900
AAPL,2025-04-10,189.07,194.78,183.0,190.42,121880000
AAPL,2025-04-11,186.1,199.54,186.06,198.15,87435900
AAPL,2025-04-14,211.44,212.94,201.16,202.52,101352900
AAPL,2025-04-15,201.86,203.51,199.8,202.14,51343900
AAPL,2025-04-16,198.36,200.7,192.37,194.27,59732400
AAPL,2025-04-17,197.2,198.83,194.42,196.98,52164700
AAPL,2025-04-21,193.27,193.8,189.81,193.16,46742500
AAPL,2025-04-22,196.12,201.59,195.97,199.74,52976400
AAPL,2025-04-23,206.0,208.0,202.8,204.6,52929200
AAPL,2025-04-24,204.89,208.83,202.94,208.37,47311000
AAPL,2025-04-25,206.37,209.75,206.2,209.28,38222300
AAPL,2025-04-28,210.0,211.5,207.46,210.14,38743100
AAPL,2025-04-29,208.69,212.24,208.37,211.21,36827600
AAPL,2025-04-30,209.3,213.58,206.67,212.5,52286500
AAPL,2025-05-01,209.08,214.56,208.9,213.32,57365700
AAPL,2025-05-02,206.09,206.99,202.16,205.35,101010600
AAPL,2025-05-05,203.1,204.1,198.21,198.89,69018500
AAPL,2025-05-06,198.21,200.65,197.02,198.51,51216500
AAPL,2025-05-07,199.17,199.44,193.25,196.25,68536700
AAPL,2025-05-08,197.72,200.05,194.68,197.49,50478900
AAPL,2025-05-09,199.0,200.54,197.54,198.53,36453900
AAPL,2025-05-12,210.97,211.27,206.75,210.79,63775800
AAPL,2025-05-13,210.43,213.4,209.0,212.93,51909300
AAPL,2025-05-14,212.43,213.94,210.58,212.33,49325800
AAPL,2025-05-15,210.95,212.96,209.54,211.45,45029500
AAPL,2025-05-16,212.36,212.57,209.77,211.26,54737900
AAPL,2025-05-19,207.91,209.48,204.26,208.78,46140500
AAPL,2025-05-20,207.67,208.47,205.03,206.86,42496600
AAPL,2025-05-21,205.17,207.04,200.71,202.09,59211800
AAPL,2025-05-22,200.71,202.75,199.7,201.36,46742400
AAPL,2025-05-23,193.67,197.7,193.46,195.27,78432900
AAPL,2025-05-27,198.3,200.74,197.43,200.21,56288500
AAPL,2025-05-28,200.59,202.73,199.9,200.42,45339700
AAPL,2025-05-29,203.58,203.81,198.51,199.95,51396800
AAPL,2025-05-30,199.37,201.96,196.78,200.85,70819900
AAPL,2025-06-02,200.28,202.13,200.12,201.7,35423300
AAPL,2025-06-03,201.35,203.77,200.96,203.27,46381600
AAPL,2025-06-04,202.91,206.24,202.1,202.82,43604000
AAPL,2025-06-05,203.5,204.75,200.15,200.63,55126100
AAPL,2025-06-06,203.0,205.7,202.05,203.92,46607700
AAPL,2025-06-09,204.39,206.0,200.02,201.45,72862600
AAPL,2025-06-10,200.6,204.35,200.57,202.67,54672600
AAPL,2025-06-11,203.5,204.5,198.41,198.78,60989900
AAPL,2025-06-12,199.08,199.68,197.36,199.2,43904600
AAPL,2025-06-13,199.73,200.37,195.7,196.45,51447300
AAPL,2025-06-16,197.3,198.69,196.56,198.42,43020700
AAPL,2025-06-17,197.2,198.39,195.21,195.64,38856200
AAPL,2025-06-18,195.94,197.57,195.07,196.58,45394700
AAPL,2025-06-20,198.24,201.7,196.86,201.0,96813500
AAPL,2025-06-23,201.63,202.3,198.96,201.5,55814300
AAPL,2025-06-24,202.59,203.44,200.2,200.3,54064000
AAPL,2025-06-25,201.45,203.67,200.62,201.56,39525700
AAPL,2025-06-26,201.43,202.64,199.46,201.0,50799100
AAPL,2025-06-27,201.89,203.22,200.0,201.08,73188600
AAPL,2025-06-30,202.01,207.39,199.26,205.17,91912800
AAPL,2025-07-01,206.67,210.19,206.14,207.82,78788900
AAPL,2025-07-02,208.91,213.34,208.14,212.44,67941800
AAPL,2025-07-03,212.15,214.65,211.81,213.55,34955800
AAPL,2025-07-07,212.68,216.23,208.8,209.95,50229000
AAPL,2025-07-08,210.1,211.43,208.45,210.01,42848900
AAPL,2025-07-09,209.53,211.33,207.22,211.14,48749400
AAPL,2025-07-10,210.51,213.48,210.03,212.41,44443600
AAPL,2025-07-11,210.57,212.13,209.86,211.16,39765800
AAPL,2025-07-14,209.93,210.91,207.54,208.62,38840100
AAPL,2025-07-15,209.22,211.89,208.92,209.11,42296300
AAPL,2025-07-16,210.3,212.4,208.64,210.16,47490500
AAPL,2025-07-17,210.57,211.8,209.59,210.02,48068100
AAPL,2025-07-18,210.87,211.79,209.7,211.18,48974600
AAPL,2025-07-21,212.1,215.78,211.63,212.48,51377400
AAPL,2025-07-22,213.14,214.95,212.23,214.4,46404100
AAPL,2025-07-23,215.0,215.15,212.41,214.15,46989300
AAPL,2025-07-24,213.9,215.69,213.53,213.76,46022600
AAPL,2025-07-25,214.7,215.24,213.4,213.88,40268800
AAPL,2025-07-28,214.03,214.85,213.06,214.05,37858000
AAPL,2025-07-29,214.18,214.81,210.82,211.27,51411700
AAPL,2025-07-30,211.9,212.39,207.72,209.05,45512500
AAPL,2025-07-31,208.49,209.84,207.16,207.57,80698400
AAPL,2025-08-01,210.87,213.58,201.5,202.38,104434500
AAPL,2025-08-04,204.51,207.88,201.68,203.35,75109300
AAPL,2025-08-05,203.4,205.34,202.16,202.92,44155100
AAPL,2025-08-06,205.63,215.38,205.59,213.25,108483100
AAPL,2025-08-07,218.88,220.85,216.58,220.03,90224800
AAPL,2025-08-08,220.83,231.0,219.25,229.35,113854000
AAPL,2025-08-11,227.92,229.56,224.76,227.18,61806100
AAPL,2025-08-12,228.01,230.8,227.07,229.65,55626200
AAPL,2025-08-13,231.07,235.0,230.43,233.33,69878500
AAPL,2025-08-14,234.06,235.12,230.85,232.78,51916300
AAPL,2025-08-15,234.0,234.28,229.34,231.59,56038700
AAPL,2025-08-18,231.7,233.12,230.11,230.89,37476200
AAPL,2025-08-19,231.28,232.87,229.35,230.56,39402600
AAPL,2025-08-20,229.98,230.47,225.77,226.01,42263900
AAPL,2025-08-21,226.27,226.52,223.78,224.9,30621200
AAPL,2025-08-22,226.17,229.09,225.41,227.76,42477800
AAPL,2025-08-25,226.48,229.3,226.23,227.16,30983100
AAPL,2025-08-26,226.87,229.49,224.69,229.31,54575100
AAPL,2025-08-27,228.61,230.9,228.26,230.49,31259500
AAPL,2025-08-28,230.82,233.41,229.34,232.56,38074700
AAPL,2025-08-29,232.51,233.38,231.37,232.14,39418400
AAPL,2025-09-02,229.25,230.85,226.97,229.72,44075600
AAPL,2025-09-03,237.21,238.85,234.36,238.47,66427800
AAPL,2025-09-04,238.45,239.9,236.74,239.78,47549400
AAPL,2025-09-05,240.0,241.32,238.49,239.69,54870400
AAPL,2025-09-08,239.3,240.15,236.34,237.88,48999500
AAPL,2025-09-09,237.0,238.78,233.36,234.35,66313900
AAPL,2025-09-10,232.19,232.42,225.95,226.79,83440800
AAPL,2025-09-11,226.88,230.45,226.65,230.03,50208600
AAPL,2025-09-12,229.22,234.51,229.02,234.07,55824200
AAPL,2025-09-15,237.0,238.19,235.03,236.7,42699500
AAPL,2025-09-16,237.18,241.22,236.32,238.15,63421100
AAPL,2025-09-17,238.97,240.1,237.73,238.99,46508000
AAPL,2025-09-18,239.97,241.2,236.65,237.88,44249600
AAPL,2025-09-19,241.23,246.3,240.21,245.5,163741300
AAPL,2025-09-22,248.3,256.64,248.12,256.08,105517400
AAPL,2025-09-23,255.88,257.34,253.58,254.43,60275200
AAPL,2025-09-24,255.22,255.74,251.04,252.31,42303700
AAPL,2025-09-25,253.21,257.17,251.71,256.87,55202100
AAPL,2025-09-26,254.1,257.6,253.78,255.46,46076300
AAPL,2025-09-29,254.56,255.0,253.01,254.43,40127700
AAPL,2025-09-30,254.86,255.92,253.11,254.63,37704300
AAPL,2025-10-01,255.04,258.79,254.93,255.45,48713900
AAPL,2025-10-02,256.58,258.18,254.15,257.13,42630200
AAPL,2025-10-03,254.67,259.24,253.95,258.02,49155600
AAPL,2025-10-06,257.99,259.07,255.05,256.69,44664100
AAPL,2025-10-07,256.81,257.4,255.43,256.48,31955800
AAPL,2025-10-08,256.52,258.52,256.11,258.06,36496900
AAPL,2025-10-09,257.81,258.0,253.14,254.04,38322000
AAPL,2025-10-10,254.94,256.38,244.0,245.27,61999100
AAPL,2025-10-13,249.38,249.69,245.56,247.66,38142900
AAPL,2025-10-14,246.6,248.85,244.7,247.77,35478000
AAPL,2025-10-15,249.49,251.82,247.47,249.34,33893600
AAPL,2025-10-16,248.25,249.04,245.13,247.45,39777000
AAPL,2025-10-17,248.02,253.38,247.27,252.29,49147000
AAPL,2025-10-20,255.89,264.38,255.63,262.24,90483000
AAPL,2025-10-21,261.88,265.29,261.83,262.77,46695900
AAPL,2025-10-22,262.65,262.85,255.43,258.45,45015300
AAPL,2025-10-23,259.94,260.62,258.01,259.58,32754900
AAPL,2025-10-24,261.19,264.13,259.18,262.82,38253700
AAPL,2025-10-27,264.88,269.12,264.65,268.81,44888200
AAPL,2025-10-28,268.99,269.89,268.15,269.0,41534800
AAPL,2025-10-29,269.28,271.41,267.11,269.7,51086700
AAPL,2025-10-30,271.99,274.14,268.48,271.4,69886500
AAPL,2025-10-31,276.99,277.32,269.16,270.37,86167100
AAPL,2025-11-03,270.42,270.85,266.25,269.05,50194600
AAPL,2025-11-04,268.33,271.49,267.62,270.04,49274800
AAPL,2025-11-05,268.61,271.7,266.93,270.14,43683100
AAPL,2025-11-06,267.89,273.4,267.89,269.77,51204000
AAPL,2025-11-07,269.8,272.29,266.77,268.47,48227400
AAPL,2025-11-10,268.96,273.73,267.46,269.43,41312400
AAPL,2025-11-11,269.81,275.91,269.8,275.25,46208300
AAPL,2025-11-12,275.0,275.73,271.7,273.47,48398000
AAPL,2025-11-13,274.11,276.7,272.09,272.95,49602800
AAPL,2025-11-14,271.05,275.96,269.6,272.41,47431300
AAPL,2025-11-17,268.82,270.49,265.73,267.46,45018300
AAPL,2025-11-18,269.99,270.71,265.32,267.44,45677300
AAPL,2025-11-19,265.53,272.21,265.5,268.56,40424500
AAPL,2025-11-20,270.83,275.43,265.92,266.25,45823600
AAPL,2025-11-21,265.95,273.33,265.67,271.49,59030800
AAPL,2025-11-24,270.9,277.0,270.9,275.92,65585800
AAPL,2025-11-25,275.27,280.38,275.25,276.97,46914200
AAPL,2025-11-26,276.96,279.53,276.63,277.55,33431400
AAPL,2025-11-28,277.26,279.0,275.99,278.85,20135600
AAPL,2025-12-01,278.01,283.42,276.14,283.1,46587700
AAPL,2025-12-02,283.0,287.4,282.63,286.19,53669500
AAPL,2025-12-03,286.2,288.62,283.3,284.15,43538700
AAPL,2025-12-04,284.1,284.73,278.59,280.7,43989100
AAPL,2025-12-05,280.54,281.14,278.05,278.78,47265800
AAPL,2025-12-08,278.13,279.67,276.15,277.89,38211800
AAPL,2025-12-09,278.16,280.03,276.92,277.18,32193300
AAPL,2025-12-10,277.75,279.75,276.44,278.78,33038300
AAPL,2025-12-11,279.1,279.59,273.81,278.03,33248000
AAPL,2025-12-12,277.9,279.22,276.82,278.28,39532900
AAPL,2025-12-15,280.15,280.15,272.84,274.11,50409100
AAPL,2025-12-16,272.82,275.5,271.79,274.61,37648600
AAPL,2025-12-17,275.01,276.16,271.64,271.84,50138700
AAPL,2025-12-18,273.61,273.63,266.95,272.19,51630700
AAPL,2025-12-19,272.15,274.6,269.9,273.67,144632000
AAPL,2025-12-22,272.86,273.88,270.51,270.97,36571800
AAPL,2025-12-23,270.84,272.5,269.56,272.36,29642000
AAPL,2025-12-24,272.34,275.43,272.2,273.81,17910600
AAPL,2025-12-26,274.16,275.37,272.86,273.4,21521800
AAPL,2025-12-29,272.69,274.36,272.35,273.76,23715200
AAPL,2025-12-30,272.81,274.08,272.28,273.08,22139600
AAPL,2025-12-31,273.06,273.68,271.75,271.86,27293600
AAPL,2026-01-02,272.26,277.84,269.0,271.01,37838100
AAPL,2026-01-05,270.64,271.51,266.14,267.26,45647200
AAPL,2026-01-06,267.0,267.55,262.12,262.36,52352100
AAPL,2026-01-07,263.2,263.68,259.81,260.33,48309800
AAPL,2026-01-08,257.02,259.29,255.7,259.04,50419300
AAPL,2026-01-09,259.08,260.21,256.22,259.37,39997000
AAPL,2026-01-12,259.16,261.3,256.8,260.25,45263800
AAPL,2026-01-13,258.72,261.81,258.39,261.05,45730800
AAPL,2026-01-14,259.49,261.82,256.71,259.96,40019400
AAPL,2026-01-15,260.65,261.04,257.05,258.21,39388600
AAPL,2026-01-16,257.9,258.9,254.93,255.53,72142800
AAPL,2026-01-20,252.73,254.79,243.42,246.7,80267500
AAPL,2026-01-21,248.7,251.56,245.18,247.65,54641700
AAPL,2026-01-22,249.2,251.0,248.15,248.35,39708300
AAPL,2026-01-23,247.32,249.41,244.68,248.04,41689000
AAPL,2026-01-26,251.48,256.56,249.8,255.41,55969200
AAPL,2026-01-27,259.17,261.95,258.21,258.27,49648300
AAPL,2026-01-28,257.65,258.86,254.51,256.44,41288000
AAPL,2026-01-29,258.0,259.65,254.41,258.28,67253000
AAPL,2026-01-30,255.17,261.9,252.18,259.48,92443400
AAPL,2026-02-02,260.03,270.49,259.21,270.01,73913400
AAPL,2026-02-03,269.2,271.88,267.61,269.48,64394700
AAPL,2026-02-04,272.29,278.95,272.29,276.49,90545700
AAPL,2026-02-05,278.13,279.5,273.23,275.91,52977400
AAPL,2026-02-06,277.12,280.91,276.93,278.12,50453400
AAPL,2026-02-09,277.91,278.2,271.7,274.62,44623400
AAPL,2026-02-10,274.89,275.37,272.94,273.68,34376900
AAPL,2026-02-11,274.7,280.18,274.45,275.5,51931300
AAPL,2026-02-12,275.59,275.72,260.18,261.73,81077200
AAPL,2026-02-13,262.01,262.23,255.45,255.78,56290700
AAPL,2026-02-17,258.05,266.29,255.54,263.88,58469100
AAPL,2026-02-18,263.6,266.82,262.45,264.35,34203300
AAPL,2026-02-19,262.6,264.48,260.05,260.58,30845300
AAPL,2026-02-20,258.97,264.75,258.16,264.58,42070500
AAPL,2026-02-23,263.49,269.43,263.38,266.18,37308200
AAPL,2026-02-24,267.86,274.89,267.71,272.14,47014600
AAPL,2026-02-25,271.78,274.94,271.05,274.23,33714300
AAPL,2026-02-26,274.95,276.11,270.8,272.95,32345100
AAPL,2026-02-27,272.81,272.81,262.89,264.18,72366500
AAPL,2026-03-02,262.41,266.53,260.2,264.72,41827900
AAPL,2026-03-03,263.48,265.56,260.13,263.75,38568900
AAPL,2026-03-04,264.65,266.15,261.42,262.52,39803100
AAPL,2026-03-05,260.79,261.56,257.25,260.29,49658600
AAPL,2026-03-06,258.63,258.77,254.37,257.46,41120000
AAPL,2026-03-09,255.69,261.15,253.68,259.88,38218500
AAPL,2026-03-10,257.65,262.48,256.95,260.83,30590800
AAPL,2026-03-11,261.09,262.13,259.55,260.81,26218900
AAPL,2026-03-12,258.66,258.95,254.18,255.76,40794000
AAPL,2026-03-13,255.48,256.33,249.52,250.12,36930000
AAPL,2026-03-16,252.11,253.89,249.88,252.82,32074200
AAPL,2026-03-17,252.96,255.13,252.18,254.23,32361600
AAPL,2026-03-18,252.63,254.94,249.0,249.94,35757900
AAPL,2026-03-19,249.4,251.83,247.3,248.96,34864100
AAPL,2026-03-20,247.98,249.2,246.0,247.99,88331100
AAPL,2026-03-23,253.97,254.6,250.28,251.49,40546100
AAPL,2026-03-24,250.35,254.83,249.55,251.64,45152300
AAPL,2026-03-25,254.1,255.0,251.6,252.62,28476700
AAPL,2026-03-26,252.12,257.0,250.77,252.89,41796700
AAPL,2026-03-27,253.9,255.49,248.07,248.8,47900000
AAPL,2026-03-30,250.07,250.87,245.51,246.63,39446200
AAPL,2026-03-31,247.91,255.48,247.1,253.79,49598100
AAPL,2026-04-01,254.08,256.18,253.33,255.63,40059400
AAPL,2026-04-02,254.2,256.13,250.65,255.92,31289400
AAPL,2026-04-06,256.51,262.16,256.46,258.86,29329900
AAPL,2026-04-07,256.16,256.2,245.7,253.5,62148000
AAPL,2026-04-08,258.45,259.75,256.53,258.9,41032800
AAPL,2026-04-09,259.0,261.12,256.07,260.49,28121600
AAPL,2026-04-10,259.98,262.19,259.02,260.48,31291500
AAPL,2026-04-13,259.73,260.18,256.66,259.2,36234700
AAPL,2026-04-14,259.25,261.93,257.19,258.83,48370700
AAPL,2026-04-15,258.16,266.56,257.81,266.43,49913500
AAPL,2026-04-16,266.8,267.16,261.27,263.4,43323100
AAPL,2026-04-17,266.96,272.3,266.72,270.23,61436200
AAPL,2026-04-20,270.33,274.28,270.29,273.05,36590200
AAPL,2026-04-21,271.5,272.8,265.4,266.17,50209800
AAPL,2026-04-22,267.82,273.74,266.87,273.17,43249200
AAPL,2026-04-23,275.05,275.77,271.65,273.43,33399600
AAPL,2026-04-24,272.76,273.06,269.65,271.06,38157100
AAPL,2026-04-27,266.09,268.36,265.07,267.61,41466800
AAPL,2026-04-28,272.34,273.23,268.66,270.71,40018900
AAPL,2026-04-29,267.55,271.04,267.04,270.17,30047900
AAPL,2026-04-30,270.5,276.0,268.14,271.35,91848200
AAPL,2026-05-01,278.86,287.22,278.37,280.14,79915400
AAPL,2026-05-04,279.66,280.63,274.86,276.83,46668400
AAPL,2026-05-05,276.93,284.57,276.5,284.18,49311700
AAPL,2026-05-06,281.92,288.03,281.07,287.51,58336100
AAPL,2026-05-07,289.27,292.13,285.78,287.44,45224300
AAPL,2026-05-08,290.01,294.76,290.0,293.32,52692800
AAPL,2026-05-11,291.98,293.88,290.23,292.68,42247300
AAPL,2026-05-12,292.56,295.27,292.56,294.8,45748100
AAPL,2026-05-13,293.5,300.92,293.5,298.87,52684300
AAPL,2026-05-14,299.82,300.45,295.38,298.21,35324900
AAPL,2026-05-15,297.9,303.2,296.52,300.23,54862800
AAPL,2026-05-18,300.24,300.66,294.91,297.84,34483000
AAPL,2026-05-19,296.97,300.51,296.35,298.97,42243600
AAPL,2026-05-20,298.18,302.8,298.08,302.25,38229800
AAPL,2026-05-21,301.06,305.54,300.4,304.99,42965100
AAPL,2026-05-22,306.12,311.4,305.84,308.82,43670200
AAPL,2026-05-26,309.56,311.82,307.67,308.33,48000500
AAPL,2026-05-27,308.33,313.26,308.3,310.85,50430900
AAPL,2026-05-28,310.68,312.8,309.57,312.51,48220400
AAPL,2026-05-29,311.78,315.0,309.53,312.06,70026800
AAPL,2026-06-01,309.63,310.94,305.02,306.31,48849900
AAPL,2026-06-02,307.46,315.45,306.69,315.2,44534700
AAPL,2026-06-03,314.18,316.94,308.85,310.26,50836700
AAPL,2026-06-04,313.23,313.54,309.65,311.23,44869100
AAPL,2026-06-05,312.86,315.17,307.15,307.34,65310500
AAPL,2026-06-08,308.74,317.4,301.17,301.54,77949100
AAPL,2026-06-09,300.28,300.75,287.78,290.55,70108800
AAPL,2026-06-10,290.74,294.75,287.38,291.58,52793300
AAPL,2026-06-11,293.72,297.0,289.59,295.63,42572500
AAPL,2026-06-12,296.03,297.14,289.62,291.13,38742100
AAPL,2026-06-15,294.12,297.78,291.7,296.42,45732600
AAPL,2026-06-16,295.25,300.48,293.97,299.24,39874400
AAPL,2026-06-17,300.85,302.07,294.36,295.95,42745100
AAPL,2026-06-18,298.11,300.57,295.62,298.01,85962200
AAPL,2026-06-22,297.31,302.42,296.76,297.01,44879900
AAPL,2026-06-23,297.54,301.64,294.18,294.3,52010900
AAPL,2026-06-24,295.36,299.7,292.94,293.08,53081900
AAPL,2026-06-25,287.4,288.8,273.75,275.15,107013700
AAPL,2026-06-26,275.0,285.95,274.21,283.78,261775500
AAPL,2026-06-29,286.73,288.37,279.85,281.74,66427000
AAPL,2026-06-30,281.17,289.94,280.7,289.36,65100200
AAPL,2026-07-01,293.44,296.59,289.2,294.38,50164200
AAPL,2026-07-02,294.12,309.42,293.68,308.63,75352800
AAPL,2026-07-06,307.36,314.2,307.0,312.66,53590000
AAPL,2026-07-07,315.29,315.48,310.15,310.66,42490000
AAPL,2026-07-08,311.91,314.82,307.05,313.39,41323500
AAPL,2026-07-09,310.51,316.53,308.16,316.22,48124500
AAPL,2026-07-10,314.72,316.91,312.17,315.32,34132300
AAPL,2026-07-13,317.02,323.45,315.78,317.31,43257800
AAPL,2026-07-14,313.76,316.19,311.91,314.86,36336800
AAPL,2026-07-15,317.62,328.73,317.32,327.5,60957600
AAPL,2026-07-16,328.01,334.68,326.79,333.26,62970600
AAPL,2026-07-17,331.98,334.99,329.0,333.74,63407100
AAPL,2026-07-20,333.51,333.71,323.68,326.59,53468000
AAPL,2026-07-21,323.13,329.6,322.22,327.74,41338900
AAPL,2026-07-22,327.87,329.0,323.34,325.89,38755900
AAPL,2026-07-23,321.73,323.3,319.35,321.66,40840800
AAPL,2026-07-24,321.79,334.37,321.62,333.02,47489400
AAPL,2026-07-27,334.54,339.57,334.02,336.91,49604300
AAPL,2026-07-28,340.03,342.89,335.6,340.08,51859000
AAPL,2026-07-29,339.73,344.57,337.35,338.19,56090800
AAPL,2026-07-30,333.1,334.75,329.59,333.43,74817800
AAPL,2026-07-31,304.81,310.69,300.0,308.91,132489100
AAPL,2026-08-03,309.58,311.8,302.56,303.42,75052000
AAPL,2026-08-04,302.73,310.42,301.32,309.38,68001000
AAPL,2026-08-05,309.36,311.71,305.67,311.0,49438800
AAPL,2026-08-06,314.34,316.29,309.23,312.41,46139900
AAPL,2026-08-07,311.45,314.81,310.74,313.33,34407100
MSFT,2021-08-10,288.8,289.25,285.2,286.44,18616600
MSFT,2021-08-11,287.21,288.66,285.86,286.95,13955900
MSFT,2021-08-12,286.63,289.97,286.34,289.81,14561300
MSFT,2021-08-13,289.48,292.9,289.3,292.85,18249000
MSFT,2021-08-16,293.19,294.82,290.02,294.6,22507600
MSFT,2021-08-17,292.39,293.43,291.08,293.08,20075300
MSFT,2021-08-18,292.04,294.82,290.27,290.73,21813000
MSFT,2021-08-19,288.69,297.47,288.64,296.77,29850500
MSFT,2021-08-20,299.72,305.84,298.06,304.36,40817600
MSFT,2021-08-23,303.25,305.4,301.85,304.65,22830200
MSFT,2021-08-24,305.02,305.65,302.0,302.62,18175800
MSFT,2021-08-25,304.3,304.59,300.42,302.01,20006100
MSFT,2021-08-26,300.99,302.43,298.95,299.09,17666100
MSFT,2021-08-27,298.99,300.87,296.83,299.72,22605700
MSFT,2021-08-30,301.12,304.22,301.06,303.59,16348100
MSFT,2021-08-31,304.42,304.5,301.5,301.88,26285300
MSFT,2021-09-01,302.87,305.19,301.49,301.83,18983800
MSFT,2021-09-02,302.2,303.36,300.18,301.15,16285600
MSFT,2021-09-03,300.99,302.6,300.26,301.14,14747900
MSFT,2021-09-07,301.01,301.09,298.2,300.18,17180400
MSFT,2021-09-08,299.78,300.61,297.47,300.21,15046800
MSFT,2021-09-09,300.82,302.14,297.0,297.25,19927000
MSFT,2021-09-10,298.42,299.92,295.38,295.71,19633400
MSFT,2021-09-13,297.55,298.54,294.08,296.99,23652900
MSFT,2021-09-14,299.56,301.39,298.1,299.79,21853400
MSFT,2021-09-15,303.26,305.32,301.82,304.82,28356300
MSFT,2021-09-16,303.76,305.31,300.76,305.22,19550800
MSFT,2021-09-17,304.17,304.5,299.53,299.87,41372500
MSFT,2021-09-20,296.33,298.72,289.52,294.3,38278700
MSFT,2021-09-21,295.69,297.54,294.07,294.8,22364100
MSFT,2021-09-22,296.73,300.22,294.51,298.58,26626300
MSFT,2021-09-23,298.85,300.9,297.53,299.56,18604600
MSFT,2021-09-24,298.23,299.8,296.93,299.35,14999000
MSFT,2021-09-27,296.14,296.47,292.94,294.17,23571700
MSFT,2021-09-28,289.8,290.78,282.75,283.52,43186200
MSFT,2021-09-29,285.1,286.77,283.01,284.0,26353700
MSFT,2021-09-30,285.71,287.83,281.62,281.92,32343600
MSFT,2021-10-01,282.12,289.98,281.29,289.1,30086300
MSFT,2021-10-04,287.4,287.75,280.25,283.11,31350700
MSFT,2021-10-05,284.05,290.4,284.05,288.76,24993000
MSFT,2021-10-06,285.78,293.63,285.51,293.11,28002600
MSFT,2021-10-07,295.18,296.64,293.92,294.85,20430500
MSFT,2021-10-08,296.22,296.64,293.76,294.85,17685700
MSFT,2021-10-11,292.92,297.97,292.75,294.23,19298600
MSFT,2021-10-12,295.34,295.44,292.35,292.88,17974100
MSFT,2021-10-13,294.91,297.28,293.49,296.31,23416300
MSFT,2021-10-14,299.21,303.27,297.83,302.75,27262900
MSFT,2021-10-15,302.34,304.45,300.52,304.21,25384800
MSFT,2021-10-18,303.57,308.21,302.69,307.29,22729300
MSFT,2021-10-19,308.35,309.3,307.22,308.23,17682100
MSFT,2021-10-20,309.21,309.7,306.11,307.41,16537100
MSFT,2021-10-21,307.17,311.02,306.36,310.76,16918100
MSFT,2021-10-22,310.4,311.09,307.8,309.16,17449300
MSFT,2021-10-25,309.36,309.4,306.46,308.13,17554500
MSFT,2021-10-26,311.0,312.4,308.6,310.11,28107300
MSFT,2021-10-27,316.0,326.1,316.0,323.17,52588700
MSFT,2021-10-28,324.33,324.87,321.36,324.35,26297900
MSFT,2021-10-29,324.13,332.0,323.9,331.62,34766000
MSFT,2021-11-01,331.36,331.49,326.37,329.37,27073200
MSFT,2021-11-02,330.31,333.45,330.0,333.13,26487100
MSFT,2021-11-03,333.9,334.9,330.65,334.0,21500100
MSFT,2021-11-04,332.89,336.54,329.51,336.44,23992200
MSFT,2021-11-05,338.51,338.79,334.42,336.06,22570100
MSFT,2021-11-08,337.3,337.65,334.44,336.99,20897000
MSFT,2021-11-09,337.11,338.72,334.53,335.95,21307400
MSFT,2021-11-10,334.57,334.63,329.92,330.8,25500900
MSFT,2021-11-11,331.25,333.77,330.51,332.43,16849800
MSFT,2021-11-12,333.92,337.23,333.79,336.72,23831000
MSFT,2021-11-15,337.54,337.88,334.03,336.07,16723000
MSFT,2021-11-16,335.68,340.67,335.51,339.51,20886800
MSFT,2021-11-17,338.94,342.19,338.0,339.12,19053400
MSFT,2021-11-18,338.18,342.45,337.12,341.27,22463500
MSFT,2021-11-19,342.64,345.1,342.2,343.11,21963400
MSFT,2021-11-22,344.62,349.67,339.55,339.83,31031100
MSFT,2021-11-23,337.05,339.45,333.56,337.68,30427600
MSFT,2021-11-24,336.28,338.16,333.91,337.91,21661300
MSFT,2021-11-26,334.35,337.93,328.12,329.68,24217200
MSFT,2021-11-29,334.94,339.03,334.74,336.63,28563500
MSFT,2021-11-30,335.32,337.78,328.99,330.59,42885600
MSFT,2021-12-01,335.13,339.28,329.39,330.08,33337600
MSFT,2021-12-02,330.3,333.49,327.8,329.49,30766000
MSFT,2021-12-03,331.99,332.7,318.03,323.01,41779300
MSFT,2021-12-06,323.95,327.45,319.23,326.19,30032600
MSFT,2021-12-07,331.64,335.8,330.1,334.92,31021900
MSFT,2021-12-08,335.31,335.5,330.8,334.97,24761000
MSFT,2021-12-09,334.41,336.49,332.12,333.1,22214200
MSFT,2021-12-10,334.98,343.0,334.79,342.54,38095700
MSFT,2021-12-13,340.68,343.79,339.08,339.4,28899400
MSFT,2021-12-14,333.22,334.64,324.11,328.34,44438700
MSFT,2021-12-15,328.61,335.19,324.5,334.65,35381100
MSFT,2021-12-16,335.71,336.76,323.02,324.9,35034800
MSFT,2021-12-17,320.88,324.92,317.25,323.8,47750300
MSFT,2021-12-20,320.05,322.8,317.57,319.91,28326500
MSFT,2021-12-21,323.29,327.73,319.8,327.29,24740600
MSFT,2021-12-22,328.3,333.61,325.75,333.2,24831500
MSFT,2021-12-23,332.75,336.39,332.73,334.69,19617800
MSFT,2021-12-27,335.46,342.48,335.43,342.45,19947000
MSFT,2021-12-28,343.15,343.81,340.32,341.25,15661500
MSFT,2021-12-29,341.3,344.3,339.68,341.95,15042000
MSFT,2021-12-30,341.91,343.13,338.82,339.32,15994500
MSFT,2021-12-31,338.51,339.36,335.85,336.32,18000800
MSFT,2022-01-03,335.35,338.0,329.78,334.75,28865100
MSFT,2022-01-04,334.83,335.2,326.12,329.01,32674300
MSFT,2022-01-05,325.86,326.07,315.98,316.38,40054300
MSFT,2022-01-06,313.15,318.7,311.49,313.88,39646100
MSFT,2022-01-07,314.15,316.5,310.09,314.04,32720000
MSFT,2022-01-10,309.49,314.72,304.69,314.27,44289500
MSFT,2022-01-11,313.38,316.61,309.89,314.98,29386800
MSFT,2022-01-12,319.67,323.41,317.08,318.27,34372200
MSFT,2022-01-13,320.47,320.88,304.0,304.8,45366000
MSFT,2022-01-14,304.25,310.82,303.75,310.2,39846400
MSFT,2022-01-18,304.07,309.8,301.74,302.65,42333200
MSFT,2022-01-19,306.29,313.91,302.7,303.33,45933900
MSFT,2022-01-20,309.07,311.65,301.14,301.6,35380700
MSFT,2022-01-21,302.69,304.11,295.61,296.03,57984400
MSFT,2022-01-24,292.2,297.11,276.05,296.37,85731500
MSFT,2022-01-25,291.52,294.99,285.17,288.49,72848600
MSFT,2022-01-26,307.99,308.5,293.03,296.71,90428900
MSFT,2022-01-27,302.66,307.3,297.93,299.84,53481300
MSFT,2022-01-28,300.23,308.48,294.45,308.26,49743700
MSFT,2022-01-31,308.95,312.38,306.37,310.98,46444500
MSFT,2022-02-01,310.41,310.63,305.13,308.76,40950400
MSFT,2022-02-02,309.63,315.12,308.88,313.46,36636000
MSFT,2022-02-03,309.49,311.23,299.96,301.25,43730000
MSFT,2022-02-04,300.21,308.8,299.97,305.94,35096500
MSFT,2022-02-07,306.17,307.84,299.9,300.95,28533300
MSFT,2022-02-08,301.25,305.56,299.95,304.56,32421200
MSFT,2022-02-09,309.87,311.93,307.39,311.21,31284700
MSFT,2022-02-10,304.04,309.12,300.7,302.38,45386200
MSFT,2022-02-11,303.19,304.29,294.22,295.04,39175600
MSFT,2022-02-14,293.77,296.76,291.35,295.0,36359500
MSFT,2022-02-15,300.01,300.8,297.02,300.47,27058300
MSFT,2022-02-16,298.37,300.87,293.68,299.5,29982100
MSFT,2022-02-17,296.36,296.8,290.0,290.73,32461600
MSFT,2022-02-18,293.05,293.86,286.31,287.93,34264000
MSFT,2022-02-22,285.0,291.54,284.5,287.72,41736100
MSFT,2022-02-23,290.18,291.7,280.1,280.27,37811200
MSFT,2022-02-24,272.51,295.16,271.52,294.59,56989700
MSFT,2022-02-25,295.14,297.63,291.65,297.31,32546700
MSFT,2022-02-28,294.31,299.14,293.0,298.79,34627500
MSFT,2022-03-01,296.4,299.97,292.15,294.95,31217800
MSFT,2022-03-02,295.36,301.47,293.7,300.19,31873000
MSFT,2022-03-03,302.89,303.13,294.05,295.92,27314500
MSFT,2022-03-04,294.29,295.66,287.17,289.86,32356500
MSFT,2022-03-07,288.53,289.69,278.53,278.91,43157200
MSFT,2022-03-08,277.8,283.96,270.0,275.85,48159500
MSFT,2022-03-09,283.44,289.6,280.78,288.5,35204500
MSFT,2022-03-10,283.02,286.6,280.58,285.59,30628000
MSFT,2022-03-11,287.96,289.51,279.43,280.07,27209300
MSFT,2022-03-14,280.34,285.4,275.82,276.44,30660700
MSFT,2022-03-15,280.35,287.82,278.73,287.15,34245100
MSFT,2022-03-16,289.11,294.57,283.2,294.39,37826300
MSFT,2022-03-17,293.29,295.61,289.37,295.22,30816600
MSFT,2022-03-18,295.37,301.0,292.73,300.43,43390600
MSFT,2022-03-21,298.89,300.14,294.9,299.16,28351200
MSFT,2022-03-22,299.8,305.0,298.77,304.06,27599700
MSFT,2022-03-23,300.51,303.23,297.72,299.49,25715400
MSFT,2022-03-24,299.14,304.2,298.32,304.1,24484500
MSFT,2022-03-25,305.23,305.5,299.29,303.68,22566500
MSFT,2022-03-28,304.33,310.8,304.33,310.7,29578200
MSFT,2022-03-29,313.91,315.82,309.05,315.41,30393400
MSFT,2022-03-30,313.76,315.95,311.58,313.86,28163600
MSFT,2022-03-31,313.9,315.14,307.89,308.31,33422100
MSFT,2022-04-01,309.37,310.13,305.54,309.42,27110500
MSFT,2022-04-04,310.09,315.11,309.71,314.97,24289600
MSFT,2022-04-05,313.27,314.87,309.87,310.88,23156700
MSFT,2022-04-06,305.19,307.0,296.71,299.5,40110400
MSFT,2022-04-07,296.66,303.65,296.35,301.37,31411200
MSFT,2022-04-08,300.44,301.12,296.28,296.97,24361900
MSFT,2022-04-11,291.79,292.61,285.0,285.26,34569300
MSFT,2022-04-12,289.24,290.74,280.49,282.06,30966700
MSFT,2022-04-13,282.73,288.58,281.3,287.62,21907200
MSFT,2022-04-14,288.09,288.31,279.32,279.83,28221600
MSFT,2022-04-18,278.91,282.46,278.34,280.52,20778000
MSFT,2022-04-19,279.38,286.17,278.41,285.3,22297700
MSFT,2022-04-20,289.4,289.7,285.37,286.36,22906700
MSFT,2022-04-21,288.58,293.3,280.06,280.81,29454600
MSFT,2022-04-22,281.68,283.2,273.38,274.03,29405800
MSFT,2022-04-25,273.29,281.11,270.77,280.72,35678900
MSFT,2022-04-26,277.5,278.36,270.0,270.22,46518400
MSFT,2022-04-27,282.1,290.97,279.16,283.22,63477700
MSFT,2022-04-28,285.19,290.98,281.46,289.63,33646600
MSFT,2022-04-29,288.61,289.88,276.5,277.52,37073900
MSFT,2022-05-02,277.71,284.94,276.22,284.47,35151100
MSFT,2022-05-03,283.96,284.13,280.15,281.78,25978600
MSFT,2022-05-04,282.59,290.88,276.73,289.98,33599300
MSFT,2022-05-05,285.54,286.35,274.34,277.35,43260400
MSFT,2022-05-06,274.81,279.25,271.27,274.73,37780300
MSFT,2022-05-09,270.06,272.36,263.32,264.58,47726000
MSFT,2022-05-10,271.69,273.75,265.07,269.5,39336400
MSFT,2022-05-11,265.68,271.36,259.3,260.55,48975900
MSFT,2022-05-12,257.69,259.88,250.02,255.35,51033800
MSFT,2022-05-13,257.35,263.04,255.35,261.12,34925100
MSFT,2022-05-16,259.96,265.82,255.78,261.5,32550900
MSFT,2022-05-17,266.11,268.33,262.46,266.82,28828800
MSFT,2022-05-18,263.0,263.6,252.77,254.08,31356000
MSFT,2022-05-19,253.9,257.67,251.88,253.14,32692300
MSFT,2022-05-20,257.24,258.54,246.44,252.56,39199300
MSFT,2022-05-23,255.49,261.5,253.43,260.65,33175400
MSFT,2022-05-24,257.89,261.33,253.5,259.62,29043900
MSFT,2022-05-25,258.14,264.58,257.13,262.52,28547900
MSFT,2022-05-26,262.27,267.11,261.43,265.9,25002100
MSFT,2022-05-27,268.48,273.34,267.56,273.24,26910800
MSFT,2022-05-31,272.53,274.77,268.93,271.87,37827700
MSFT,2022-06-01,275.2,277.69,270.04,272.42,25292200
MSFT,2022-06-02,264.45,274.65,261.6,274.58,44008200
MSFT,2022-06-03,270.31,273.45,268.41,270.02,28059000
MSFT,2022-06-06,272.06,274.18,267.22,268.75,22400300
MSFT,2022-06-07,266.64,273.13,265.94,272.5,22860700
MSFT,2022-06-08,271.71,273.0,269.61,270.41,17372300
MSFT,2022-06-09,267.78,272.71,264.63,264.79,26439700
MSFT,2022-06-10,260.58,260.58,252.53,252.99,31422800
MSFT,2022-06-13,245.11,249.02,241.53,242.26,46135800
MSFT,2022-06-14,243.86,245.74,241.51,244.49,28651500
MSFT,2022-06-15,248.31,255.3,246.42,251.76,33111700
MSFT,2022-06-16,245.98,247.42,243.02,244.97,33169200
MSFT,2022-06-17,244.7,250.5,244.03,247.65,43084800
MSFT,2022-06-21,250.26,254.75,249.51,253.74,29928300
MSFT,2022-06-22,251.89,257.17,250.37,253.13,25939900
MSFT,2022-06-23,255.57,259.37,253.63,258.86,25861400
MSFT,2022-06-24,261.81,267.98,261.72,267.7,33923200
MSFT,2022-06-27,268.21,268.3,263.28,264.89,24615100
MSFT,2022-06-28,263.98,266.91,256.32,256.48,27295500
MSFT,2022-06-29,257.59,261.97,255.76,260.26,20069800
MSFT,2022-06-30,257.05,259.53,252.9,256.83,31730900
MSFT,2022-07-01,256.39,259.77,254.61,259.58,22837700
MSFT,2022-07-05,256.16,262.98,254.74,262.85,22941000
MSFT,2022-07-06,263.75,267.99,262.4,266.21,23824400
MSFT,2022-07-07,265.12,269.06,265.02,268.4,20859900
MSFT,2022-07-08,264.79,268.1,263.29,267.66,19658800
MSFT,2022-07-11,265.65,266.53,262.18,264.51,19455200
MSFT,2022-07-12,265.88,265.94,252.04,253.67,35868500
MSFT,2022-07-13,250.19,253.55,248.11,252.72,29497400
MSFT,2022-07-14,250.57,255.14,245.94,254.08,25102800
MSFT,2022-07-15,255.72,260.37,254.77,256.72,29774100
MSFT,2022-07-18,259.75,260.84,253.3,254.25,20975000
MSFT,2022-07-19,257.58,259.72,253.68,259.53,25012600
MSFT,2022-07-20,259.9,264.87,258.91,262.27,22788300
MSFT,2022-07-21,259.79,264.89,257.03,264.84,22404700
MSFT,2022-07-22,265.24,265.33,259.07,260.36,21881300
MSFT,2022-07-25,261.0,261.5,256.81,258.83,21056000
MSFT,2022-07-26,259.86,259.88,249.57,251.9,39348000
MSFT,2022-07-27,261.16,270.05,258.85,268.74,45994000
MSFT,2022-07-28,269.75,277.84,267.87,276.41,33459300
MSFT,2022-07-29,277.7,282.0,276.63,280.74,32152800
MSFT,2022-08-01,277.82,281.28,275.84,278.01,21539600
MSFT,2022-08-02,276.0,277.89,272.38,274.82,22754200
MSFT,2022-08-03,276.76,283.5,276.61,282.47,23518900
MSFT,2022-08-04,281.8,283.8,280.17,283.65,18098700
MSFT,2022-08-05,279.15,283.65,278.68,282.91,16774600
MSFT,2022-08-08,284.05,285.92,279.32,280.32,18739200
MSFT,2022-08-09,279.64,283.08,277.61,282.3,23405200
MSFT,2022-08-10,288.17,289.81,286.94,289.16,24687800
MSFT,2022-08-11,290.85,291.21,286.51,287.02,20065900
MSFT,2022-08-12,288.48,291.91,286.94,291.91,22619700
MSFT,2022-08-15,291.0,294.18,290.11,293.47,18085700
MSFT,2022-08-16,291.99,294.04,290.42,292.71,18102900
MSFT,2022-08-17,289.74,293.35,289.47,291.32,18253400
MSFT,2022-08-18,290.19,291.91,289.08,290.17,17186200
MSFT,2022-08-19,288.9,289.25,285.56,286.15,20570000
MSFT,2022-08-22,282.08,282.46,277.22,277.75,25061100
MSFT,2022-08-23,276.44,278.86,275.4,276.44,17527400
MSFT,2022-08-24,275.41,277.23,275.11,275.79,18137000
MSFT,2022-08-25,277.33,279.02,274.52,278.85,16583400
MSFT,2022-08-26,279.08,280.34,267.98,268.09,27549300
MSFT,2022-08-29,265.85,267.4,263.85,265.23,20338500
MSFT,2022-08-30,266.67,267.05,260.66,262.97,22767100
MSFT,2022-08-31,265.39,267.11,261.33,261.47,24791800
MSFT,2022-09-01,258.87,260.89,255.41,260.4,23263400
MSFT,2022-09-02,261.7,264.74,254.47,256.06,22855400
MSFT,2022-09-06,256.2,257.83,251.94,253.25,21328200
MSFT,2022-09-07,254.7,258.83,253.22,258.09,24126700
MSFT,2022-09-08,257.51,260.43,254.79,258.52,20319900
MSFT,2022-09-09,260.5,265.23,260.29,264.46,22084700
MSFT,2022-09-12,265.78,267.45,265.16,266.65,18747700
MSFT,2022-09-13,258.84,260.4,251.59,251.99,33353300
MSFT,2022-09-14,253.53,254.23,249.86,252.22,23913000
MSFT,2022-09-15,249.77,251.4,244.02,245.38,31530900
MSFT,2022-09-16,244.26,245.3,242.06,244.74,39791800
MSFT,2022-09-19,242.47,245.14,240.85,244.52,26826900
MSFT,2022-09-20,242.07,243.51,239.64,242.45,26660300
MSFT,2022-09-21,244.27,247.66,238.9,238.95,28625600
MSFT,2022-09-22,237.87,243.86,237.57,240.98,31061200
MSFT,2022-09-23,239.54,241.13,235.2,237.92,34176000
MSFT,2022-09-26,237.05,241.45,236.9,237.45,27694200
MSFT,2022-09-27,239.98,241.8,234.5,236.41,27018700
MSFT,2022-09-28,236.81,242.33,234.73,241.07,29029700
MSFT,2022-09-29,238.89,239.95,234.41,237.5,27484200
MSFT,2022-09-30,238.29,240.54,232.73,232.9,35694800
MSFT,2022-10-03,235.41,241.61,234.66,240.74,28880400
MSFT,2022-10-04,245.09,250.36,244.98,248.88,34888400
MSFT,2022-10-05,245.99,250.58,244.1,249.2,20347100
MSFT,2022-10-06,247.93,250.34,246.08,246.79,20239900
MSFT,2022-10-07,240.9,241.32,233.17,234.24,37769600
MSFT,2022-10-10,233.05,234.56,226.73,229.25,29743600
MSFT,2022-10-11,227.62,229.06,224.11,225.41,30474000
MSFT,2022-10-12,225.4,227.86,223.96,225.75,21903900
MSFT,2022-10-13,219.85,236.1,219.13,234.24,42551800
MSFT,2022-10-14,235.54,237.24,228.34,228.56,30198600
MSFT,2022-10-17,235.82,238.96,235.14,237.53,28142300
MSFT,2022-10-18,243.24,243.93,235.37,238.5,26329600
MSFT,2022-10-19,237.04,239.61,234.29,236.48,19985700
MSFT,2022-10-20,235.77,241.31,234.87,236.15,21811000
MSFT,2022-10-21,234.74,243.0,234.5,242.12,26299700
MSFT,2022-10-24,243.76,247.84,241.3,247.25,24911200
MSFT,2022-10-25,247.26,251.04,245.83,250.66,34775500
MSFT,2022-10-26,231.17,238.3,230.06,231.32,82543200
MSFT,2022-10-27,231.04,233.69,225.78,226.75,40424600
MSFT,2022-10-28,226.24,236.6,226.05,235.87,40647700
MSFT,2022-10-31,233.76,234.92,231.15,232.13,28357300
MSFT,2022-11-01,234.6,235.74,227.33,228.17,30592300
MSFT,2022-11-02,229.46,231.3,220.04,220.1,38407000
MSFT,2022-11-03,220.09,220.41,213.98,214.25,36633900
MSFT,2022-11-04,217.55,221.59,213.43,221.39,36789100
MSFT,2022-11-07,221.99,228.41,221.28,227.87,33498000
MSFT,2022-11-08,228.7,231.65,225.84,228.87,28192500
MSFT,2022-11-09,227.37,228.63,224.33,224.51,27852900
MSFT,2022-11-10,235.43,243.33,235.0,242.98,46268000
MSFT,2022-11-11,242.99,247.99,241.93,247.11,34620200
MSFT,2022-11-14,241.99,243.91,239.21,241.55,31123300
MSFT,2022-11-15,245.66,247.0,240.03,241.97,31390100
MSFT,2022-11-16,242.79,243.8,240.42,241.73,24093300
MSFT,2022-11-17,237.78,243.25,237.63,241.68,23123500
MSFT,2022-11-18,243.51,243.74,239.03,241.22,27613500
MSFT,2022-11-21,241.43,244.67,241.19,242.05,26394700
MSFT,2022-11-22,243.59,245.31,240.71,245.03,19665700
MSFT,2022-11-23,245.11,248.28,244.27,247.58,19508500
MSFT,2022-11-25,247.31,248.7,246.73,247.49,9200800
MSFT,2022-11-28,246.08,246.65,240.8,241.76,24778200
MSFT,2022-11-29,241.4,242.79,238.21,240.33,17956300
MSFT,2022-11-30,240.57,255.33,239.86,255.14,47594200
MSFT,2022-12-01,253.87,256.12,250.92,254.69,26041500
MSFT,2022-12-02,249.82,256.06,249.69,255.02,21528500
MSFT,2022-12-05,252.01,253.82,248.06,250.2,23435300
MSFT,2022-12-06,250.82,251.86,243.78,245.12,22463700
MSFT,2022-12-07,244.83,246.16,242.21,244.37,20481500
MSFT,2022-12-08,244.84,248.74,243.06,247.4,22611800
MSFT,2022-12-09,244.7,248.31,244.16,245.42,20609700
MSFT,2022-12-12,247.45,252.54,247.17,252.51,30665100
MSFT,2022-12-13,261.69,263.92,253.07,256.92,42196900
MSFT,2022-12-14,257.13,262.59,254.31,257.22,35410900
MSFT,2022-12-15,253.72,254.2,247.34,249.01,35560400
MSFT,2022-12-16,248.55,249.84,243.51,244.69,86102000
MSFT,2022-12-19,244.86,245.21,238.71,240.45,29696400
MSFT,2022-12-20,239.4,242.91,238.42,241.8,25150800
MSFT,2022-12-21,241.69,245.62,240.11,244.43,23690600
MSFT,2022-12-22,241.26,241.99,233.87,238.19,28651700
MSFT,2022-12-23,236.11,238.87,233.94,238.73,21207000
MSFT,2022-12-27,238.7,238.93,235.83,236.96,16688600
MSFT,2022-12-28,236.89,239.72,234.17,234.53,17457100
MSFT,2022-12-29,235.65,241.92,235.65,241.01,19770700
MSFT,2022-12-30,238.21,239.96,236.66,239.82,21938500
MSFT,2023-01-03,243.08,245.75,237.4,239.58,25740000
MSFT,2023-01-04,232.28,232.87,225.96,229.1,50623400
MSFT,2023-01-05,227.2,227.55,221.76,222.31,39585600
MSFT,2023-01-06,223.0,225.76,219.35,224.93,43613600
MSFT,2023-01-09,226.45,231.24,226.41,227.12,27369800
MSFT,2023-01-10,227.76,231.31,227.33,228.85,27033900
MSFT,2023-01-11,231.29,235.95,231.11,235.77,28669300
MSFT,2023-01-12,235.26,239.9,233.56,238.51,27269500
MSFT,2023-01-13,237.0,239.37,234.92,239.23,21333300
MSFT,2023-01-17,237.97,240.91,237.09,240.35,29831300
MSFT,2023-01-18,241.57,242.38,235.52,235.81,30028700
MSFT,2023-01-19,233.78,235.52,230.68,231.93,28623000
MSFT,2023-01-20,234.86,240.74,234.51,240.22,35389800
MSFT,2023-01-23,241.1,245.17,239.65,242.58,31934000
MSFT,2023-01-24,242.5,243.95,240.44,242.04,40234400
MSFT,2023-01-25,234.48,243.3,230.9,240.61,66526600
MSFT,2023-01-26,243.65,248.31,242.0,248.0,33454500
MSFT,2023-01-27,248.99,249.83,246.83,248.16,26498900
MSFT,2023-01-30,244.51,245.6,242.2,242.71,25867400
MSFT,2023-01-31,243.45,247.95,242.95,247.81,26541100
MSFT,2023-02-01,248.0,255.18,245.47,252.75,31259900
MSFT,2023-02-02,258.82,264.69,257.25,264.6,39940400
MSFT,2023-02-03,259.54,264.2,257.1,258.35,29077300
MSFT,2023-02-06,257.44,258.3,254.78,256.77,22518000
MSFT,2023-02-07,260.53,268.77,260.08,267.56,50841400
MSFT,2023-02-08,273.2,276.76,266.21,266.73,54686000
MSFT,2023-02-09,273.8,273.98,262.8,263.62,42375100
MSFT,2023-02-10,261.53,264.09,260.66,263.1,25818500
MSFT,2023-02-13,267.64,274.6,267.15,271.32,44630900
MSFT,2023-02-14,272.67,274.97,269.28,272.17,37047900
MSFT,2023-02-15,268.32,270.73,266.18,269.32,28922400
MSFT,2023-02-16,264.02,266.74,261.9,262.15,29603600
MSFT,2023-02-17,259.39,260.09,256.0,258.06,30000100
MSFT,2023-02-21,254.48,255.49,251.59,252.67,28397400
MSFT,2023-02-22,254.09,254.34,250.34,251.51,22491100
MSFT,2023-02-23,255.56,256.84,250.48,254.77,29219100
MSFT,2023-02-24,249.96,251.0,248.1,249.22,24990900
MSFT,2023-02-27,252.46,252.82,249.39,250.16,21190000
MSFT,2023-02-28,249.07,251.49,248.73,249.42,22491000
MSFT,2023-03-01,250.76,250.93,245.79,246.27,27565300
MSFT,2023-03-02,246.55,251.4,245.61,251.11,24808200
MSFT,2023-03-03,252.19,255.62,251.39,255.29,30760100
MSFT,2023-03-06,256.43,260.12,255.98,256.87,24109800
MSFT,2023-03-07,256.3,257.69,253.39,254.15,21473200
MSFT,2023-03-08,254.04,254.54,250.81,253.7,17340200
MSFT,2023-03-09,255.82,259.56,251.58,252.32,26653400
MSFT,2023-03-10,251.08,252.79,247.6,248.59,28333900
MSFT,2023-03-13,247.4,257.91,245.73,253.92,33339700
MSFT,2023-03-14,256.75,261.07,255.86,260.79,33620300
MSFT,2023-03-15,259.98,266.48,259.21,265.44,46028000
MSFT,2023-03-16,265.21,276.56,263.28,276.2,54768800
MSFT,2023-03-17,278.26,283.33,276.32,279.43,69527400
MSFT,2023-03-20,276.98,277.48,269.85,272.23,43466600
MSFT,2023-03-21,274.88,275.0,269.52,273.78,34558700
MSFT,2023-03-22,273.4,281.04,272.18,272.29,34873300
MSFT,2023-03-23,277.94,281.06,275.2,277.66,36610900
MSFT,2023-03-24,277.24,280.63,275.28,280.57,28172000
MSFT,2023-03-27,280.5,281.46,275.52,276.38,26840200
MSFT,2023-03-28,275.79,276.14,272.05,275.23,21878600
MSFT,2023-03-29,278.96,281.14,278.41,280.51,25087000
MSFT,2023-03-30,284.23,284.46,281.48,284.05,25053400
MSFT,2023-03-31,283.73,289.27,283.0,288.3,32766000
MSFT,2023-04-03,286.52,288.27,283.95,287.23,24883300
MSFT,2023-04-04,287.23,290.45,285.67,287.18,25824300
MSFT,2023-04-05,285.85,287.15,282.92,284.34,22064800
MSFT,2023-04-06,283.21,292.08,282.03,291.6,29770300
MSFT,2023-04-10,289.21,289.6,284.71,289.39,23103000
MSFT,2023-04-11,285.75,285.98,281.64,282.83,27276600
MSFT,2023-04-12,284.79,287.01,281.96,283.49,27403400
MSFT,2023-04-13,283.59,289.9,283.17,289.84,24222700
MSFT,2023-04-14,287.0,288.48,283.69,286.14,20987900
MSFT,2023-04-17,289.93,291.6,286.16,288.8,23836200
MSFT,2023-04-18,291.57,291.76,287.01,288.37,20161800
MSFT,2023-04-19,285.99,289.05,284.54,288.45,17150300
MSFT,2023-04-20,285.25,289.03,285.08,286.11,23244400
MSFT,2023-04-21,285.01,286.27,283.06,285.76,21676400
MSFT,2023-04-24,282.09,284.95,278.72,281.77,26611000
MSFT,2023-04-25,279.51,281.6,275.37,275.42,45772200
MSFT,2023-04-26,296.7,299.57,292.73,295.37,64599200
MSFT,2023-04-27,295.97,305.2,295.25,304.83,46462600
MSFT,2023-04-28,304.01,308.93,303.31,307.26,36469600
MSFT,2023-05-01,306.97,308.6,305.15,305.56,21294100
MSFT,2023-05-02,307.76,309.18,303.91,305.41,26404400
MSFT,2023-05-03,306.62,308.61,304.09,304.4,22360800
MSFT,2023-05-04,306.24,307.76,303.4,305.41,22519900
MSFT,2023-05-05,305.72,311.97,304.27,310.65,28197100
MSFT,2023-05-08,310.13,310.2,306.09,308.65,21318600
MSFT,2023-05-09,308.0,310.04,306.31,307.0,21340800
MSFT,2023-05-10,308.62,313.0,307.67,312.31,30078000
MSFT,2023-05-11,310.1,311.12,306.26,310.11,31680200
MSFT,2023-05-12,310.55,310.65,306.6,308.97,19774700
MSFT,2023-05-15,309.1,309.9,307.59,309.46,16336500
MSFT,2023-05-16,309.83,313.71,309.83,311.74,26730300
MSFT,2023-05-17,312.29,314.43,310.74,314.0,24315000
MSFT,2023-05-18,314.53,319.04,313.72,318.52,27276000
MSFT,2023-05-19,316.74,318.75,316.37,318.34,27546700
MSFT,2023-05-22,318.6,322.59,318.01,321.18,24115700
MSFT,2023-05-23,320.03,322.72,315.25,315.26,30797200
MSFT,2023-05-24,314.73,316.5,312.61,313.85,23384900
MSFT,2023-05-25,323.24,326.9,320.0,325.92,43301700
MSFT,2023-05-26,324.02,333.4,323.88,332.89,36630600
MSFT,2023-05-30,335.23,335.74,330.52,331.21,29503100
MSFT,2023-05-31,332.29,335.94,327.33,328.39,45950600
MSFT,2023-06-01,325.93,333.53,324.72,332.58,26773900
MSFT,2023-06-02,334.25,337.5,332.55,335.4,25873800
MSFT,2023-06-05,335.22,338.56,334.66,335.94,21307100
MSFT,2023-06-06,335.33,335.37,332.17,333.68,20396200
MSFT,2023-06-07,331.65,334.49,322.5,323.38,40717100
MSFT,2023-06-08,323.94,326.64,323.35,325.26,23277700
MSFT,2023-06-09,324.99,329.99,324.41,326.79,22529000
MSFT,2023-06-12,328.58,332.1,325.16,331.85,24260300
MSFT,2023-06-13,334.47,336.98,330.39,334.29,22951300
MSFT,2023-06-14,334.34,339.04,332.81,337.34,26003800
MSFT,2023-06-15,337.48,349.84,337.2,348.1,38899100
MSFT,2023-06-16,351.32,351.47,341.95,342.33,46552000
MSFT,2023-06-20,339.31,342.08,335.86,338.05,26375400
MSFT,2023-06-21,336.37,337.73,332.07,333.56,25117800
MSFT,2023-06-22,334.12,340.12,333.34,339.71,23556800
MSFT,2023-06-23,334.36,337.96,333.45,335.02,23146900
MSFT,2023-06-26,333.72,336.11,328.49,328.6,21520600
MSFT,2023-06-27,331.86,336.15,329.3,334.57,24354100
MSFT,2023-06-28,334.66,337.98,333.81,335.85,20259500
MSFT,2023-06-29,334.71,336.11,332.62,335.05,16997000
MSFT,2023-06-30,337.75,342.73,337.2,340.54,26832800
MSFT,2023-07-03,339.19,340.9,336.57,337.99,12508700
MSFT,2023-07-05,335.09,341.65,334.73,338.15,18172400
MSFT,2023-07-06,337.3,342.99,335.5,341.27,28161200
MSFT,2023-07-07,339.32,341.79,337.0,337.22,21214800
MSFT,2023-07-10,334.6,335.23,327.59,331.83,32791400
MSFT,2023-07-11,331.06,332.86,327.0,332.47,26698200
MSFT,2023-07-12,336.6,341.65,335.67,337.2,29995300
MSFT,2023-07-13,339.56,343.74,339.02,342.66,20567200
MSFT,2023-07-14,347.59,351.43,344.31,345.24,28352700
MSFT,2023-07-17,345.68,346.99,342.2,345.73,20363900
MSFT,2023-07-18,345.83,366.78,342.17,359.49,64738600
MSFT,2023-07-19,361.75,362.46,352.44,355.08,39732900
MSFT,2023-07-20,353.57,357.97,345.37,346.87,33778400
MSFT,2023-07-21,349.15,350.3,339.83,343.77,69405400
MSFT,2023-07-24,345.85,346.92,342.31,345.11,26678100
MSFT,2023-07-25,347.11,351.89,345.07,350.98,41637700
MSFT,2023-07-26,341.44,344.67,333.11,337.77,58383700
MSFT,2023-07-27,340.48,341.33,329.05,330.72,39635300
MSFT,2023-07-28,333.67,340.01,333.17,338.37,28484900
MSFT,2023-07-31,336.92,337.7,333.36,335.92,25446000
MSFT,2023-08-01,335.19,338.54,333.7,336.34,18311900
MSFT,2023-08-02,333.63,333.63,326.36,327.5,27761300
MSFT,2023-08-03,326.0,329.88,325.95,326.66,18253700
MSFT,2023-08-04,331.88,335.14,327.24,327.78,23741500
MSFT,2023-08-07,328.37,331.11,327.52,330.11,17741500
MSFT,2023-08-08,326.96,328.75,323.0,326.05,22327600
MSFT,2023-08-09,326.47,327.11,321.05,322.23,22373300
MSFT,2023-08-10,326.02,328.26,321.18,322.93,20113700
MSFT,2023-08-11,320.26,322.41,319.21,321.01,24355500
MSFT,2023-08-14,321.39,324.06,320.08,324.04,18836100
MSFT,2023-08-15,323.0,325.09,320.9,321.86,16966300
MSFT,2023-08-16,320.8,324.42,319.8,320.4,20698900
MSFT,2023-08-17,320.54,321.87,316.21,316.88,21257200
MSFT,2023-08-18,314.49,318.38,311.55,316.48,24755000
MSFT,2023-08-21,317.93,322.77,317.04,321.88,24040000
MSFT,2023-08-22,325.5,326.08,321.46,322.46,16084600
MSFT,2023-08-23,323.82,329.2,323.46,327.0,21166400
MSFT,2023-08-24,332.85,332.98,319.96,319.97,23281400
MSFT,2023-08-25,321.47,325.36,318.8,322.98,21684100
MSFT,2023-08-28,325.66,326.15,321.72,323.7,14808500
MSFT,2023-08-29,321.88,328.98,321.88,328.41,19284600
MSFT,2023-08-30,328.67,329.81,326.45,328.79,15222100
MSFT,2023-08-31,329.2,330.91,326.78,327.76,26411000
MSFT,2023-09-01,331.31,331.99,326.78,328.66,14942000
MSFT,2023-09-05,329.0,334.85,328.66,333.55,18553900
MSFT,2023-09-06,333.38,334.46,330.18,332.88,17535800
MSFT,2023-09-07,331.29,333.08,329.03,329.91,18381000
MSFT,2023-09-08,330.09,336.16,329.46,334.27,19530100
MSFT,2023-09-11,337.24,338.42,335.43,337.94,16583300
MSFT,2023-09-12,335.82,336.79,331.48,331.77,17565500
MSFT,2023-09-13,331.31,336.85,331.17,336.06,16544400
MSFT,2023-09-14,339.15,340.86,336.57,338.7,20267000
MSFT,2023-09-15,336.92,337.4,329.65,330.22,37679800
MSFT,2023-09-18,327.8,330.4,326.36,329.06,16834200
MSFT,2023-09-19,326.17,329.39,324.51,328.65,16505900
MSFT,2023-09-20,329.51,329.59,320.51,320.77,21436500
MSFT,2023-09-21,319.26,325.35,315.0,319.53,35560400
MSFT,2023-09-22,321.32,321.45,316.15,317.01,21447900
MSFT,2023-09-25,316.59,317.67,315.0,317.54,17836000
MSFT,2023-09-26,315.13,315.88,310.02,312.14,26297600
MSFT,2023-09-27,312.3,314.3,309.69,312.79,19410100
MSFT,2023-09-28,310.99,315.48,309.45,313.64,19683600
MSFT,2023-09-29,317.75,319.47,314.98,315.75,24147300
MSFT,2023-10-02,316.28,321.89,315.18,321.8,20570000
MSFT,2023-10-03,320.83,321.39,311.21,313.39,21033500
MSFT,2023-10-04,314.03,320.04,314.0,318.96,20720100
MSFT,2023-10-05,319.09,319.98,314.9,319.36,16965600
MSFT,2023-10-06,316.55,329.19,316.3,327.26,25673600
MSFT,2023-10-09,324.75,330.3,323.18,329.82,19891200
MSFT,2023-10-10,330.96,331.1,327.67,328.39,20557100
MSFT,2023-10-11,331.21,332.82,329.14,332.42,20063200
MSFT,2023-10-12,330.57,333.63,328.72,331.16,19313100
MSFT,2023-10-13,332.38,333.83,326.36,327.73,21072400
MSFT,2023-10-16,331.05,336.14,330.6,332.64,22158000
MSFT,2023-10-17,329.59,333.46,327.41,332.06,18338500
MSFT,2023-10-18,332.49,335.59,328.3,330.11,23153600
MSFT,2023-10-19,332.15,336.88,330.91,331.32,25052100
MSFT,2023-10-20,331.72,331.92,325.45,326.67,25027700
MSFT,2023-10-23,325.47,332.73,324.39,329.32,24374700
MSFT,2023-10-24,331.3,331.84,327.6,330.53,31153600
MSFT,2023-10-25,345.02,346.2,337.62,340.67,55053800
MSFT,2023-10-26,340.54,341.63,326.94,327.89,37828500
MSFT,2023-10-27,330.43,336.72,328.4,329.81,29856500
MSFT,2023-10-30,333.41,339.45,331.83,337.31,22828100
MSFT,2023-10-31,338.85,339.0,334.69,338.11,20265300
MSFT,2023-11-01,339.79,347.42,339.65,346.07,28158800
MSFT,2023-11-02,347.24,348.83,344.77,348.32,24348100
MSFT,2023-11-03,349.63,354.39,347.33,352.8,23637700
MSFT,2023-11-06,353.45,357.54,353.35,356.53,23828300
MSFT,2023-11-07,359.4,362.46,357.63,360.53,25833900
MSFT,2023-11-08,361.68,363.87,360.55,363.2,26767800
MSFT,2023-11-09,362.3,364.79,360.36,360.69,24847300
MSFT,2023-11-10,361.49,370.1,361.07,369.67,28042100
MSFT,2023-11-13,368.22,368.47,365.9,366.68,19986500
MSFT,2023-11-14,371.01,371.95,367.35,370.27,27683900
MSFT,2023-11-15,371.28,373.13,367.11,369.67,26860100
MSFT,2023-11-16,370.96,376.35,370.18,376.17,27182300
MSFT,2023-11-17,373.61,374.37,367.0,369.85,40157000
MSFT,2023-11-20,371.22,378.87,371.0,377.44,52465100
MSFT,2023-11-21,375.67,376.22,371.12,373.07,28423100
MSFT,2023-11-22,378.0,379.79,374.97,377.85,23345300
MSFT,2023-11-24,377.33,377.97,375.14,377.43,10176600
MSFT,2023-11-27,376.78,380.64,376.2,378.61,22179200
MSFT,2023-11-28,378.35,383.0,378.16,382.7,20453100
MSFT,2023-11-29,383.76,384.3,377.44,378.85,28963400
MSFT,2023-11-30,378.49,380.09,375.47,378.91,30554400
MSFT,2023-12-01,376.76,378.16,371.31,374.51,33040500
MSFT,2023-12-04,369.1,369.52,362.9,369.14,32063300
MSFT,2023-12-05,366.45,373.08,365.62,372.52,23065000
MSFT,2023-12-06,373.54,374.18,368.03,368.8,21182100
MSFT,2023-12-07,368.23,371.45,366.32,370.95,23118900
MSFT,2023-12-08,369.2,374.46,368.23,374.23,20154400
MSFT,2023-12-11,368.48,371.6,366.1,371.3,27708800
MSFT,2023-12-12,370.85,374.42,370.46,374.38,24838300
MSFT,2023-12-13,376.02,377.64,370.77,374.37,30955500
MSFT,2023-12-14,373.31,373.76,364.13,365.93,43277500
MSFT,2023-12-15,366.85,372.4,366.28,370.73,78502300
MSFT,2023-12-18,369.45,373.0,368.68,372.65,21802900
MSFT,2023-12-19,371.49,373.26,369.84,373.26,20603700
MSFT,2023-12-20,375.0,376.03,370.53,370.62,26316700
MSFT,2023-12-21,372.56,374.41,370.04,373.54,17708000
MSFT,2023-12-22,373.68,375.18,372.71,374.58,17107500
MSFT,2023-12-26,375.0,376.94,373.5,374.66,12673100
MSFT,2023-12-27,373.69,375.06,372.81,374.07,14905400
MSFT,2023-12-28,375.37,376.46,374.16,375.28,14327000
MSFT,2023-12-29,376.0,377.16,373.48,376.04,18730800
MSFT,2024-01-02,373.86,375.9,366.77,370.87,25258600
MSFT,2024-01-03,369.01,373.26,368.51,370.6,23083500
MSFT,2024-01-04,370.67,373.1,367.17,367.94,20901500
MSFT,2024-01-05,368.97,372.06,366.5,367.75,21004600
MSFT,2024-01-08,369.3,375.2,369.01,374.69,23134000
MSFT,2024-01-09,372.01,375.99,371.19,375.79,20830000
MSFT,2024-01-10,376.37,384.17,376.32,382.77,25514200
MSFT,2024-01-11,386.0,390.68,380.38,384.63,27850800
MSFT,2024-01-12,385.49,388.68,384.65,388.47,21661200
MSFT,2024-01-16,393.66,394.03,387.62,390.27,27202300
MSFT,2024-01-17,387.98,390.11,384.81,389.47,22234100
MSFT,2024-01-18,391.72,393.99,390.12,393.87,23392100
MSFT,2024-01-19,395.76,398.67,393.5,398.67,29331100
MSFT,2024-01-22,400.02,400.62,393.59,396.51,27016900
MSFT,2024-01-23,395.75,399.38,393.93,398.9,20525900
MSFT,2024-01-24,401.54,405.63,400.45,402.56,24867000
MSFT,2024-01-25,404.32,407.01,402.53,404.87,21021200
MSFT,2024-01-26,404.37,406.17,402.43,403.93,17803300
MSFT,2024-01-29,406.06,409.98,404.33,409.72,24510200
MSFT,2024-01-30,412.26,413.05,406.45,408.59,33477600
MSFT,2024-01-31,406.96,415.32,397.21,397.58,47871100
MSFT,2024-02-01,401.83,408.0,401.8,403.78,30657700
MSFT,2024-02-02,403.81,412.65,403.56,411.22,28256700
MSFT,2024-02-05,409.9,411.16,403.99,405.65,25352300
MSFT,2024-02-06,405.88,407.97,402.91,405.49,18382600
MSFT,2024-02-07,407.44,414.3,407.4,414.05,22340500
MSFT,2024-02-08,414.05,415.56,412.53,414.11,21225300
MSFT,2024-02-09,415.25,420.82,415.09,420.55,22032800
MSFT,2024-02-12,420.56,420.74,414.75,415.26,21202900
MSFT,2024-02-13,404.94,410.07,403.39,406.32,27824900
MSFT,2024-02-14,408.07,409.84,404.57,409.49,20401200
MSFT,2024-02-15,408.14,409.13,404.29,406.56,21825500
MSFT,2024-02-16,407.96,408.29,403.44,404.06,22296500
MSFT,2024-02-20,403.24,404.49,398.01,402.79,24307900
MSFT,2024-02-21,400.17,402.29,397.22,402.18,18518900
MSFT,2024-02-22,410.19,412.83,408.57,411.65,27009900
MSFT,2024-02-23,415.67,415.86,408.97,410.34,16295900
MSFT,2024-02-26,411.46,412.16,407.36,407.54,16193500
MSFT,2024-02-27,407.99,408.32,403.85,407.48,14835800
MSFT,2024-02-28,408.18,409.3,405.32,407.72,13183100
MSFT,2024-02-29,408.64,414.2,405.92,413.64,31947300
MSFT,2024-03-01,411.27,415.87,410.88,415.5,17823400
MSFT,2024-03-04,413.44,417.35,412.32,414.92,17596000
MSFT,2024-03-05,413.96,414.25,400.64,402.65,26919200
MSFT,2024-03-06,402.97,405.16,398.39,402.09,22344100
MSFT,2024-03-07,406.12,409.78,402.24,409.14,18718500
MSFT,2024-03-08,407.96,410.42,404.33,406.22,18002200
MSFT,2024-03-11,403.76,405.68,401.26,404.52,16120800
MSFT,2024-03-12,407.62,415.57,406.79,415.28,22457000
MSFT,2024-03-13,418.1,418.18,411.45,415.1,17115900
MSFT,2024-03-14,420.24,427.82,417.99,425.22,34157300
MSFT,2024-03-15,419.29,422.6,412.79,416.42,45079900
MSFT,2024-03-18,414.25,420.73,413.78,417.32,20106000
MSFT,2024-03-19,417.83,421.67,415.55,421.41,19837900
MSFT,2024-03-20,422.0,425.96,420.66,425.23,17860100
MSFT,2024-03-21,429.83,430.82,427.16,429.37,21296200
MSFT,2024-03-22,429.7,429.86,426.07,428.74,17648500
MSFT,2024-03-25,425.24,427.41,421.61,422.86,18060500
MSFT,2024-03-26,425.61,425.99,421.35,421.65,16725600
MSFT,2024-03-27,424.44,424.45,419.01,421.43,16705000
MSFT,2024-03-28,420.96,421.87,419.12,420.72,21871200
MSFT,2024-04-01,423.95,427.89,422.22,424.57,16316000
MSFT,2024-04-02,420.11,422.38,417.84,421.44,17912000
MSFT,2024-04-03,419.73,423.26,419.09,420.45,16502300
MSFT,2024-04-04,424.99,428.67,417.57,417.88,19370900
MSFT,2024-04-05,420.01,426.51,418.32,425.52,16554800
MSFT,2024-04-08,425.17,427.28,423.3,424.59,14272400
MSFT,2024-04-09,426.44,427.74,421.62,426.28,12496900
MSFT,2024-04-10,422.19,424.03,419.7,423.26,16216600
MSFT,2024-04-11,425.82,429.37,422.36,427.93,17966400
MSFT,2024-04-12,424.05,425.18,419.77,421.9,19253800
MSFT,2024-04-15,426.6,426.82,413.43,413.64,20273500
MSFT,2024-04-16,414.57,418.4,413.73,414.58,16765600
MSFT,2024-04-17,417.25,418.88,410.33,411.84,15855500
MSFT,2024-04-18,410.63,411.89,403.95,404.27,21029900
MSFT,2024-04-19,404.03,405.48,397.77,399.12,30565800
MSFT,2024-04-22,400.08,402.85,395.75,400.96,20286900
MSFT,2024-04-23,404.24,408.2,403.06,407.57,15734500
MSFT,2024-04-24,409.56,412.47,406.78,409.06,15065300
MSFT,2024-04-25,394.03,399.89,388.03,399.04,40586500
MSFT,2024-04-26,412.17,413.0,405.76,406.32,29694700
MSFT,2024-04-29,405.25,406.32,399.19,402.25,19582100
MSFT,2024-04-30,401.49,402.16,389.17,389.33,28781400
MSFT,2024-05-01,392.61,401.72,390.31,394.94,23562500
MSFT,2024-05-02,397.66,399.93,394.65,397.84,17709400
MSFT,2024-05-03,402.28,407.15,401.86,406.66,17446700
MSFT,2024-05-06,408.76,413.93,406.37,413.54,16996600
MSFT,2024-05-07,414.66,414.67,409.09,409.34,20018200
MSFT,2024-05-08,408.17,412.23,406.71,410.54,11792300
MSFT,2024-05-09,410.57,412.72,409.1,412.32,14689700
MSFT,2024-05-10,412.94,415.38,411.8,414.74,13402300
MSFT,2024-05-13,418.01,418.35,410.82,413.72,15440200
MSFT,2024-05-14,412.02,417.49,411.55,416.56,15109300
MSFT,2024-05-15,417.9,423.81,417.27,423.08,22239500
MSFT,2024-05-16,421.8,425.42,420.35,420.99,17530100
MSFT,2024-05-17,422.54,422.92,418.03,420.21,15352200
MSFT,2024-05-20,420.21,426.77,419.99,425.34,16272100
MSFT,2024-05-21,426.83,432.97,424.85,429.04,21453300
MSFT,2024-05-22,430.09,432.41,427.13,430.52,18073700
MSFT,2024-05-23,432.97,433.6,425.42,427.0,17211700
MSFT,2024-05-24,427.19,431.06,424.41,430.16,11855300
MSFT,2024-05-28,429.63,430.82,426.6,430.32,15718000
MSFT,2024-05-29,425.69,430.94,425.69,429.17,15517100
MSFT,2024-05-30,424.3,424.3,414.24,414.67,28394500
MSFT,2024-05-31,416.75,416.75,404.51,415.13,47995300
MSFT,2024-06-03,415.53,416.43,408.92,413.52,17484700
MSFT,2024-06-04,412.43,416.44,409.68,416.07,14348900
MSFT,2024-06-05,417.81,424.08,416.3,424.01,16988000
MSFT,2024-06-06,424.01,425.31,420.58,424.52,14861300
MSFT,2024-06-07,426.2,426.28,423.0,423.85,13621700
MSFT,2024-06-10,424.7,428.08,423.89,427.87,13982900
MSFT,2024-06-11,425.48,432.82,425.25,432.68,14551100
MSFT,2024-06-12,435.32,443.4,433.25,441.06,22366200
MSFT,2024-06-13,440.85,443.39,439.37,441.58,15960600
MSFT,2024-06-14,438.28,443.14,436.72,442.57,13582000
MSFT,2024-06-17,442.59,450.94,440.72,448.37,20790000
MSFT,2024-06-18,449.71,450.14,444.89,446.34,17112500
MSFT,2024-06-20,446.3,446.53,441.27,445.7,19877400
MSFT,2024-06-21,447.38,450.58,446.51,449.78,34187100
MSFT,2024-06-24,449.8,452.75,446.41,447.67,15913700
MSFT,2024-06-25,448.25,451.42,446.75,450.95,16413400
MSFT,2024-06-26,449.0,453.6,448.19,452.16,16507000
MSFT,2024-06-27,452.18,456.17,451.77,452.85,14806300
MSFT,2024-06-28,453.07,455.38,446.41,446.95,28362300
MSFT,2024-07-01,448.66,457.37,445.66,456.73,17662800
MSFT,2024-07-02,453.2,459.59,453.11,459.28,13979800
MSFT,2024-07-03,458.19,461.02,457.88,460.77,9932800
MSFT,2024-07-05,459.61,468.35,458.97,467.56,16000300
MSFT,2024-07-08,466.55,467.7,464.46,466.24,12962300
MSFT,2024-07-09,467.0,467.33,458.0,459.54,17207200
MSFT,2024-07-10,461.22,466.46,458.86,466.25,18196100
MSFT,2024-07-11,462.98,464.78,451.55,454.7,23111200
MSFT,2024-07-12,454.33,456.36,450.65,453.55,16324300
MSFT,2024-07-15,453.3,457.26,451.43,453.96,14429400
MSFT,2024-07-16,454.22,454.3,446.66,449.52,17175700
MSFT,2024-07-17,442.59,444.85,439.18,443.52,21778000
MSFT,2024-07-18,444.34,444.65,434.4,440.37,20794800
MSFT,2024-07-19,433.1,441.14,432.0,437.11,20940400
MSFT,2024-07-22,441.79,444.6,438.91,442.94,15808800
MSFT,2024-07-23,443.9,448.39,443.1,444.85,13107100
MSFT,2024-07-24,440.45,441.48,427.59,428.9,26805800
MSFT,2024-07-25,428.8,429.8,417.51,418.4,29943800
MSFT,2024-07-26,418.2,428.92,417.27,425.27,23583800
MSFT,2024-07-29,431.58,432.15,424.7,426.73,15125800
MSFT,2024-07-30,427.72,429.05,417.36,422.92,32687600
MSFT,2024-07-31,420.5,421.78,412.21,418.35,42891400
MSFT,2024-08-01,420.79,427.46,413.09,417.11,30296400
MSFT,2024-08-02,412.49,415.0,404.34,408.49,29437900
MSFT,2024-08-05,389.17,401.04,385.58,395.15,40709200
MSFT,2024-08-06,400.0,405.67,398.5,399.61,24946500
MSFT,2024-08-07,408.64,410.08,397.47,398.43,20650900
MSFT,2024-08-08,402.44,405.86,399.94,402.69,20203000
MSFT,2024-08-09,404.03,408.05,402.26,406.02,19276700
MSFT,2024-08-12,407.06,408.76,404.24,406.81,16762900
MSFT,2024-08-13,409.59,414.95,409.57,414.01,19414300
MSFT,2024-08-14,414.8,417.72,412.45,416.86,18267000
MSFT,2024-08-15,419.8,421.11,417.66,421.03,20752100
MSFT,2024-08-16,420.6,421.34,417.3,418.47,22775600
MSFT,2024-08-19,418.96,421.75,416.46,421.53,15234000
MSFT,2024-08-20,421.7,425.86,421.64,424.8,16387600
MSFT,2024-08-21,424.08,426.4,421.72,424.14,16067300
MSFT,2024-08-22,424.36,426.79,414.61,415.55,19361900
MSFT,2024-08-23,416.98,419.26,412.09,416.79,18493800
MSFT,2024-08-26,416.37,417.28,411.34,413.49,13152800
MSFT,2024-08-27,412.86,414.36,410.25,413.84,13492900
MSFT,2024-08-28,414.88,415.0,407.31,410.6,14882700
MSFT,2024-08-29,414.94,422.05,410.6,413.12,17045200
MSFT,2024-08-30,415.6,417.49,412.13,417.14,24308300
MSFT,2024-09-03,417.91,419.88,407.03,409.44,20313600
MSFT,2024-09-04,405.91,411.24,404.37,408.9,15135800
MSFT,2024-09-05,407.62,413.1,406.13,408.39,14195500
MSFT,2024-09-06,409.06,410.65,400.8,401.7,19609500
MSFT,2024-09-09,407.24,408.65,402.15,405.72,15295100
MSFT,2024-09-10,408.2,416.33,407.7,414.2,19594300
MSFT,2024-09-11,415.5,423.99,409.58,423.04,19266900
MSFT,2024-09-12,423.31,427.37,419.75,427.0,17395700
MSFT,2024-09-13,425.83,431.83,425.46,430.59,15874600
MSFT,2024-09-16,430.6,433.53,428.22,431.34,13834700
MSFT,2024-09-17,440.23,441.85,432.27,435.15,18874200
MSFT,2024-09-18,435.0,436.03,430.41,430.81,18898000
MSFT,2024-09-19,441.23,441.5,436.9,438.69,21706600
MSFT,2024-09-20,437.22,439.24,434.22,435.27,55167100
MSFT,2024-09-23,434.28,436.46,430.39,433.51,15128900
MSFT,2024-09-24,433.0,433.35,426.1,429.17,17015800
MSFT,2024-09-25,429.83,433.12,428.57,432.11,13396400
MSFT,2024-09-26,435.09,435.3,429.13,431.31,14492000
MSFT,2024-09-27,431.52,431.85,427.47,428.02,14896100
MSFT,2024-09-30,428.21,430.42,425.37,430.3,16807300
MSFT,2024-10-01,428.45,428.48,418.81,420.69,19092900
MSFT,2024-10-02,422.58,422.82,416.71,417.13,16582300
MSFT,2024-10-03,417.63,419.55,414.29,416.54,13686400
MSFT,2024-10-04,418.24,419.75,414.97,416.06,19169700
MSFT,2024-10-07,416.0,417.11,409.0,409.54,20919800
MSFT,2024-10-08,410.9,415.66,408.17,414.71,19229300
MSFT,2024-10-09,415.86,420.38,414.3,417.46,14974300
MSFT,2024-10-10,415.23,417.35,413.15,415.84,13848400
MSFT,2024-10-11,416.14,417.13,413.25,416.32,14144900
MSFT,2024-10-14,417.77,424.04,417.52,419.14,16653100
MSFT,2024-10-15,422.18,422.48,415.26,418.74,18900200
MSFT,2024-10-16,415.17,416.36,410.48,416.12,15508900
MSFT,2024-10-17,422.36,422.5,415.59,416.72,14820000
MSFT,2024-10-18,417.14,419.65,416.26,418.16,17145300
MSFT,2024-10-21,416.12,418.96,413.75,418.78,14206100
MSFT,2024-10-22,418.49,430.58,418.04,427.51,25482200
MSFT,2024-10-23,430.86,431.08,422.53,424.6,19654400
MSFT,2024-10-24,425.33,425.98,422.4,424.73,13581600
MSFT,2024-10-25,426.76,432.52,426.57,428.15,16899100
MSFT,2024-10-28,431.66,431.94,426.3,426.59,14882400
MSFT,2024-10-29,428.0,433.17,425.8,431.95,17644100
MSFT,2024-10-30,437.44,438.5,432.1,432.53,29749100
MSFT,2024-10-31,415.36,416.16,406.3,406.35,53971000
MSFT,2024-11-01,409.01,415.5,407.5,410.37,24230400
MSFT,2024-11-04,409.8,410.42,405.57,408.46,19672300
MSFT,2024-11-05,408.37,414.9,408.08,411.46,17626000
MSFT,2024-11-06,412.42,420.45,410.52,420.18,26681800
MSFT,2024-11-07,421.28,426.85,419.88,425.43,19901800
MSFT,2024-11-08,425.32,426.5,421.78,422.54,16891400
MSFT,2024-11-11,422.52,424.81,416.0,418.01,24503300
MSFT,2024-11-12,418.25,424.44,417.2,423.03,19401200
MSFT,2024-11-13,421.64,429.33,418.21,425.2,21502200
MSFT,2024-11-14,425.0,428.17,420.0,426.89,30246900
MSFT,2024-11-15,419.82,422.8,413.64,415.0,28247600
MSFT,2024-11-18,414.87,418.4,412.1,415.76,24727000
MSFT,2024-11-19,413.11,417.94,411.55,417.79,18133500
MSFT,2024-11-20,416.87,417.29,410.58,415.49,19191700
MSFT,2024-11-21,419.5,419.78,410.29,412.87,20780200
MSFT,2024-11-22,411.37,417.4,411.06,417.0,24814600
MSFT,2024-11-25,418.38,421.08,414.85,418.79,27691100
MSFT,2024-11-26,419.59,429.04,418.85,427.99,23458900
MSFT,2024-11-27,425.11,427.23,422.02,422.99,18332400
MSFT,2024-11-29,420.09,424.88,417.8,423.46,16271900
MSFT,2024-12-02,421.57,433.0,421.31,430.98,20207200
MSFT,2024-12-03,429.84,432.47,427.74,431.2,18302000
MSFT,2024-12-04,433.03,439.67,432.63,437.42,26009400
MSFT,2024-12-05,437.92,444.66,436.17,442.62,21697800
MSFT,2024-12-06,442.3,446.1,441.77,443.57,18821000
MSFT,2024-12-09,442.6,448.33,440.5,446.02,19144400
MSFT,2024-12-10,444.39,449.62,441.6,443.33,18469500
MSFT,2024-12-11,444.05,450.35,444.05,448.99,19200200
MSFT,2024-12-12,449.11,456.16,449.11,449.56,20834800
MSFT,2024-12-13,448.44,451.43,445.58,447.27,20177800
MSFT,2024-12-16,447.27,452.18,445.28,451.59,23598800
MSFT,2024-12-17,451.01,455.29,449.57,454.46,22733500
MSFT,2024-12-18,451.32,452.65,437.02,437.39,24444500
MSFT,2024-12-19,441.62,443.18,436.32,437.03,22963700
MSFT,2024-12-20,433.11,443.74,428.63,436.6,64263700
MSFT,2024-12-23,436.74,437.65,432.83,435.25,19152500
MSFT,2024-12-24,434.65,439.6,434.19,439.33,7164500
MSFT,2024-12-26,439.08,440.94,436.63,438.11,8194200
MSFT,2024-12-27,434.6,435.22,426.35,430.53,18117700
MSFT,2024-12-30,426.06,427.55,421.9,424.83,13158700
MSFT,2024-12-31,426.1,426.73,420.66,421.5,13246500
MSFT,2025-01-02,425.53,426.07,414.85,418.58,16896500
MSFT,2025-01-03,421.08,424.03,419.54,423.35,16662900
MSFT,2025-01-06,428.0,434.32,425.48,427.85,20573600
MSFT,2025-01-07,429.0,430.65,420.8,422.37,18139100
MSFT,2025-01-08,423.46,426.97,421.54,424.56,15054600
MSFT,2025-01-10,424.63,424.71,415.02,418.95,20201100
MSFT,2025-01-13,415.24,418.5,412.29,417.19,17604800
MSFT,2025-01-14,417.81,419.74,410.72,415.67,16935900
MSFT,2025-01-15,419.13,428.15,418.27,426.31,19637800
MSFT,2025-01-16,428.7,429.49,424.39,424.58,15300000
MSFT,2025-01-17,434.09,434.48,428.17,429.03,26197500
MSFT,2025-01-21,430.2,430.9,425.6,428.5,26085700
MSFT,2025-01-22,437.56,447.27,436.0,446.2,27803800
MSFT,2025-01-23,442.0,446.75,441.5,446.71,18389300
MSFT,2025-01-24,445.16,446.65,441.4,444.06,15549500
MSFT,2025-01-27,424.01,435.2,423.5,434.56,35647800
MSFT,2025-01-28,434.6,448.38,431.38,447.2,23491700
MSFT,2025-01-29,446.69,446.88,440.4,442.33,23581400
MSFT,2025-01-30,418.77,422.86,413.16,414.99,54586300
MSFT,2025-01-31,418.98,420.69,414.91,415.06,34161900
MSFT,2025-02-03,411.6,415.41,408.66,410.92,25679100
MSFT,2025-02-04,412.69,413.92,409.74,412.37,20532100
MSFT,2025-02-05,412.35,413.83,410.4,413.29,16316700
MSFT,2025-02-06,414.0,418.2,414.0,415.82,16309800
MSFT,2025-02-07,416.48,418.65,408.1,409.75,22886800
MSFT,2025-02-10,413.71,415.46,410.92,412.22,20817900
MSFT,2025-02-11,409.64,412.49,409.3,411.44,18140600
MSFT,2025-02-12,407.21,410.75,404.37,409.04,19121700
MSFT,2025-02-13,407.0,411.0,406.36,410.54,23891700
MSFT,2025-02-14,407.79,408.91,405.88,408.43,22758500
MSFT,2025-02-18,408.0,410.6,406.5,409.64,21423100
MSFT,2025-02-19,407.88,415.49,407.65,414.77,24114200
MSFT,2025-02-20,415.29,419.31,412.54,416.13,23508700
MSFT,2025-02-21,417.34,418.05,407.89,408.21,27524800
MSFT,2025-02-24,408.51,409.37,399.32,404.0,26443700
MSFT,2025-02-25,401.1,401.92,396.7,397.9,29387400
MSFT,2025-02-26,398.01,403.6,394.25,399.73,19619000
MSFT,2025-02-27,401.27,405.74,392.17,392.53,21127400
MSFT,2025-02-28,392.66,397.63,386.57,396.99,32845700
MSFT,2025-03-03,398.82,398.82,386.16,388.49,23007700
MSFT,2025-03-04,383.4,392.58,381.0,388.61,29342900
MSFT,2025-03-05,389.34,401.67,388.81,401.02,23433100
MSFT,2025-03-06,394.28,402.15,392.68,396.89,23304600
MSFT,2025-03-07,392.32,394.8,385.54,393.31,22034100
MSFT,2025-03-10,385.84,386.4,377.22,380.16,32840100
MSFT,2025-03-11,379.0,386.0,376.91,380.45,30380200
MSFT,2025-03-12,382.95,385.22,378.95,383.27,24253600
MSFT,2025-03-13,383.16,385.32,377.45,378.77,20473000
MSFT,2025-03-14,379.78,390.23,379.51,388.56,19952800
MSFT,2025-03-17,386.7,392.71,385.57,388.7,22474300
MSFT,2025-03-18,387.07,387.37,381.1,383.52,19486900
MSFT,2025-03-19,385.53,389.68,384.0,387.82,19185500
MSFT,2025-03-20,385.74,391.79,383.28,386.84,18470500
MSFT,2025-03-21,383.22,391.74,382.8,391.26,39675900
MSFT,2025-03-24,395.4,395.4,389.81,393.08,21004500
MSFT,2025-03-25,393.92,396.36,392.64,395.16,15775000
MSFT,2025-03-26,395.0,395.31,388.57,389.97,16108400
MSFT,2025-03-27,390.13,392.24,387.4,390.58,13766800
MSFT,2025-03-28,388.08,389.13,376.93,378.8,21632000
MSFT,2025-03-31,372.54,377.07,367.24,375.39,35184700
MSFT,2025-04-01,374.65,382.85,373.23,382.19,19689500
MSFT,2025-04-02,377.97,385.08,376.62,382.14,16092600
MSFT,2025-04-03,374.79,377.48,369.35,373.11,30198000
MSFT,2025-04-04,364.13,374.59,359.48,359.84,49209900
MSFT,2025-04-07,350.88,371.0,344.79,357.86,50425000
MSFT,2025-04-08,368.26,373.65,350.25,354.56,35868900
MSFT,2025-04-09,353.54,393.23,353.1,390.49,50199700
MSFT,2025-04-10,382.06,383.9,367.8,381.35,38024400
MSFT,2025-04-11,380.64,390.05,378.89,388.45,23839200
MSFT,2025-04-14,393.22,394.65,384.21,387.81,19251200
MSFT,2025-04-15,388.51,391.89,384.16,385.73,17199900
MSFT,2025-04-16,380.67,381.61,368.0,371.61,21967800
MSFT,2025-04-17,373.75,374.32,366.89,367.78,21120200
MSFT,2025-04-21,362.82,364.48,355.67,359.12,20807300
MSFT,2025-04-22,363.38,367.77,359.86,366.82,19485000
MSFT,2025-04-23,376.06,380.39,373.02,374.39,20545500
MSFT,2025-04-24,375.7,388.45,375.19,387.3,22232300
MSFT,2025-04-25,387.0,392.16,384.6,391.85,18973200
MSFT,2025-04-28,391.96,392.74,386.64,391.16,16579400
MSFT,2025-04-29,391.3,395.1,390.38,394.04,14974000
MSFT,2025-04-30,390.3,396.66,384.44,395.26,36461100
MSFT,2025-05-01,431.11,436.99,424.9,425.4,58938100
MSFT,2025-05-02,431.74,439.44,429.99,435.28,30757400
MSFT,2025-05-05,432.87,439.5,432.11,436.17,20136100
MSFT,2025-05-06,432.2,437.73,431.17,433.31,15104200
MSFT,2025-05-07,433.84,438.12,431.11,433.35,23295300
MSFT,2025-05-08,437.93,443.67,435.66,438.17,23491300
MSFT,2025-05-09,440.0,440.74,435.88,438.73,15324200
MSFT,2025-05-12,445.94,449.37,439.78,449.26,22821900
MSFT,2025-05-13,447.78,450.67,445.36,449.14,23618800
MSFT,2025-05-14,448.14,453.9,448.14,452.94,19902800
MSFT,2025-05-15,450.77,456.19,450.43,453.13,21992300
MSFT,2025-05-16,452.05,454.36,448.73,454.27,23849800
MSFT,2025-05-19,450.88,459.59,450.8,458.87,21336500
MSFT,2025-05-20,455.59,458.34,454.32,458.17,15441800
MSFT,2025-05-21,454.57,457.78,451.81,452.57,19216900
MSFT,2025-05-22,454.95,460.25,453.9,454.86,18025600
MSFT,2025-05-23,449.98,453.69,448.91,450.18,16883500
MSFT,2025-05-27,456.48,460.95,456.12,460.69,20974300
MSFT,2025-05-28,461.22,462.52,456.93,457.36,17086300
MSFT,2025-05-29,461.55,461.72,455.31,458.68,13974800
MSFT,2025-05-30,459.72,461.68,455.54,460.36,34770500
MSFT,2025-06-02,457.14,462.11,456.89,461.97,16626500
MSFT,2025-06-03,461.47,464.14,460.86,462.97,15743800
MSFT,2025-06-04,464.0,465.69,463.02,463.87,14162700
MSFT,2025-06-05,464.96,469.65,464.03,467.68,20131700
MSFT,2025-06-06,470.09,473.34,468.78,470.38,15285600
MSFT,2025-06-09,469.7,473.43,468.62,472.75,16469900
MSFT,2025-06-10,471.19,472.8,466.96,470.92,15375900
MSFT,2025-06-11,470.02,475.47,469.66,472.62,16399200
MSFT,2025-06-12,475.02,480.42,473.52,478.87,18950600
MSFT,2025-06-13,476.41,479.18,472.76,474.96,16814500
MSFT,2025-06-16,475.21,480.69,475.0,479.14,15626100
MSFT,2025-06-17,475.4,478.74,474.08,478.04,15414100
MSFT,2025-06-18,478.0,481.0,474.46,480.24,17526500
MSFT,2025-06-20,482.23,483.46,476.87,477.4,37576200
MSFT,2025-06-23,478.21,487.75,472.51,486.0,24864000
MSFT,2025-06-24,488.95,491.85,486.8,490.11,22305600
MSFT,2025-06-25,492.04,494.56,489.39,492.27,17495100
MSFT,2025-06-26,492.98,498.04,492.81,497.45,21578900
MSFT,2025-06-27,497.55,499.3,493.03,495.94,34539200
MSFT,2025-06-30,497.04,500.76,495.33,497.41,28369000
MSFT,2025-07-01,496.47,498.05,490.98,492.05,19945400
MSFT,2025-07-02,489.99,493.5,488.7,491.09,16319600
MSFT,2025-07-03,493.81,500.13,493.44,498.84,13984800
MSFT,2025-07-07,497.38,498.75,495.23,497.72,13981600
MSFT,2025-07-08,497.24,498.2,494.11,496.62,11846600
MSFT,2025-07-09,500.3,506.78,499.74,503.51,18659500
MSFT,2025-07-10,503.05,504.44,497.75,501.48,16492100
MSFT,2025-07-11,498.47,505.03,497.8,503.32,16459500
MSFT,2025-07-14,501.52,503.97,501.03,503.02,12058800
MSFT,2025-07-15,503.02,508.3,502.79,505.82,14927200
MSFT,2025-07-16,505.18,506.72,501.89,505.62,15154400
MSFT,2025-07-17,505.68,513.37,505.62,511.7,17503100
MSFT,2025-07-18,514.48,514.64,507.43,510.05,21209700
MSFT,2025-07-21,506.71,512.09,505.55,510.06,14066800
MSFT,2025-07-22,510.97,511.2,505.27,505.27,13868600
MSFT,2025-07-23,506.75,506.79,500.7,505.87,16396600
MSFT,2025-07-24,508.77,513.67,507.3,510.88,16107000
MSFT,2025-07-25,512.47,518.29,510.36,513.71,19125700
MSFT,2025-07-28,514.08,515.0,510.12,512.5,14308000
MSFT,2025-07-29,515.53,517.62,511.56,512.57,16469200
MSFT,2025-07-30,515.17,515.95,509.44,513.24,26380400
MSFT,2025-07-31,555.23,555.45,531.9,533.5,51617300
MSFT,2025-08-01,535.0,535.8,520.86,524.11,28977600
MSFT,2025-08-04,528.27,538.25,528.13,535.64,25349000
MSFT,2025-08-05,537.18,537.3,527.24,527.75,19171600
MSFT,2025-08-06,530.9,531.7,524.03,524.94,21355700
MSFT,2025-08-07,526.8,528.09,517.55,520.84,16079100
MSFT,2025-08-08,522.6,524.66,519.41,522.04,15531000
MSFT,2025-08-11,522.3,527.59,519.72,521.77,20194400
MSFT,2025-08-12,523.75,530.98,522.7,529.24,18667000
MSFT,2025-08-13,532.11,532.7,519.37,520.58,19619200
MSFT,2025-08-14,522.56,525.95,520.14,522.48,20269100
MSFT,2025-08-15,522.77,526.1,519.08,520.17,25213300
MSFT,2025-08-18,521.59,522.82,514.02,517.1,23760600
MSFT,2025-08-19,515.0,515.16,508.55,509.77,21481000
MSFT,2025-08-20,509.87,511.0,504.44,505.72,27723000
MSFT,2025-08-21,503.69,507.63,502.72,504.24,18443300
MSFT,2025-08-22,504.25,510.73,502.41,507.23,24324200
MSFT,2025-08-25,506.63,508.19,504.12,504.26,21638600
MSFT,2025-08-26,504.36,504.98,498.51,502.04,30835700
MSFT,2025-08-27,502.0,507.29,499.9,506.74,17277900
MSFT,2025-08-28,507.09,511.09,505.5,509.64,18015600
MSFT,2025-08-29,508.66,509.6,504.49,506.69,20961600
MSFT,2025-09-02,500.47,506.0,496.81,505.12,18128000
MSFT,2025-09-03,503.79,507.79,502.32,505.35,16345100
MSFT,2025-09-04,504.3,508.15,503.15,507.97,15509500
MSFT,2025-09-05,509.07,511.97,492.37,495.0,31994800
MSFT,2025-09-08,498.11,501.2,495.03,498.2,16771000
MSFT,2025-09-09,501.43,502.25,497.7,498.41,14410500
MSFT,2025-09-10,502.98,503.23,496.72,500.37,21611800
MSFT,2025-09-11,502.25,503.17,497.88,501.01,18881600
MSFT,2025-09-12,506.65,512.55,503.85,509.9,23624900
MSFT,2025-09-15,508.79,515.47,507.0,515.36,17143800
MSFT,2025-09-16,516.88,517.23,508.6,509.04,19711900
MSFT,2025-09-17,510.62,511.29,505.93,510.02,15816600
MSFT,2025-09-18,511.49,513.07,507.66,508.45,18913700
MSFT,2025-09-19,510.56,519.3,510.31,517.93,52474100
MSFT,2025-09-22,515.59,517.74,512.54,514.45,20009300
MSFT,2025-09-23,513.8,514.59,507.31,509.23,19799600
MSFT,2025-09-24,510.38,512.48,506.92,510.15,13533700
MSFT,2025-09-25,508.3,510.01,505.04,507.03,15786500
MSFT,2025-09-26,510.06,513.94,506.62,511.46,16213100
MSFT,2025-09-29,511.5,516.85,508.88,514.6,17617800
MSFT,2025-09-30,513.24,518.16,509.66,517.95,19728200
MSFT,2025-10-01,514.8,520.51,511.69,519.71,22632300
MSFT,2025-10-02,517.64,521.6,510.68,515.74,21222900
MSFT,2025-10-03,517.1,520.49,515.0,517.35,15112300
MSFT,2025-10-06,518.61,531.03,518.2,528.57,21388600
MSFT,2025-10-07,528.29,529.8,521.44,523.98,14615200
MSFT,2025-10-08,523.28,526.95,523.09,524.85,13363400
MSFT,2025-10-09,522.34,524.33,517.4,522.4,18343600
MSFT,2025-10-10,519.64,523.58,509.63,510.96,24133800
MSFT,2025-10-13,516.41,516.41,511.68,514.05,14284200
MSFT,2025-10-14,510.23,515.28,506.0,513.57,14684300
MSFT,2025-10-15,514.96,517.19,510.0,513.43,14694700
MSFT,2025-10-16,512.58,516.85,508.13,511.61,15559600
MSFT,2025-10-17,509.04,515.48,507.31,513.58,19867800
MSFT,2025-10-20,514.61,518.7,513.43,516.79,14665600
MSFT,2025-10-21,517.5,518.69,513.04,517.66,15586200
MSFT,2025-10-22,521.15,525.23,517.71,520.54,18962700
MSFT,2025-10-23,522.46,523.95,518.61,520.56,14023500
MSFT,2025-10-24,522.79,525.35,520.71,523.61,15532400
MSFT,2025-10-27,531.78,534.58,529.01,531.52,18734700
MSFT,2025-10-28,550.0,553.72,540.77,542.07,29986700
MSFT,2025-10-29,544.94,546.27,536.73,541.55,36023000
MSFT,2025-10-30,530.48,534.97,522.12,525.76,41023100
MSFT,2025-10-31,528.88,529.32,515.1,517.81,34006400
MSFT,2025-11-03,519.81,524.96,514.59,517.03,22374700
MSFT,2025-11-04,511.76,515.55,507.84,514.33,20958700
MSFT,2025-11-05,513.3,514.83,506.58,507.16,23024300
MSFT,2025-11-06,505.66,505.7,495.81,497.1,27406500
MSFT,2025-11-07,496.95,499.38,493.25,496.82,24019800
MSFT,2025-11-10,500.04,506.85,498.8,506.0,26101500
MSFT,2025-11-11,504.8,509.6,502.35,508.68,17980000
MSFT,2025-11-12,509.36,511.67,499.12,511.14,26574900
MSFT,2025-11-13,510.31,513.5,501.29,503.29,25273100
MSFT,2025-11-14,498.23,511.6,497.44,510.18,28505700
MSFT,2025-11-17,508.45,512.12,504.91,507.49,19092800
MSFT,2025-11-18,495.37,502.98,486.78,493.79,33815100
MSFT,2025-11-19,490.1,495.19,482.83,487.12,23245300
MSFT,2025-11-20,492.71,493.57,475.5,478.43,26802500
MSFT,2025-11-21,478.5,478.92,468.27,472.12,31769200
MSFT,2025-11-24,475.0,476.9,468.02,474.0,34421000
MSFT,2025-11-25,474.07,479.15,464.89,476.99,28019800
MSFT,2025-11-26,486.31,488.31,481.2,485.5,25709100
MSFT,2025-11-28,487.6,492.63,486.65,492.01,14386700
MSFT,2025-12-01,488.44,489.86,484.65,486.74,23964000
MSFT,2025-12-02,486.72,493.5,486.32,490.0,19562700
MSFT,2025-12-03,476.32,484.24,475.2,477.73,34615100
MSFT,2025-12-04,479.76,481.32,476.49,480.84,22318200
MSFT,2025-12-05,482.52,483.4,478.88,483.16,22608700
MSFT,2025-12-08,484.89,492.3,484.38,491.02,21965900
MSFT,2025-12-09,489.1,492.12,488.5,492.02,14696100
MSFT,2025-12-10,484.03,484.25,475.08,478.56,35756200
MSFT,2025-12-11,476.63,486.03,475.86,483.47,24669200
MSFT,2025-12-12,479.82,482.45,476.34,478.53,21248100
MSFT,2025-12-15,480.1,480.72,472.52,474.82,23727700
MSFT,2025-12-16,471.91,477.89,470.88,476.39,20705600
MSFT,2025-12-17,476.91,480.0,475.0,476.12,24527200
MSFT,2025-12-18,478.19,489.6,477.89,483.98,28573500
MSFT,2025-12-19,487.36,487.85,482.49,485.92,70836100
MSFT,2025-12-22,486.12,488.73,482.69,484.92,16963000
MSFT,2025-12-23,484.98,487.83,484.74,486.85,14683600
MSFT,2025-12-24,485.68,489.16,484.83,488.02,5855900
MSFT,2025-12-26,486.71,488.12,485.96,487.71,8842200
MSFT,2025-12-29,484.86,488.35,484.18,487.1,10893400
MSFT,2025-12-30,485.93,489.68,485.5,487.48,13944500
MSFT,2025-12-31,487.84,488.14,483.3,483.62,15601600
MSFT,2026-01-02,484.39,484.66,470.16,472.94,25571600
MSFT,2026-01-05,474.06,476.07,469.5,472.85,25250300
MSFT,2026-01-06,473.8,478.74,469.75,478.51,23037700
MSFT,2026-01-07,479.76,489.7,477.95,483.47,25564200
MSFT,2026-01-08,481.24,482.66,475.86,478.11,18162600
MSFT,2026-01-09,474.06,479.82,472.2,479.28,18491000
MSFT,2026-01-12,476.67,480.99,475.68,477.18,23519900
MSFT,2026-01-13,474.68,475.78,465.95,470.67,28545800
MSFT,2026-01-14,466.46,468.2,457.17,459.38,28184300
MSFT,2026-01-15,464.12,464.25,455.9,456.66,23225800
MSFT,2026-01-16,457.83,463.19,456.48,459.86,34246700
MSFT,2026-01-20,451.22,456.8,449.28,454.52,26130000
MSFT,2026-01-21,452.6,452.69,438.68,444.11,37980500
MSFT,2026-01-22,447.62,452.84,444.7,451.14,25349400
MSFT,2026-01-23,451.87,471.1,450.53,465.95,38000200
MSFT,2026-01-26,465.31,474.25,462.0,470.28,29291200
MSFT,2026-01-27,473.7,482.87,473.16,480.58,29213900
MSFT,2026-01-28,483.21,483.74,478.0,481.63,36875400
MSFT,2026-01-29,439.99,442.5,421.02,433.5,128855300
MSFT,2026-01-30,439.17,439.6,426.45,430.29,58566800
MSFT,2026-02-02,430.24,430.74,422.25,423.37,42219900
MSFT,2026-02-03,422.01,422.05,408.56,411.21,61424100
MSFT,2026-02-04,411.0,419.8,409.24,414.19,45012400
MSFT,2026-02-05,407.44,408.3,392.32,393.67,66289200
MSFT,2026-02-06,399.17,401.79,392.92,401.14,53515300
MSFT,2026-02-09,404.85,414.89,400.87,413.6,45480500
MSFT,2026-02-10,419.62,423.68,412.7,413.27,44857900
MSFT,2026-02-11,416.18,416.46,401.01,404.37,42491000
MSFT,2026-02-12,405.0,406.2,398.01,401.84,40802400
MSFT,2026-02-13,404.45,405.54,398.05,401.32,34091600
MSFT,2026-02-17,399.22,400.52,394.53,396.86,32078800
MSFT,2026-02-18,398.13,402.56,396.32,399.6,23223400
MSFT,2026-02-19,400.69,404.43,396.67,398.46,28234000
MSFT,2026-02-20,396.11,400.12,395.16,397.23,34015200
MSFT,2026-02-23,395.0,395.36,383.1,384.47,43238300
MSFT,2026-02-24,384.14,389.36,381.71,389.0,33884700
MSFT,2026-02-25,390.53,401.47,390.16,400.6,43625500
MSFT,2026-02-26,404.71,407.49,398.74,401.72,34405900
MSFT,2026-02-27,390.88,396.82,389.88,392.74,51367200
MSFT,2026-03-02,392.86,401.19,390.63,398.55,35474900
MSFT,2026-03-03,393.14,406.7,392.67,403.93,38199200
MSFT,2026-03-04,401.27,411.03,400.31,405.2,35808000
MSFT,2026-03-05,404.42,411.61,404.4,410.68,39001300
MSFT,2026-03-06,409.2,413.05,408.51,408.96,31123900
MSFT,2026-03-09,404.92,410.21,403.5,409.41,30131900
MSFT,2026-03-10,410.03,410.2,402.93,405.76,31706400
MSFT,2026-03-11,405.57,409.01,401.59,404.88,25512100
MSFT,2026-03-12,404.63,406.12,401.71,401.86,27263900
MSFT,2026-03-13,401.0,404.8,394.25,395.55,26848000
MSFT,2026-03-16,398.07,400.63,394.79,399.95,27733700
MSFT,2026-03-17,400.27,404.4,397.75,399.41,26228300
MSFT,2026-03-18,397.13,398.0,391.0,391.79,25908500
MSFT,2026-03-19,390.1,392.49,387.06,389.02,25138800
MSFT,2026-03-20,386.79,387.0,380.12,381.87,50853200
MSFT,2026-03-23,383.9,387.21,381.68,383.0,29680100
MSFT,2026-03-24,382.36,382.47,371.85,372.74,42733600
MSFT,2026-03-25,376.92,377.06,369.63,371.04,31181200
MSFT,2026-03-26,370.82,374.72,365.19,365.97,36836600
MSFT,2026-03-27,361.9,362.45,356.51,356.77,37883400
MSFT,2026-03-30,361.9,365.36,356.28,358.96,44797000
MSFT,2026-03-31,364.55,372.9,363.07,370.17,45244400
MSFT,2026-04-01,373.49,373.99,368.2,369.37,29417200
MSFT,2026-04-02,367.21,373.64,364.15,373.46,24099100
MSFT,2026-04-06,373.49,373.73,369.5,372.88,16146600
MSFT,2026-04-07,370.34,372.45,366.56,372.29,21443300
MSFT,2026-04-08,384.98,385.0,371.41,374.33,33064800
MSFT,2026-04-09,372.5,373.5,367.05,373.07,30435300
MSFT,2026-04-10,372.98,375.64,370.03,370.87,28111100
MSFT,2026-04-13,373.61,384.54,371.02,384.37,35745800
MSFT,2026-04-14,387.92,394.69,386.52,393.11,37504500
MSFT,2026-04-15,398.0,414.37,396.73,411.22,45063400
MSFT,2026-04-16,419.86,420.82,412.14,420.26,41642400
MSFT,2026-04-17,424.82,431.58,420.69,422.79,48568200
MSFT,2026-04-20,421.15,423.33,416.3,418.07,27582200
MSFT,2026-04-21,420.24,427.18,417.2,424.16,32048500
MSFT,2026-04-22,426.19,433.7,423.67,432.92,29378200
MSFT,2026-04-23,419.89,423.66,411.41,415.75,38308000
MSFT,2026-04-24,416.97,424.95,415.8,424.62,27457400
MSFT,2026-04-27,422.38,427.11,417.07,424.82,30867300
MSFT,2026-04-28,424.57,429.92,421.9,429.25,30438100
MSFT,2026-04-29,424.58,426.82,420.29,424.46,38288300
MSFT,2026-04-30,410.81,414.42,398.01,407.78,70909400
MSFT,2026-05-01,412.8,417.11,410.44,414.44,31372400
MSFT,2026-05-04,411.54,420.78,410.8,413.62,28066500
MSFT,2026-05-05,415.32,416.78,408.8,411.38,25700900
MSFT,2026-05-06,408.0,418.42,405.11,413.96,30285900
MSFT,2026-05-07,420.11,427.98,418.76,420.77,34942400
MSFT,2026-05-08,417.39,418.63,414.0,415.12,33383800
MSFT,2026-05-11,407.87,412.69,405.5,412.66,35657900
MSFT,2026-05-12,414.48,415.5,406.64,407.77,38594200
MSFT,2026-05-13,403.2,406.31,401.03,405.21,29667100
MSFT,2026-05-14,404.48,411.84,400.88,409.43,27077500
MSFT,2026-05-15,414.27,428.17,412.91,421.92,50771200
MSFT,2026-05-18,416.62,425.12,415.61,423.54,32564100
MSFT,2026-05-19,429.9,432.7,416.49,417.42,33018700
MSFT,2026-05-20,414.17,422.1,411.3,421.06,27864000
MSFT,2026-05-21,424.75,426.34,415.71,419.09,31393500
MSFT,2026-05-22,419.54,424.4,416.33,418.57,22390300
MSFT,2026-05-26,416.43,419.77,413.02,416.03,30398000
MSFT,2026-05-27,411.01,415.94,409.58,412.67,28901500
MSFT,2026-05-28,412.98,429.49,412.67,426.99,47250500
MSFT,2026-05-29,432.55,450.33,432.36,450.24,79654400
MSFT,2026-06-01,464.84,466.32,458.27,460.52,53628900
MSFT,2026-06-02,446.88,453.5,440.43,441.31,37036800
MSFT,2026-06-03,438.45,440.39,424.25,427.34,39037000
MSFT,2026-06-04,435.81,436.15,426.41,428.05,26899500
MSFT,2026-06-05,428.34,429.47,414.4,416.67,34782200
MSFT,2026-06-08,414.14,417.16,408.56,411.74,32086700
MSFT,2026-06-09,409.03,411.98,398.48,403.41,35317300
MSFT,2026-06-10,398.55,405.04,397.16,397.36,32576000
MSFT,2026-06-11,395.21,396.85,384.0,390.34,47224100
MSFT,2026-06-12,391.43,391.74,382.27,390.74,34865800
MSFT,2026-06-15,396.8,401.75,392.85,399.76,32266400
MSFT,2026-06-16,395.79,396.84,390.69,393.83,31506800
MSFT,2026-06-17,390.25,390.37,377.32,378.91,41987800
MSFT,2026-06-18,377.82,381.37,373.28,379.4,59714200
MSFT,2026-06-22,375.74,381.63,367.07,367.34,45171100
MSFT,2026-06-23,372.38,377.22,370.67,373.94,40647600
MSFT,2026-06-24,371.57,378.88,364.78,365.46,44509900
MSFT,2026-06-25,362.77,364.23,349.2,352.83,66179000
MSFT,2026-06-26,357.15,376.61,355.43,372.97,186201600
MSFT,2026-06-29,377.5,380.5,359.9,368.57,51229900
MSFT,2026-06-30,371.03,374.15,367.45,373.02,44945700
MSFT,2026-07-01,380.83,388.83,374.89,384.28,48065800
MSFT,2026-07-02,384.48,392.2,383.7,390.49,42128900
MSFT,2026-07-06,387.04,389.15,381.22,386.74,34224500
MSFT,2026-07-07,392.49,395.57,388.22,388.84,29297500
MSFT,2026-07-08,384.03,385.31,381.33,383.34,25908300
MSFT,2026-07-09,374.45,384.65,373.35,384.36,31083200
MSFT,2026-07-10,387.8,391.91,381.5,385.1,24644600
MSFT,2026-07-13,387.75,393.65,384.15,390.99,28914900
MSFT,2026-07-14,382.82,388.19,378.65,384.93,27863900
MSFT,2026-07-15,387.8,398.96,386.4,395.63,36253700
MSFT,2026-07-16,398.31,405.99,392.05,401.1,37047400
MSFT,2026-07-17,394.86,398.39,389.39,393.82,33049800
MSFT,2026-07-20,391.41,403.18,389.65,402.29,27915800
MSFT,2026-07-21,398.81,401.47,396.32,397.75,24126600
MSFT,2026-07-22,399.58,401.0,386.96,390.34,28142500
MSFT,2026-07-23,389.97,391.78,377.39,381.58,30351800
MSFT,2026-07-24,387.05,389.03,380.65,381.7,27659400
MSFT,2026-07-27,390.08,394.2,387.99,389.1,27856200
MSFT,2026-07-28,393.16,400.32,391.3,393.35,32367500
MSFT,2026-07-29,393.4,401.25,388.74,390.54,47209000
MSFT,2026-07-30,437.9,458.69,432.44,451.1,110160700
MSFT,2026-07-31,450.0,466.84,449.33,464.72,60846000
MSFT,2026-08-03,476.13,491.65,475.0,487.65,66762100
MSFT,2026-08-04,480.9,499.44,479.17,492.81,50455500
MSFT,2026-08-05,496.36,498.24,485.68,487.46,33388900
MSFT,2026-08-06,488.55,501.56,488.52,499.86,36441500
MSFT,2026-08-07,499.21,505.18,498.73,499.99,28818000
NVDA,2021-08-10,20.322,20.43,19.835,19.936,179238000
NVDA,2021-08-11,20.043,20.049,19.43,19.699,185925000
NVDA,2021-08-12,19.87,20.029,19.62,19.905,151652000
NVDA,2021-08-13,19.905,20.214,19.851,20.188,183063000
NVDA,2021-08-16,20.135,20.287,19.453,19.95,210876000
NVDA,2021-08-17,19.685,19.77,19.267,19.458,204585000
NVDA,2021-08-18,19.5,19.634,19.0,19.04,285913000
NVDA,2021-08-19,19.494,20.495,18.762,19.798,766555000
NVDA,2021-08-20,19.991,20.865,19.933,20.816,675741000
NVDA,2021-08-23,20.971,21.997,20.95,21.958,575807000
NVDA,2021-08-24,21.753,21.959,21.535,21.793,297299000
NVDA,2021-08-25,21.737,22.47,21.722,22.213,347701000
NVDA,2021-08-26,22.2,22.34,21.79,22.068,237940000
NVDA,2021-08-27,22.184,22.722,22.167,22.636,304722000
NVDA,2021-08-30,22.83,23.043,22.551,22.688,262580000
NVDA,2021-08-31,22.695,22.695,22.12,22.385,259850000
NVDA,2021-09-01,22.485,22.697,22.357,22.441,201767000
NVDA,2021-09-02,22.518,22.593,22.295,22.396,187834000
NVDA,2021-09-03,22.325,22.986,22.2,22.843,280532000
NVDA,2021-09-07,22.833,22.899,22.522,22.662,198107000
NVDA,2021-09-08,22.513,22.61,21.977,22.339,254434000
NVDA,2021-09-09,22.312,22.538,22.131,22.177,196856000
NVDA,2021-09-10,22.348,22.626,22.27,22.478,248376000
NVDA,2021-09-13,22.684,22.964,21.858,22.152,297500000
NVDA,2021-09-14,22.275,22.41,22.086,22.242,199755000
NVDA,2021-09-15,22.309,22.367,21.966,22.341,166538000
NVDA,2021-09-16,22.183,22.277,21.927,22.242,156033000
NVDA,2021-09-17,22.3,22.321,21.83,21.9,294503000
NVDA,2021-09-20,21.146,21.433,20.662,21.113,349440000
NVDA,2021-09-21,21.417,21.425,20.95,21.246,204688000
NVDA,2021-09-22,21.366,21.96,21.196,21.941,268726000
NVDA,2021-09-23,22.14,22.535,21.89,22.482,248555000
NVDA,2021-09-24,22.07,22.149,21.861,22.081,217655000
NVDA,2021-09-27,21.71,21.799,21.325,21.66,245215000
NVDA,2021-09-28,21.214,21.419,20.651,20.699,343069000
NVDA,2021-09-29,20.94,21.017,20.467,20.517,218394000
NVDA,2021-09-30,20.768,21.066,20.688,20.716,221009000
NVDA,2021-10-01,20.75,20.859,20.203,20.742,240978000
NVDA,2021-10-04,20.504,20.542,19.555,19.732,345635000
NVDA,2021-10-05,19.95,20.648,19.854,20.451,279282000
NVDA,2021-10-06,20.12,20.72,20.08,20.7,297202000
NVDA,2021-10-07,21.092,21.322,20.972,21.075,256919000
NVDA,2021-10-08,21.101,21.206,20.775,20.831,151258000
NVDA,2021-10-11,20.575,21.063,20.511,20.695,163388000
NVDA,2021-10-12,20.828,21.057,20.528,20.671,162134000
NVDA,2021-10-13,20.918,20.99,20.713,20.939,180652000
NVDA,2021-10-14,21.288,21.755,21.122,21.746,243589000
NVDA,2021-10-15,21.81,21.931,21.662,21.862,226994000
NVDA,2021-10-18,21.749,22.291,21.644,22.222,189494000
NVDA,2021-10-19,22.276,22.379,22.037,22.29,161473000
NVDA,2021-10-20,22.305,22.433,21.982,22.103,146276000
NVDA,2021-10-21,22.097,22.711,22.083,22.692,187590000
NVDA,2021-10-22,22.823,23.13,22.561,22.726,249384000
NVDA,2021-10-25,22.973,23.355,22.77,23.166,230235000
NVDA,2021-10-26,23.989,25.259,23.924,24.717,485898000
NVDA,2021-10-27,24.474,25.09,24.282,24.451,245990000
NVDA,2021-10-28,24.878,24.95,24.523,24.941,234204000
NVDA,2021-10-29,25.001,25.709,25.0,25.567,292503000
NVDA,2021-11-01,25.649,25.894,25.227,25.827,265740000
NVDA,2021-11-02,25.822,26.678,25.8,26.401,294112000
NVDA,2021-11-03,26.67,26.784,26.235,26.598,239910000
NVDA,2021-11-04,27.229,31.365,27.118,29.801,1153631000
NVDA,2021-11-05,30.187,31.4,29.41,29.752,851260000
NVDA,2021-11-08,30.149,31.1,29.907,30.804,503101000
NVDA,2021-11-09,32.282,32.31,29.964,30.657,646746000
NVDA,2021-11-10,29.356,30.85,28.778,29.459,636206000
NVDA,2021-11-11,30.468,30.59,29.777,30.39,332172000
NVDA,2021-11-12,30.01,30.68,29.63,30.39,413054000
NVDA,2021-11-15,30.552,30.644,29.247,30.025,384909000
NVDA,2021-11-16,29.759,30.39,29.706,30.203,264484000
NVDA,2021-11-17,30.418,30.509,28.8,29.261,428508000
NVDA,2021-11-18,32.367,32.76,31.321,31.675,781711000
NVDA,2021-11-19,32.243,33.088,31.905,32.985,533867000
NVDA,2021-11-22,33.517,34.647,31.9,31.956,754335000
NVDA,2021-11-23,31.535,32.36,30.88,31.746,532163000
NVDA,2021-11-24,31.461,32.855,30.928,32.674,435162000
NVDA,2021-11-26,32.6,32.71,31.35,31.503,283069000
NVDA,2021-11-29,32.366,33.412,32.036,33.376,454964000
NVDA,2021-11-30,33.169,33.353,31.864,32.676,622066000
NVDA,2021-12-01,33.219,33.289,31.38,31.435,484368000
NVDA,2021-12-02,31.214,32.478,31.025,32.126,472890000
NVDA,2021-12-03,32.0,32.129,30.13,30.693,544325000
NVDA,2021-12-06,29.88,30.241,28.038,30.037,658938000
NVDA,2021-12-07,30.957,32.449,30.651,32.427,593053000
NVDA,2021-12-08,31.999,32.29,31.421,31.826,475551000
NVDA,2021-12-09,31.734,32.205,30.428,30.49,488507000
NVDA,2021-12-10,31.15,31.305,29.861,30.198,488825000
NVDA,2021-12-13,30.249,30.294,28.116,28.161,598344000
NVDA,2021-12-14,27.699,28.678,27.25,28.337,667035000
NVDA,2021-12-15,28.4,30.5,27.838,30.459,698297000
NVDA,2021-12-16,31.152,31.16,28.093,28.387,707366000
NVDA,2021-12-17,27.985,28.922,27.76,27.801,713758000
NVDA,2021-12-20,27.305,28.144,27.145,27.719,461847000
NVDA,2021-12-21,28.374,29.12,27.401,29.075,524385000
NVDA,2021-12-22,28.891,29.555,28.449,29.4,395184000
NVDA,2021-12-23,29.755,30.059,29.431,29.64,343022000
NVDA,2021-12-27,29.66,31.087,29.64,30.945,403686000
NVDA,2021-12-28,31.312,31.33,30.012,30.322,420591000
NVDA,2021-12-29,30.273,30.548,29.366,30.001,343139000
NVDA,2021-12-30,29.827,30.457,29.54,29.586,308864000
NVDA,2021-12-31,29.674,30.03,29.331,29.411,266530000
NVDA,2022-01-03,29.815,30.711,29.785,30.121,391547000
NVDA,2022-01-04,30.277,30.468,28.349,29.29,527154000
NVDA,2022-01-05,28.949,29.416,27.533,27.604,498064000
NVDA,2022-01-06,27.64,28.438,27.065,28.178,454186000
NVDA,2022-01-07,28.141,28.422,27.057,27.247,409939000
NVDA,2022-01-10,26.581,27.469,25.644,27.4,594681000
NVDA,2022-01-11,27.323,28.065,26.839,27.817,404089000
NVDA,2022-01-12,28.067,28.595,27.608,27.999,383413000
NVDA,2022-01-13,28.379,28.48,26.498,26.575,540171000
NVDA,2022-01-14,26.3,27.197,26.21,26.942,395832000
NVDA,2022-01-18,26.26,26.638,25.77,25.903,424270000
NVDA,2022-01-19,26.079,26.543,25.052,25.067,488315000
NVDA,2022-01-20,25.304,25.579,24.078,24.15,435181000
NVDA,2022-01-21,23.507,24.823,23.263,23.374,718958000
NVDA,2022-01-24,22.33,23.38,20.888,23.372,913982000
NVDA,2022-01-25,22.546,22.943,22.0,22.324,664616000
NVDA,2022-01-26,23.24,24.057,22.3,22.772,755959000
NVDA,2022-01-27,23.568,23.995,21.675,21.944,573353000
NVDA,2022-01-28,22.012,22.858,21.296,22.84,543774000
NVDA,2022-01-31,23.182,24.509,23.052,24.486,564680000
NVDA,2022-02-01,25.104,25.145,23.89,24.638,518925000
NVDA,2022-02-02,25.794,25.817,24.553,25.242,543419000
NVDA,2022-02-03,24.458,25.077,23.78,23.948,410178000
NVDA,2022-02-04,23.972,24.635,23.632,24.319,354829000
NVDA,2022-02-07,24.372,25.182,24.202,24.728,376868000
NVDA,2022-02-08,24.359,25.23,23.98,25.108,410359000
NVDA,2022-02-09,25.622,26.725,25.353,26.705,524282000
NVDA,2022-02-10,25.995,26.925,25.6,25.824,513200000
NVDA,2022-02-11,25.916,26.152,23.773,23.949,605472000
NVDA,2022-02-14,23.934,24.875,23.755,24.267,440424000
NVDA,2022-02-15,24.949,26.545,24.784,26.495,699869000
NVDA,2022-02-16,26.259,26.582,25.552,26.511,732676000
NVDA,2022-02-17,25.63,25.785,24.165,24.507,810595000
NVDA,2022-02-18,24.668,24.986,23.1,23.642,761255000
NVDA,2022-02-22,23.035,24.064,23.0,23.39,633422000
NVDA,2022-02-23,23.802,24.155,22.301,22.387,566511000
NVDA,2022-02-24,21.015,23.8,20.89,23.748,735801000
NVDA,2022-02-25,23.721,24.217,23.381,24.157,528866000
NVDA,2022-02-28,23.992,24.665,23.707,24.385,477319000
NVDA,2022-03-01,24.291,24.377,23.132,23.477,412056000
NVDA,2022-03-02,23.756,24.409,23.415,24.22,389642000
NVDA,2022-03-03,24.262,24.326,23.469,23.714,365095000
NVDA,2022-03-04,23.384,23.68,22.482,22.936,431415000
NVDA,2022-03-07,22.817,23.033,21.33,21.352,450821000
NVDA,2022-03-08,21.309,22.373,20.65,21.514,557467000
NVDA,2022-03-09,22.387,23.22,22.247,23.014,492742000
NVDA,2022-03-10,22.531,22.788,21.882,22.658,428066000
NVDA,2022-03-11,23.022,23.145,22.046,22.1,367209000
NVDA,2022-03-14,21.869,22.262,21.159,21.33,385354000
NVDA,2022-03-15,21.518,23.038,21.322,22.973,491996000
NVDA,2022-03-16,23.5,24.597,23.172,24.496,671422000
NVDA,2022-03-17,24.12,24.842,23.906,24.766,471941000
NVDA,2022-03-18,24.799,26.569,24.624,26.453,730719000
NVDA,2022-03-21,26.507,27.152,25.967,26.734,591727000
NVDA,2022-03-22,26.727,27.238,26.072,26.524,547007000
NVDA,2022-03-23,26.126,26.612,25.575,25.634,502120000
NVDA,2022-03-24,26.166,28.32,25.907,28.15,877379000
NVDA,2022-03-25,27.886,28.358,27.271,27.692,579016000
NVDA,2022-03-28,27.756,28.25,27.206,28.219,425494000
NVDA,2022-03-29,28.695,28.946,27.98,28.656,488984000
NVDA,2022-03-30,28.304,28.496,27.503,27.69,463487000
NVDA,2022-03-31,27.782,28.248,27.27,27.286,523440000
NVDA,2022-04-01,27.375,27.496,26.267,26.712,517235000
NVDA,2022-04-04,26.728,27.558,26.613,27.36,397120000
NVDA,2022-04-05,27.254,27.319,25.82,25.931,436615000
NVDA,2022-04-06,24.934,25.3,24.003,24.407,703833000
NVDA,2022-04-07,24.441,24.722,23.478,24.208,557992000
NVDA,2022-04-08,23.917,23.923,23.062,23.119,524781000
NVDA,2022-04-11,22.214,22.32,21.66,21.917,575207000
NVDA,2022-04-12,22.537,22.725,21.282,21.504,662258000
NVDA,2022-04-13,21.728,22.5,21.455,22.203,516943000
NVDA,2022-04-14,22.505,22.777,21.163,21.258,569097000
NVDA,2022-04-18,21.2,22.088,21.079,21.783,525701000
NVDA,2022-04-19,21.72,22.373,21.314,22.198,512781000
NVDA,2022-04-20,22.517,22.67,21.2,21.482,468974000
NVDA,2022-04-21,21.709,22.392,20.0,20.183,656209000
NVDA,2022-04-22,20.303,20.486,19.5,19.515,624713000
NVDA,2022-04-25,19.202,19.945,19.096,19.902,641566000
NVDA,2022-04-26,19.718,19.788,18.67,18.788,653143000
NVDA,2022-04-27,18.598,19.167,18.29,18.415,499460000
NVDA,2022-04-28,18.967,20.037,18.49,19.782,570327000
NVDA,2022-04-29,19.402,20.128,18.517,18.547,500435000
NVDA,2022-05-02,18.541,19.574,18.391,19.533,572049000
NVDA,2022-05-03,19.4,19.825,19.133,19.602,475751000
NVDA,2022-05-04,19.923,20.4,18.751,20.334,648855000
NVDA,2022-05-05,19.867,19.925,18.5,18.844,626331000
NVDA,2022-05-06,18.736,19.512,17.99,18.675,633297000
NVDA,2022-05-09,18.034,18.255,16.827,16.95,644455000
NVDA,2022-05-10,17.689,18.198,17.025,17.595,761474000
NVDA,2022-05-11,17.347,17.753,16.568,16.63,670167000
NVDA,2022-05-12,16.219,16.788,15.567,16.175,708728000
NVDA,2022-05-13,16.788,17.928,16.593,17.706,670437000
NVDA,2022-05-16,17.509,17.788,17.106,17.264,521446000
NVDA,2022-05-17,18.074,18.371,17.634,18.177,585830000
NVDA,2022-05-18,17.705,18.118,16.864,16.938,545161000
NVDA,2022-05-19,16.937,17.687,16.734,17.124,621310000
NVDA,2022-05-20,17.332,17.41,15.755,16.694,739105000
NVDA,2022-05-23,16.274,16.915,16.179,16.898,639889000
NVDA,2022-05-24,16.51,16.597,15.78,16.154,588550000
NVDA,2022-05-25,16.02,17.111,16.0,16.975,781132000
NVDA,2022-05-26,16.036,18.092,16.022,17.851,996575000
NVDA,2022-05-27,18.186,18.881,18.1,18.811,738379000
NVDA,2022-05-31,18.98,19.2,18.35,18.672,664100000
NVDA,2022-06-01,18.724,19.053,18.122,18.32,544514000
NVDA,2022-06-02,18.292,19.619,18.198,19.592,648656000
NVDA,2022-06-03,19.082,19.332,18.522,18.72,598779000
NVDA,2022-06-06,19.139,19.337,18.564,18.786,422406000
NVDA,2022-06-07,18.472,19.0,18.188,18.926,388914000
NVDA,2022-06-08,18.799,19.18,18.535,18.648,363252000
NVDA,2022-06-09,18.481,18.933,18.041,18.048,395574000
NVDA,2022-06-10,17.6,17.697,16.869,16.974,465248000
NVDA,2022-06-13,16.0,16.312,15.606,15.647,604153000
NVDA,2022-06-14,15.731,16.066,15.412,15.836,469680000
NVDA,2022-06-15,16.095,16.868,15.926,16.527,563936000
NVDA,2022-06-16,15.86,15.942,15.401,15.601,545749000
NVDA,2022-06-17,15.648,15.995,15.328,15.88,630334000
NVDA,2022-06-21,16.475,17.008,16.407,16.566,483089000
NVDA,2022-06-22,16.226,16.662,16.18,16.36,437135000
NVDA,2022-06-23,16.519,16.585,15.853,16.225,463680000
NVDA,2022-06-24,16.5,17.14,16.31,17.126,472153000
NVDA,2022-06-27,17.312,17.33,16.626,16.869,427968000
NVDA,2022-06-28,16.9,17.202,15.945,15.982,461149000
NVDA,2022-06-29,15.814,15.82,15.17,15.542,482352000
NVDA,2022-06-30,15.361,15.567,14.862,15.159,686070000
NVDA,2022-07-01,14.899,15.063,14.392,14.523,577610000
NVDA,2022-07-05,14.175,14.971,14.055,14.964,651397000
NVDA,2022-07-06,15.01,15.319,14.789,15.13,529066000
NVDA,2022-07-07,15.456,15.945,15.389,15.858,492903000
NVDA,2022-07-08,15.43,16.037,15.389,15.838,467972000
NVDA,2022-07-11,15.526,15.527,15.038,15.152,437321000
NVDA,2022-07-12,15.268,15.431,14.877,15.082,458483000
NVDA,2022-07-13,14.59,15.375,14.465,15.164,521918000
NVDA,2022-07-14,15.108,15.473,14.728,15.372,456235000
NVDA,2022-07-15,15.659,15.782,15.445,15.762,385935000
NVDA,2022-07-18,16.302,16.897,16.002,16.101,670517000
NVDA,2022-07-19,16.486,17.11,16.172,16.992,702366000
NVDA,2022-07-20,16.947,17.933,16.801,17.807,760538000
NVDA,2022-07-21,17.885,18.144,17.545,18.05,557049000
NVDA,2022-07-22,17.893,17.967,17.137,17.319,536671000
NVDA,2022-07-25,17.019,17.124,16.649,17.024,480748000
NVDA,2022-07-26,16.889,16.919,16.478,16.533,397865000
NVDA,2022-07-27,17.032,17.936,16.913,17.79,569776000
NVDA,2022-07-28,17.975,18.14,17.44,17.984,474646000
NVDA,2022-07-29,17.813,18.244,17.692,18.163,435460000
NVDA,2022-08-01,18.182,18.846,17.99,18.441,476469000
NVDA,2022-08-02,18.122,18.938,18.092,18.526,489527000
NVDA,2022-08-03,18.184,18.968,18.137,18.893,418146000
NVDA,2022-08-04,18.849,19.274,18.76,19.215,409652000
NVDA,2022-08-05,18.81,19.229,18.666,18.989,386068000
NVDA,2022-08-08,17.502,18.239,17.242,17.793,981859000
NVDA,2022-08-09,17.252,17.447,16.724,17.086,668263000
NVDA,2022-08-10,17.698,18.118,17.317,18.097,597422000
NVDA,2022-08-11,18.131,18.707,17.876,17.942,509327000
NVDA,2022-08-12,18.16,18.718,17.953,18.709,478094000
NVDA,2022-08-15,18.701,19.164,18.613,19.032,457666000
NVDA,2022-08-16,18.92,19.142,18.501,18.879,451240000
NVDA,2022-08-17,18.523,18.688,18.145,18.335,446799000
NVDA,2022-08-18,18.301,18.865,18.183,18.773,415447000
NVDA,2022-08-19,18.406,18.52,17.77,17.849,441588000
NVDA,2022-08-22,17.49,17.558,16.966,17.034,409593000
NVDA,2022-08-23,16.989,17.465,16.97,17.181,369986000
NVDA,2022-08-24,17.012,17.406,16.895,17.222,522661000
NVDA,2022-08-25,16.844,17.947,16.833,17.913,770691000
NVDA,2022-08-26,17.857,17.924,16.237,16.26,769127000
NVDA,2022-08-29,16.02,16.338,15.767,15.801,496132000
NVDA,2022-08-30,15.96,16.039,15.182,15.468,530181000
NVDA,2022-08-31,15.384,15.54,14.959,15.094,573710000
NVDA,2022-09-01,14.209,14.38,13.27,13.937,1178865000
NVDA,2022-09-02,14.1,14.171,13.591,13.647,743157000
NVDA,2022-09-06,13.731,13.779,13.351,13.465,535751000
NVDA,2022-09-07,13.563,13.838,13.346,13.714,512657000
NVDA,2022-09-08,13.459,14.008,13.369,13.99,624873000
NVDA,2022-09-09,14.157,14.474,14.126,14.387,486612000
NVDA,2022-09-12,14.369,14.547,14.198,14.505,484159000
NVDA,2022-09-13,13.802,13.922,13.099,13.131,714956000
NVDA,2022-09-14,13.254,13.29,12.913,13.128,588507000
NVDA,2022-09-15,13.015,13.233,12.79,12.929,523625000
NVDA,2022-09-16,12.742,13.212,12.617,13.198,670751000
NVDA,2022-09-19,13.012,13.463,13.01,13.382,569685000
NVDA,2022-09-20,13.215,13.483,13.057,13.176,524818000
NVDA,2022-09-21,13.213,14.031,13.11,13.261,807679000
NVDA,2022-09-22,13.07,13.149,12.428,12.561,759162000
NVDA,2022-09-23,12.42,12.611,12.257,12.516,663309000
NVDA,2022-09-26,12.491,12.659,12.214,12.228,547343000
NVDA,2022-09-27,12.507,12.736,12.258,12.413,553854000
NVDA,2022-09-28,12.41,12.823,12.354,12.736,542414000
NVDA,2022-09-29,12.448,12.5,11.946,12.22,532763000
NVDA,2022-09-30,12.087,12.633,12.075,12.139,565638000
NVDA,2022-10-03,12.347,12.678,12.105,12.512,547478000
NVDA,2022-10-04,12.879,13.22,12.879,13.167,584182000
NVDA,2022-10-05,12.911,13.321,12.621,13.209,507131000
NVDA,2022-10-06,13.22,13.656,13.103,13.13,644157000
NVDA,2022-10-07,12.505,12.67,12.022,12.076,672478000
NVDA,2022-10-10,12.037,12.124,11.408,11.67,698699000
NVDA,2022-10-11,11.561,11.846,11.283,11.586,667482000
NVDA,2022-10-12,11.579,11.735,11.345,11.5,492590000
NVDA,2022-10-13,10.971,12.078,10.813,11.96,850103000
NVDA,2022-10-14,12.057,12.111,11.204,11.227,713432000
NVDA,2022-10-17,11.518,11.948,11.517,11.888,580774000
NVDA,2022-10-18,12.344,12.492,11.618,11.967,659362000
NVDA,2022-10-19,11.879,12.35,11.834,12.051,523131000
NVDA,2022-10-20,12.113,12.769,12.105,12.194,652398000
NVDA,2022-10-21,12.098,12.498,11.887,12.466,609494000
NVDA,2022-10-24,12.508,12.71,12.064,12.599,517457000
NVDA,2022-10-25,12.694,13.3,12.664,13.261,505482000
NVDA,2022-10-26,12.869,13.388,12.708,12.896,532953000
NVDA,2022-10-27,13.63,13.838,13.122,13.176,583113000
NVDA,2022-10-28,13.104,13.85,13.061,13.834,521040000
NVDA,2022-10-31,13.778,13.838,13.297,13.497,486341000
NVDA,2022-11-01,13.811,13.925,13.519,13.543,432817000
NVDA,2022-11-02,13.85,14.21,13.211,13.219,672628000
NVDA,2022-11-03,13.043,13.781,12.956,13.421,500065000
NVDA,2022-11-04,13.986,14.229,13.697,14.156,612576000
NVDA,2022-11-07,14.228,14.412,13.954,14.301,410061000
NVDA,2022-11-08,14.801,14.891,14.216,14.602,595292000
NVDA,2022-11-09,14.162,14.211,13.759,13.776,454414000
NVDA,2022-11-10,14.8,15.773,14.547,15.75,700819000
NVDA,2022-11-11,15.807,16.389,15.482,16.327,655487000
NVDA,2022-11-14,16.218,16.54,15.922,16.295,527852000
NVDA,2022-11-15,16.722,16.998,16.382,16.666,545876000
NVDA,2022-11-16,16.162,16.362,15.873,15.91,649547000
NVDA,2022-11-17,15.715,16.266,15.535,15.677,710894000
NVDA,2022-11-18,15.966,16.002,15.12,15.409,492072000
NVDA,2022-11-21,15.147,15.477,15.08,15.317,404739000
NVDA,2022-11-22,15.328,16.058,15.122,16.038,472866000
NVDA,2022-11-23,16.098,16.527,16.048,16.519,427241000
NVDA,2022-11-25,16.318,16.487,16.172,16.27,167934000
NVDA,2022-11-28,16.026,16.357,15.725,15.827,303741000
NVDA,2022-11-29,15.827,15.932,15.52,15.639,298384000
NVDA,2022-11-30,15.697,16.93,15.597,16.923,565298000
NVDA,2022-12-01,16.999,17.265,16.635,17.135,470977000
NVDA,2022-12-02,16.659,16.933,16.445,16.876,371389000
NVDA,2022-12-05,16.679,16.995,16.472,16.61,352255000
NVDA,2022-12-06,16.53,16.573,15.819,15.987,352694000
NVDA,2022-12-07,15.772,16.186,15.667,16.12,372388000
NVDA,2022-12-08,16.273,17.179,15.959,17.169,515456000
NVDA,2022-12-09,17.16,17.583,16.975,17.001,465338000
NVDA,2022-12-12,17.037,17.538,16.797,17.535,457328000
NVDA,2022-12-13,18.531,18.79,17.711,18.072,656589000
NVDA,2022-12-14,17.987,18.252,17.42,17.674,496888000
NVDA,2022-12-15,17.146,17.32,16.7,16.952,478542000
NVDA,2022-12-16,16.864,17.041,16.41,16.571,478232000
NVDA,2022-12-19,16.572,16.609,16.145,16.254,354039000
NVDA,2022-12-20,16.064,16.31,15.852,16.085,403260000
NVDA,2022-12-21,16.114,16.627,16.102,16.501,325025000
NVDA,2022-12-22,16.094,16.138,14.882,15.339,565045000
NVDA,2022-12-23,15.196,15.339,14.883,15.206,349326000
NVDA,2022-12-27,15.074,15.1,14.056,14.121,464902000
NVDA,2022-12-28,13.927,14.262,13.884,14.036,351066000
NVDA,2022-12-29,14.402,14.683,14.227,14.603,354923000
NVDA,2022-12-30,14.334,14.629,14.233,14.614,310490000
NVDA,2023-01-03,14.851,14.996,14.096,14.315,401277000
NVDA,2023-01-04,14.567,14.853,14.241,14.749,431324000
NVDA,2023-01-05,14.491,14.564,14.148,14.265,389168000
NVDA,2023-01-06,14.474,15.01,14.034,14.859,405044000
NVDA,2023-01-09,15.284,16.056,15.141,15.628,504231000
NVDA,2023-01-10,15.507,15.962,15.472,15.909,384101000
NVDA,2023-01-11,15.84,16.028,15.563,16.001,353285000
NVDA,2023-01-12,16.1,16.637,15.492,16.511,551409000
NVDA,2023-01-13,16.278,16.922,16.165,16.899,447287000
NVDA,2023-01-17,16.899,17.728,16.899,17.702,511102000
NVDA,2023-01-18,17.667,17.873,17.282,17.377,439624000
NVDA,2023-01-19,17.036,17.197,16.731,16.765,452932000
NVDA,2023-01-20,17.011,17.856,16.825,17.839,564967000
NVDA,2023-01-23,18.064,19.245,17.818,19.193,655163000
NVDA,2023-01-24,18.827,19.495,18.82,19.265,496204000
NVDA,2023-01-25,18.913,19.37,18.58,19.323,449537000
NVDA,2023-01-26,19.701,20.166,19.278,19.802,489535000
NVDA,2023-01-27,19.462,20.628,19.405,20.365,542142000
NVDA,2023-01-30,19.95,20.14,19.15,19.162,488611000
NVDA,2023-01-31,19.17,19.687,18.95,19.537,498017000
NVDA,2023-02-01,19.691,21.192,19.611,20.943,660477000
NVDA,2023-02-02,21.0,21.949,20.7,21.709,564276000
NVDA,2023-02-03,21.0,21.745,20.789,21.1,429366000
NVDA,2023-02-06,20.806,21.57,20.786,21.089,452197000
NVDA,2023-02-07,21.382,22.259,21.15,22.173,664150000
NVDA,2023-02-08,22.387,22.878,22.008,22.205,559651000
NVDA,2023-02-09,22.606,23.02,22.12,22.337,523876000
NVDA,2023-02-10,21.69,22.078,20.811,21.265,550737000
NVDA,2023-02-13,21.538,22.048,20.962,21.788,474919000
NVDA,2023-02-14,21.578,23.049,21.366,22.971,675474000
NVDA,2023-02-15,22.549,22.855,22.106,22.764,420575000
NVDA,2023-02-16,22.133,22.55,21.927,22.002,412026000
NVDA,2023-02-17,21.631,21.74,20.975,21.388,465888000
NVDA,2023-02-21,21.0,21.494,20.618,20.655,410015000
NVDA,2023-02-22,20.707,21.104,20.421,20.754,513184000
NVDA,2023-02-23,23.44,23.888,23.025,23.664,1117995000
NVDA,2023-02-24,23.225,23.474,22.947,23.286,589716000
NVDA,2023-02-27,23.67,23.88,23.454,23.501,452994000
NVDA,2023-02-28,23.372,23.825,23.206,23.216,455963000
NVDA,2023-03-01,23.192,23.256,22.508,22.698,460026000
NVDA,2023-03-02,22.488,23.38,22.432,23.314,389415000
NVDA,2023-03-03,23.32,23.9,23.13,23.89,412393000
NVDA,2023-03-06,23.891,24.248,23.487,23.554,437429000
NVDA,2023-03-07,23.6,24.125,23.241,23.288,515154000
NVDA,2023-03-08,23.487,24.2,23.424,24.181,513573000
NVDA,2023-03-09,24.175,24.454,23.383,23.436,501257000
NVDA,2023-03-10,23.409,23.627,22.726,22.965,474866000
NVDA,2023-03-13,22.752,23.298,22.297,22.966,421890000
NVDA,2023-03-14,23.496,24.219,23.46,24.063,474910000
NVDA,2023-03-15,23.761,24.286,23.36,24.228,524486000
NVDA,2023-03-16,24.027,25.588,23.894,25.541,583253000
NVDA,2023-03-17,25.982,26.399,25.668,25.725,848547000
NVDA,2023-03-20,25.615,26.024,25.13,25.9,432747000
NVDA,2023-03-21,26.18,26.392,25.381,26.199,547408000
NVDA,2023-03-22,26.425,27.589,26.237,26.468,797295000
NVDA,2023-03-23,27.115,27.499,26.69,27.191,564889000
NVDA,2023-03-24,27.031,27.167,26.355,26.779,454920000
NVDA,2023-03-27,26.837,27.0,26.365,26.531,361026000
NVDA,2023-03-28,26.447,26.513,25.85,26.41,356104000
NVDA,2023-03-29,26.825,27.078,26.597,26.984,393694000
NVDA,2023-03-30,27.229,27.499,27.102,27.383,364516000
NVDA,2023-03-31,27.14,27.834,27.105,27.777,433933000
NVDA,2023-04-03,27.509,28.0,27.336,27.965,398716000
NVDA,2023-04-04,27.966,28.0,27.307,27.453,368592000
NVDA,2023-04-05,26.829,26.998,26.395,26.881,515015000
NVDA,2023-04-06,26.584,27.08,26.427,27.037,397654000
NVDA,2023-04-10,26.823,27.621,26.669,27.579,395279000
NVDA,2023-04-11,27.724,27.79,27.126,27.169,314378000
NVDA,2023-04-12,27.37,27.468,26.448,26.495,446259000
NVDA,2023-04-13,26.734,26.887,26.329,26.463,353615000
NVDA,2023-04-14,26.504,26.883,26.22,26.758,395660000
NVDA,2023-04-17,26.565,27.006,26.433,27.002,321471000
NVDA,2023-04-18,27.533,28.11,27.357,27.667,604812000
NVDA,2023-04-19,27.361,28.0,27.232,27.931,358660000
NVDA,2023-04-20,27.671,28.03,27.0,27.104,427713000
NVDA,2023-04-21,26.952,27.183,26.722,27.119,345103000
NVDA,2023-04-24,27.013,27.366,26.671,27.042,339282000
NVDA,2023-04-25,27.078,27.247,26.225,26.241,378527000
NVDA,2023-04-26,27.002,27.33,26.705,26.956,406337000
NVDA,2023-04-27,27.363,27.495,26.625,27.226,377161000
NVDA,2023-04-28,27.225,27.758,27.071,27.749,292216000
NVDA,2023-05-01,27.84,29.058,27.78,28.91,570329000
NVDA,2023-05-02,28.68,28.836,28.083,28.21,402730000
NVDA,2023-05-03,27.84,28.367,27.472,27.802,383387000
NVDA,2023-05-04,27.651,27.859,27.24,27.562,321850000
NVDA,2023-05-05,27.826,28.755,27.731,28.68,361494000
NVDA,2023-05-08,28.522,29.22,28.35,29.151,344979000
NVDA,2023-05-09,28.899,28.973,28.45,28.571,314869000
NVDA,2023-05-10,29.005,29.113,28.461,28.885,369350000
NVDA,2023-05-11,28.896,28.95,28.246,28.578,322149000
NVDA,2023-05-12,28.529,28.78,28.046,28.34,274222000
NVDA,2023-05-15,28.508,28.969,28.152,28.953,293926000
NVDA,2023-05-16,28.841,29.87,28.832,29.213,449405000
NVDA,2023-05-17,29.584,30.199,29.43,30.178,432535000
NVDA,2023-05-18,30.41,31.828,30.32,31.678,748725000
NVDA,2023-05-19,31.536,31.58,30.916,31.264,473908000
NVDA,2023-05-22,30.901,31.52,30.68,31.176,372000000
NVDA,2023-05-23,31.0,31.288,30.631,30.688,356253000
NVDA,2023-05-24,30.21,30.607,29.806,30.538,721419000
NVDA,2023-05-25,38.523,39.48,36.635,37.98,1543911000
NVDA,2023-05-26,37.89,39.17,37.55,38.946,714397000
NVDA,2023-05-30,40.595,41.938,39.949,40.111,923401000
NVDA,2023-05-31,39.488,40.295,37.822,37.834,1002580000
NVDA,2023-06-01,38.489,40.05,38.34,39.77,635873000
NVDA,2023-06-02,40.097,40.5,39.058,39.327,482731000
NVDA,2023-06-05,38.909,39.565,38.707,39.171,396094000
NVDA,2023-06-06,38.83,39.16,38.148,38.654,388729000
NVDA,2023-06-07,38.915,39.499,37.356,37.475,511998000
NVDA,2023-06-08,37.724,38.864,37.505,38.51,417772000
NVDA,2023-06-09,39.037,39.711,38.567,38.77,427717000
NVDA,2023-06-12,39.2,39.53,38.618,39.482,388701000
NVDA,2023-06-13,40.186,41.101,39.74,41.022,613208000
NVDA,2023-06-14,40.824,43.0,40.552,42.997,740465000
NVDA,2023-06-15,42.602,43.289,42.147,42.653,568622000
NVDA,2023-06-16,43.45,43.721,42.661,42.692,655709000
NVDA,2023-06-20,42.998,43.99,42.674,43.808,451153000
NVDA,2023-06-21,43.501,43.615,42.08,43.045,551603000
NVDA,2023-06-22,42.253,43.426,42.234,43.025,417737000
NVDA,2023-06-23,42.464,42.809,42.015,42.209,358140000
NVDA,2023-06-26,42.461,42.764,40.1,40.632,594322000
NVDA,2023-06-27,40.799,41.94,40.448,41.876,462175000
NVDA,2023-06-28,40.66,41.845,40.518,41.117,582639000
NVDA,2023-06-29,41.558,41.6,40.6,40.822,380514000
NVDA,2023-06-30,41.68,42.55,41.501,42.302,501148000
NVDA,2023-07-03,42.517,42.898,42.202,42.413,198209000
NVDA,2023-07-05,42.135,43.177,42.085,42.317,323618000
NVDA,2023-07-06,41.844,42.179,41.346,42.103,303582000
NVDA,2023-07-07,42.322,43.214,42.18,42.503,355881000
NVDA,2023-07-10,42.657,42.811,41.649,42.18,353908000
NVDA,2023-07-11,42.481,42.758,42.067,42.405,298244000
NVDA,2023-07-12,43.033,43.935,42.777,43.902,481277000
NVDA,2023-07-13,44.518,46.155,44.492,45.977,478204000
NVDA,2023-07-14,46.583,48.088,45.06,45.469,772075000
NVDA,2023-07-17,46.289,46.496,45.262,46.461,510488000
NVDA,2023-07-18,46.701,47.896,45.734,47.494,569164000
NVDA,2023-07-19,47.464,47.818,46.742,47.077,427502000
NVDA,2023-07-20,46.507,47.087,45.062,45.52,537865000
NVDA,2023-07-21,45.788,45.866,44.1,44.309,963769000
NVDA,2023-07-24,44.731,45.109,44.04,44.612,382516000
NVDA,2023-07-25,44.941,46.183,44.923,45.679,348081000
NVDA,2023-07-26,46.021,46.053,44.63,45.452,364237000
NVDA,2023-07-27,46.519,47.395,45.75,45.9,455976000
NVDA,2023-07-28,46.668,47.027,46.381,46.75,331194000
NVDA,2023-07-31,46.754,47.13,46.506,46.729,251055000
NVDA,2023-08-01,46.46,46.9,46.027,46.507,237858000
NVDA,2023-08-02,45.831,45.84,43.387,44.269,530142000
NVDA,2023-08-03,43.8,45.118,43.8,44.515,324176000
NVDA,2023-08-04,44.985,45.642,44.393,44.68,362666000
NVDA,2023-08-07,45.111,45.54,44.563,45.417,322154000
NVDA,2023-08-08,44.853,45.242,44.056,44.664,353843000
NVDA,2023-08-09,44.274,44.312,42.134,42.554,586449000
NVDA,2023-08-10,42.16,43.574,41.835,42.388,492705000
NVDA,2023-08-11,41.751,42.018,40.639,40.855,533085000
NVDA,2023-08-14,40.486,43.8,40.311,43.753,690286000
NVDA,2023-08-15,44.56,45.268,43.71,43.94,676512000
NVDA,2023-08-16,44.52,44.675,43.406,43.486,527451000
NVDA,2023-08-17,43.97,44.062,43.001,43.344,452395000
NVDA,2023-08-18,42.635,43.578,41.66,43.299,583768000
NVDA,2023-08-21,44.494,47.065,44.222,46.967,692573000
NVDA,2023-08-22,48.135,48.187,45.333,45.668,755293000
NVDA,2023-08-23,45.866,47.2,45.208,47.116,779046000
NVDA,2023-08-24,50.216,50.266,47.159,47.163,1156044000
NVDA,2023-08-25,47.012,47.805,45.024,46.018,925341000
NVDA,2023-08-28,46.482,46.98,44.888,46.835,685192000
NVDA,2023-08-29,46.666,49.081,46.391,48.784,701397000
NVDA,2023-08-30,49.044,49.927,48.425,49.264,735206000
NVDA,2023-08-31,49.38,49.744,48.958,49.355,528570000
NVDA,2023-09-01,49.762,49.8,48.142,48.509,463830000
NVDA,2023-09-05,48.223,48.851,47.86,48.548,382653000
NVDA,2023-09-06,48.441,48.549,46.58,47.061,468670000
NVDA,2023-09-07,45.525,46.344,45.152,46.241,433330000
NVDA,2023-09-08,45.942,46.606,45.271,45.572,473069000
NVDA,2023-09-11,46.148,46.163,44.312,45.178,473966000
NVDA,2023-09-12,44.738,45.673,44.531,44.87,349256000
NVDA,2023-09-13,44.6,45.93,44.503,45.485,398355000
NVDA,2023-09-14,45.95,45.987,45.131,45.581,370097000
NVDA,2023-09-15,45.341,45.599,43.808,43.9,506831000
NVDA,2023-09-18,42.748,44.242,42.0,43.966,500271000
NVDA,2023-09-19,43.833,43.966,43.002,43.52,373064000
NVDA,2023-09-20,43.6,43.903,42.223,42.239,367108000
NVDA,2023-09-21,41.583,42.1,40.98,41.017,450736000
NVDA,2023-09-22,41.572,42.115,41.231,41.61,479236000
NVDA,2023-09-25,41.591,42.536,41.177,42.222,419091000
NVDA,2023-09-26,42.001,42.82,41.655,41.911,402282000
NVDA,2023-09-27,42.33,42.872,41.629,42.468,444935000
NVDA,2023-09-28,42.46,43.446,42.115,43.089,424663000
NVDA,2023-09-29,43.827,44.144,43.307,43.499,397830000
NVDA,2023-10-02,44.03,45.175,43.861,44.782,433298000
NVDA,2023-10-03,44.808,45.13,43.246,43.517,470850000
NVDA,2023-10-04,43.742,44.143,43.292,44.041,361821000
NVDA,2023-10-05,44.05,44.9,43.888,44.688,393483000
NVDA,2023-10-06,44.193,45.789,44.026,45.762,434436000
NVDA,2023-10-09,44.842,45.605,44.368,45.273,409675000
NVDA,2023-10-10,45.31,46.259,45.088,45.798,368582000
NVDA,2023-10-11,46.196,46.859,46.05,46.806,378137000
NVDA,2023-10-12,46.777,47.609,46.33,46.945,481325000
NVDA,2023-10-13,46.96,47.116,45.28,45.461,474115000
NVDA,2023-10-16,45.063,46.225,44.912,46.095,375099000
NVDA,2023-10-17,44.0,44.754,42.48,43.938,812333000
NVDA,2023-10-18,42.591,43.219,41.825,42.196,627294000
NVDA,2023-10-19,42.811,43.297,41.882,42.101,501233000
NVDA,2023-10-20,41.89,42.47,41.078,41.387,477266000
NVDA,2023-10-23,41.229,43.248,40.945,42.975,478530000
NVDA,2023-10-24,43.077,43.697,42.691,43.663,401463000
NVDA,2023-10-25,43.398,43.65,41.555,41.779,398379000
NVDA,2023-10-26,41.853,42.256,39.88,40.326,541001000
NVDA,2023-10-27,41.13,41.206,40.015,40.5,416784000
NVDA,2023-10-30,41.087,41.766,40.481,41.161,388028000
NVDA,2023-10-31,40.45,40.879,39.23,40.78,517969000
NVDA,2023-11-01,40.884,42.381,40.869,42.325,437593000
NVDA,2023-11-02,43.328,43.884,42.894,43.506,409172000
NVDA,2023-11-03,44.02,45.309,43.723,45.005,424610000
NVDA,2023-11-06,45.285,45.935,44.899,45.751,400733000
NVDA,2023-11-07,45.719,46.218,45.158,45.955,343165000
NVDA,2023-11-08,46.1,46.867,45.968,46.574,346719000
NVDA,2023-11-09,47.467,48.23,46.75,46.95,540496000
NVDA,2023-11-10,47.5,48.472,47.283,48.335,421245000
NVDA,2023-11-13,48.32,49.116,48.099,48.62,384136000
NVDA,2023-11-14,49.68,49.834,49.04,49.656,416954000
NVDA,2023-11-15,49.935,49.96,48.2,48.888,475497000
NVDA,2023-11-16,48.679,49.525,48.33,49.48,339756000
NVDA,2023-11-17,49.524,49.717,49.007,49.298,325205000
NVDA,2023-11-20,49.312,50.548,49.181,50.409,414120000
NVDA,2023-11-21,50.126,50.517,49.222,49.944,565747000
NVDA,2023-11-22,49.852,50.335,47.69,48.716,899420000
NVDA,2023-11-24,48.47,48.921,47.745,47.776,294645000
NVDA,2023-11-27,47.8,48.53,47.652,48.242,395662000
NVDA,2023-11-28,48.236,48.323,47.473,47.821,401491000
NVDA,2023-11-29,48.379,48.762,47.86,48.14,382005000
NVDA,2023-11-30,48.024,48.11,46.422,46.77,526247000
NVDA,2023-12-01,46.525,47.2,46.187,46.765,369317000
NVDA,2023-12-04,46.077,46.077,45.01,45.51,437543000
NVDA,2023-12-05,45.466,46.6,45.271,46.566,371718000
NVDA,2023-12-06,47.215,47.387,45.412,45.503,380590000
NVDA,2023-12-07,45.7,46.629,45.604,46.596,350823000
NVDA,2023-12-08,46.595,47.741,46.55,47.506,359224000
NVDA,2023-12-11,47.491,47.531,45.83,46.627,509728000
NVDA,2023-12-12,46.046,47.666,46.046,47.657,372387000
NVDA,2023-12-13,47.629,48.594,47.608,48.088,447792000
NVDA,2023-12-14,48.39,48.67,47.422,48.35,391232000
NVDA,2023-12-15,48.194,49.404,48.12,48.89,479948000
NVDA,2023-12-18,49.4,50.433,49.15,50.077,412587000
NVDA,2023-12-19,49.424,49.7,48.895,49.604,464444000
NVDA,2023-12-20,49.655,49.999,48.098,48.111,397894000
NVDA,2023-12-21,48.811,49.095,48.419,48.99,300425000
NVDA,2023-12-22,49.195,49.383,48.467,48.83,252507000
NVDA,2023-12-26,48.968,49.6,48.96,49.279,244200000
NVDA,2023-12-27,49.511,49.68,49.085,49.417,233648000
NVDA,2023-12-28,49.643,49.884,49.412,49.522,246587000
NVDA,2023-12-29,49.813,49.997,48.751,49.522,389293000
NVDA,2024-01-02,49.244,49.295,47.595,48.168,411254000
NVDA,2024-01-03,47.485,48.184,47.32,47.569,320896000
NVDA,2024-01-04,47.767,48.5,47.508,47.998,306535000
NVDA,2024-01-05,48.462,49.547,48.306,49.097,415039000
NVDA,2024-01-08,49.512,52.275,49.479,52.253,642510000
NVDA,2024-01-09,52.401,54.325,51.69,53.14,773100000
NVDA,2024-01-10,53.616,54.6,53.489,54.35,533796000
NVDA,2024-01-11,54.999,55.346,53.56,54.822,596759000
NVDA,2024-01-12,54.62,54.97,54.33,54.71,352994000
NVDA,2024-01-16,55.018,56.835,54.9,56.382,449580000
NVDA,2024-01-17,56.347,56.471,54.74,56.053,474394000
NVDA,2024-01-18,57.26,57.6,56.107,57.107,491650000
NVDA,2024-01-19,57.989,59.5,57.225,59.491,543501000
NVDA,2024-01-22,60.049,60.331,59.07,59.654,452955000
NVDA,2024-01-23,59.57,59.91,58.585,59.873,294654000
NVDA,2024-01-24,60.304,62.849,59.938,61.362,560271000
NVDA,2024-01-25,62.35,62.719,60.85,61.617,482777000
NVDA,2024-01-26,60.96,61.783,60.573,61.031,390309000
NVDA,2024-01-29,61.232,62.489,60.907,62.465,348733000
NVDA,2024-01-30,62.9,63.493,62.26,62.774,410735000
NVDA,2024-01-31,61.44,62.269,60.7,61.527,453795000
NVDA,2024-02-01,62.1,63.191,61.65,63.027,369146000
NVDA,2024-02-02,63.974,66.6,63.69,66.16,476578000
NVDA,2024-02-05,68.225,69.497,67.205,69.332,680078000
NVDA,2024-02-06,69.63,69.754,66.3,68.223,683111000
NVDA,2024-02-07,68.319,70.22,67.6,70.099,495575000
NVDA,2024-02-08,70.074,70.794,69.455,69.641,414422000
NVDA,2024-02-09,70.533,72.185,70.212,72.133,436637000
NVDA,2024-02-12,72.6,74.611,71.25,72.248,613710000
NVDA,2024-02-13,70.4,73.45,69.62,72.128,602580000
NVDA,2024-02-14,73.202,74.236,71.938,73.9,504917000
NVDA,2024-02-15,73.869,73.975,72.4,72.658,420122000
NVDA,2024-02-16,74.1,74.402,72.501,72.613,495327000
NVDA,2024-02-20,71.947,71.956,67.734,69.452,704833000
NVDA,2024-02-21,68.006,68.888,66.248,67.472,673755000
NVDA,2024-02-22,75.025,78.575,74.22,78.538,865100000
NVDA,2024-02-23,80.79,82.394,77.57,78.817,829388000
NVDA,2024-02-26,79.7,80.646,78.505,79.092,503973000
NVDA,2024-02-27,79.381,79.48,77.162,78.701,391705000
NVDA,2024-02-28,77.62,78.933,77.125,77.663,393110000
NVDA,2024-02-29,79.094,79.99,78.35,79.112,507289000
NVDA,2024-03-01,80.0,82.3,79.435,82.279,479135000
NVDA,2024-03-04,84.13,87.695,83.719,85.237,615616000
NVDA,2024-03-05,85.27,86.097,83.417,85.964,520639000
NVDA,2024-03-06,88.022,89.724,87.03,88.7,582520000
NVDA,2024-03-07,90.158,92.767,89.602,92.669,608119000
NVDA,2024-03-08,95.138,97.4,86.506,87.528,1142269000
NVDA,2024-03-11,86.429,88.797,84.166,85.774,678364000
NVDA,2024-03-12,88.049,91.96,86.15,91.913,668075000
NVDA,2024-03-13,91.055,91.504,88.435,90.888,635713000
NVDA,2024-03-14,89.577,90.646,86.6,87.944,602318000
NVDA,2024-03-15,86.93,89.546,86.257,87.837,642086000
NVDA,2024-03-18,90.388,92.405,87.085,88.455,668976000
NVDA,2024-03-19,86.7,90.544,85.01,89.398,672171000
NVDA,2024-03-20,89.797,90.41,88.223,90.372,479063000
NVDA,2024-03-21,92.3,92.648,90.405,91.435,480372000
NVDA,2024-03-22,91.141,94.778,90.834,94.289,586719000
NVDA,2024-03-25,93.941,96.766,93.51,95.002,552136000
NVDA,2024-03-26,95.851,96.375,92.502,92.561,513648000
NVDA,2024-03-27,93.112,93.24,89.123,90.25,586067000
NVDA,2024-03-28,90.0,91.3,89.193,90.356,435212000
NVDA,2024-04-01,90.299,92.225,89.204,90.363,452441000
NVDA,2024-04-02,88.448,90.094,87.62,89.452,433064000
NVDA,2024-04-03,88.484,90.374,88.4,88.964,370067000
NVDA,2024-04-04,90.406,90.634,85.88,85.905,434965000
NVDA,2024-04-05,86.866,88.481,85.926,88.008,399678000
NVDA,2024-04-08,88.7,88.83,86.732,87.133,283220000
NVDA,2024-04-09,87.442,87.635,83.022,85.354,501700000
NVDA,2024-04-10,83.926,87.4,83.709,87.039,431929000
NVDA,2024-04-11,87.42,90.739,86.926,90.616,431637000
NVDA,2024-04-12,89.699,90.175,87.53,88.186,426805000
NVDA,2024-04-15,89.098,90.613,85.929,86.001,443077000
NVDA,2024-04-16,86.433,88.118,86.064,87.415,370453000
NVDA,2024-04-17,88.34,88.775,83.95,84.035,495400000
NVDA,2024-04-18,84.97,86.19,82.402,84.671,447260000
NVDA,2024-04-19,83.15,84.324,75.606,76.2,875198000
NVDA,2024-04-22,78.104,80.073,76.4,79.518,596341000
NVDA,2024-04-23,80.769,82.769,80.264,82.423,438559000
NVDA,2024-04-24,83.95,84.082,79.183,79.677,512208000
NVDA,2024-04-25,78.868,83.323,78.223,82.632,424641000
NVDA,2024-04-26,83.818,88.331,83.387,87.735,551011000
NVDA,2024-04-29,87.595,87.992,85.266,87.757,388971000
NVDA,2024-04-30,87.24,88.819,86.3,86.402,363709000
NVDA,2024-05-01,85.077,86.0,81.255,83.041,559863000
NVDA,2024-05-02,84.449,86.237,83.2,85.817,377898000
NVDA,2024-05-03,87.789,89.281,87.04,88.789,398341000
NVDA,2024-05-06,89.39,92.22,89.055,92.14,376203000
NVDA,2024-05-07,91.098,91.781,89.011,90.554,437342000
NVDA,2024-05-08,89.483,91.194,89.42,90.412,325721000
NVDA,2024-05-09,90.529,91.072,88.231,88.747,378013000
NVDA,2024-05-10,90.305,91.401,89.227,89.878,335325000
NVDA,2024-05-13,90.478,90.998,88.529,90.399,289680000
NVDA,2024-05-14,89.599,91.651,88.934,91.356,296507000
NVDA,2024-05-15,92.472,94.862,91.599,94.63,417735000
NVDA,2024-05-16,94.91,95.819,94.103,94.359,323952000
NVDA,2024-05-17,94.369,94.74,91.806,92.479,359691000
NVDA,2024-05-20,93.75,95.2,93.44,94.78,318764000
NVDA,2024-05-21,93.599,95.4,93.18,95.386,328946000
NVDA,2024-05-22,95.459,96.02,93.249,94.95,548648000
NVDA,2024-05-23,102.028,106.32,101.52,103.799,835065000
NVDA,2024-05-24,104.449,106.475,103.0,106.469,429494000
NVDA,2024-05-28,110.244,114.939,109.883,113.901,652728000
NVDA,2024-05-29,113.05,115.492,110.901,114.825,557442000
NVDA,2024-05-30,114.65,115.819,109.663,110.5,484553000
NVDA,2024-05-31,112.52,112.717,106.94,109.633,613263000
NVDA,2024-06-03,113.621,115.0,112.003,115.0,438392000
NVDA,2024-06-04,115.716,116.6,114.045,116.437,403324000
NVDA,2024-06-05,118.371,122.449,117.468,122.44,528402000
NVDA,2024-06-06,124.048,125.587,118.32,120.998,664696000
NVDA,2024-06-07,119.77,121.692,118.022,120.888,412386000
NVDA,2024-06-10,120.37,123.1,117.01,121.79,313434100
NVDA,2024-06-11,121.77,122.87,118.74,120.91,222551200
NVDA,2024-06-12,123.06,126.88,122.57,125.2,299595000
NVDA,2024-06-13,129.39,129.8,127.16,129.61,260704500
NVDA,2024-06-14,129.96,132.84,128.32,131.88,309320400
NVDA,2024-06-17,132.99,133.73,129.58,130.98,288504400
NVDA,2024-06-18,131.14,136.33,130.69,135.58,294335100
NVDA,2024-06-20,139.8,140.76,129.52,130.78,517768400
NVDA,2024-06-21,127.12,130.63,124.3,126.57,649445800
NVDA,2024-06-24,123.24,124.46,118.04,118.11,476060900
NVDA,2024-06-25,121.2,126.5,119.32,126.09,414192600
NVDA,2024-06-26,126.13,128.12,122.6,126.4,362975900
NVDA,2024-06-27,124.1,126.41,122.92,123.99,252571700
NVDA,2024-06-28,124.58,127.71,122.75,123.54,315516700
NVDA,2024-07-01,123.47,124.84,118.83,124.3,284885500
NVDA,2024-07-02,121.13,123.41,121.03,122.67,218374000
NVDA,2024-07-03,121.66,128.28,121.36,128.28,215749000
NVDA,2024-07-05,127.38,128.85,125.68,125.83,214176700
NVDA,2024-07-08,127.49,130.77,127.04,128.2,237677300
NVDA,2024-07-09,130.35,133.82,128.65,131.38,285366600
NVDA,2024-07-10,134.03,135.1,132.42,134.91,248978600
NVDA,2024-07-11,135.75,136.15,127.05,127.4,374782700
NVDA,2024-07-12,128.26,131.92,127.22,129.24,252680500
NVDA,2024-07-15,130.56,131.39,127.18,128.44,208326200
NVDA,2024-07-16,128.44,129.04,124.58,126.36,214769500
NVDA,2024-07-17,121.35,121.85,116.72,117.99,390086200
NVDA,2024-07-18,121.85,122.4,116.56,121.09,320979500
NVDA,2024-07-19,120.35,121.6,117.37,117.93,217223800
NVDA,2024-07-22,120.35,124.07,119.86,123.54,258068900
NVDA,2024-07-23,122.78,124.69,122.1,122.59,173911000
NVDA,2024-07-24,119.17,119.95,113.44,114.25,327776900
NVDA,2024-07-25,113.04,116.63,106.3,112.28,460067000
NVDA,2024-07-26,116.19,116.2,111.58,113.06,293399100
NVDA,2024-07-29,113.69,116.28,111.3,111.59,248152100
NVDA,2024-07-30,111.52,111.99,102.54,103.73,486833300
NVDA,2024-07-31,112.9,118.34,110.88,117.02,473174200
NVDA,2024-08-01,117.53,120.16,106.81,109.21,523462300
NVDA,2024-08-02,103.76,108.72,101.37,107.27,482027500
NVDA,2024-08-05,92.06,103.41,90.69,100.45,552842400
NVDA,2024-08-06,103.84,107.71,100.55,104.25,409012100
NVDA,2024-08-07,107.81,108.8,98.69,98.91,411440400
NVDA,2024-08-08,102.0,105.5,97.52,104.97,391910000
NVDA,2024-08-09,105.64,106.6,103.43,104.75,290844200
NVDA,2024-08-12,106.32,111.07,106.26,109.02,325559900
NVDA,2024-08-13,112.44,116.23,111.58,116.14,312646700
NVDA,2024-08-14,118.53,118.6,114.07,118.08,339246400
NVDA,2024-08-15,118.76,123.24,117.47,122.86,318086700
NVDA,2024-08-16,121.94,125.0,121.18,124.58,302589900
NVDA,2024-08-19,124.28,130.0,123.42,130.0,318333600
NVDA,2024-08-20,128.4,129.88,125.89,127.25,300087400
NVDA,2024-08-21,127.32,129.35,126.66,128.5,257883600
NVDA,2024-08-22,130.02,130.75,123.1,123.74,376189100
NVDA,2024-08-23,125.86,129.6,125.22,129.37,323230300
NVDA,2024-08-26,129.57,131.26,124.37,126.46,331964700
NVDA,2024-08-27,125.05,129.2,123.88,128.3,303134600
NVDA,2024-08-28,128.12,128.33,122.64,125.61,448101100
NVDA,2024-08-29,121.36,124.43,116.71,117.59,453023300
NVDA,2024-08-30,119.53,121.75,117.22,119.37,333751600
NVDA,2024-09-03,116.01,116.21,107.29,108.0,477155100
NVDA,2024-09-04,105.41,113.27,104.12,106.21,372470300
NVDA,2024-09-05,104.99,109.65,104.76,107.21,306850700
NVDA,2024-09-06,108.04,108.15,100.95,102.83,413638100
NVDA,2024-09-09,104.88,106.55,103.69,106.47,273912000
NVDA,2024-09-10,107.81,109.4,104.95,108.1,268283700
NVDA,2024-09-11,109.39,117.19,107.42,116.91,441422400
NVDA,2024-09-12,116.84,120.79,115.38,119.14,366052700
NVDA,2024-09-13,119.08,119.96,117.6,119.1,238358300
NVDA,2024-09-16,116.79,118.18,114.36,116.78,248772300
NVDA,2024-09-17,118.17,118.8,114.83,115.59,231925900
NVDA,2024-09-18,115.89,117.7,113.22,113.37,310318900
NVDA,2024-09-19,117.35,119.66,117.25,117.87,293506400
NVDA,2024-09-20,117.06,118.62,115.39,116.0,382462400
NVDA,2024-09-23,116.55,116.99,114.86,116.26,206228500
NVDA,2024-09-24,116.52,121.8,115.38,120.87,354966800
NVDA,2024-09-25,122.02,124.94,121.61,123.51,284692900
NVDA,2024-09-26,126.8,127.67,121.8,124.04,302582900
NVDA,2024-09-27,123.97,124.03,119.26,121.4,271009200
NVDA,2024-09-30,118.31,121.5,118.15,121.44,226553700
NVDA,2024-10-01,121.77,122.44,115.79,117.0,302094500
NVDA,2024-10-02,116.44,119.38,115.14,118.85,221845900
NVDA,2024-10-03,120.92,124.36,120.34,122.85,277118000
NVDA,2024-10-04,124.94,125.04,121.83,124.92,243678100
NVDA,2024-10-07,124.99,130.64,124.95,127.72,346250200
NVDA,2024-10-08,130.26,133.48,129.42,132.89,285722500
NVDA,2024-10-09,134.11,134.52,131.38,132.65,246191600
NVDA,2024-10-10,131.91,135.0,131.0,134.81,242311300
NVDA,2024-10-11,134.01,135.78,133.66,134.8,170209500
NVDA,2024-10-14,136.47,139.6,136.3,138.07,232347700
NVDA,2024-10-15,137.87,138.57,128.74,131.6,377831000
NVDA,2024-10-16,133.98,136.62,131.58,135.72,264879700
NVDA,2024-10-17,139.34,140.89,136.87,136.93,306435900
NVDA,2024-10-18,138.67,138.9,137.28,138.0,176090200
NVDA,2024-10-21,138.13,143.71,138.0,143.71,264554500
NVDA,2024-10-22,142.91,144.42,141.78,143.59,226311600
NVDA,2024-10-23,142.03,142.43,137.46,139.56,285930000
NVDA,2024-10-24,140.82,141.35,138.46,140.41,172354900
NVDA,2024-10-25,140.93,144.13,140.8,141.54,205122100
NVDA,2024-10-28,143.0,143.14,140.05,140.52,173586700
NVDA,2024-10-29,140.29,142.26,138.9,141.25,157593600
NVDA,2024-10-30,139.54,140.33,136.81,139.34,179418100
NVDA,2024-10-31,137.6,137.61,132.11,132.76,270039600
NVDA,2024-11-01,134.7,137.31,134.57,135.4,207127800
NVDA,2024-11-04,137.21,138.96,135.57,136.05,187528200
NVDA,2024-11-05,137.45,140.37,137.33,139.91,160537400
NVDA,2024-11-06,142.96,146.49,141.96,145.61,242043900
NVDA,2024-11-07,146.39,148.93,146.17,148.88,207323300
NVDA,2024-11-08,148.77,149.77,146.26,147.63,175665800
NVDA,2024-11-11,148.68,148.85,143.57,145.26,182325600
NVDA,2024-11-12,146.78,149.65,146.01,148.29,198634700
NVDA,2024-11-13,149.07,149.33,145.9,146.27,191903300
NVDA,2024-11-14,147.64,149.0,145.55,146.76,194463300
NVDA,2024-11-15,144.87,145.24,140.08,141.98,250132900
NVDA,2024-11-18,139.5,141.55,137.15,140.15,221205300
NVDA,2024-11-19,141.32,147.13,140.99,147.01,227834900
NVDA,2024-11-20,147.41,147.56,142.73,145.89,309871700
NVDA,2024-11-21,149.35,152.89,140.7,146.67,400946600
NVDA,2024-11-22,145.93,147.16,141.1,141.95,236406200
NVDA,2024-11-25,141.99,142.05,135.82,136.02,344941900
NVDA,2024-11-26,137.7,139.3,135.67,136.92,190287700
NVDA,2024-11-27,135.01,137.22,131.8,135.34,226370900
NVDA,2024-11-29,136.78,139.35,136.05,138.25,141863200
NVDA,2024-12-02,138.83,140.45,137.82,138.63,171682800
NVDA,2024-12-03,138.26,140.54,137.95,140.26,164414000
NVDA,2024-12-04,142.0,145.79,140.29,145.14,231224300
NVDA,2024-12-05,145.11,146.54,143.95,145.06,172621200
NVDA,2024-12-06,144.6,145.7,141.31,142.44,188505600
NVDA,2024-12-09,138.97,139.95,137.13,138.81,189308600
NVDA,2024-12-10,139.01,141.82,133.79,135.07,210020900
NVDA,2024-12-11,137.36,140.17,135.21,139.31,184905200
NVDA,2024-12-12,137.08,138.44,135.8,137.34,159211400
NVDA,2024-12-13,138.94,139.6,132.54,134.25,231514900
NVDA,2024-12-16,134.18,134.4,130.42,132.0,237951100
NVDA,2024-12-17,129.09,131.59,126.86,130.39,259410300
NVDA,2024-12-18,133.86,136.7,128.28,128.91,277444500
NVDA,2024-12-19,131.76,134.03,129.55,130.68,209719200
NVDA,2024-12-20,129.81,135.28,128.22,134.7,306528600
NVDA,2024-12-23,136.28,139.79,135.12,139.67,176053500
NVDA,2024-12-24,140.0,141.9,138.65,140.22,105157000
NVDA,2024-12-26,139.7,140.85,137.73,139.93,116205600
NVDA,2024-12-27,138.55,139.02,134.71,137.01,170582600
NVDA,2024-12-30,134.83,140.27,134.02,137.49,167734700
NVDA,2024-12-31,138.03,138.07,133.83,134.29,155659200
NVDA,2025-01-02,136.0,138.88,134.63,138.31,198247200
NVDA,2025-01-03,140.01,144.9,139.73,144.47,229322500
NVDA,2025-01-06,148.59,152.16,147.82,149.43,265377400
NVDA,2025-01-07,153.03,153.13,140.01,140.14,351782200
NVDA,2025-01-08,142.58,143.95,137.56,140.11,227349900
NVDA,2025-01-10,137.45,139.92,134.22,135.91,207602500
NVDA,2025-01-13,129.99,133.49,129.51,133.23,204808900
NVDA,2025-01-14,136.05,136.38,130.05,131.76,195590500
NVDA,2025-01-15,133.65,136.45,131.29,136.24,185217300
NVDA,2025-01-16,138.64,138.75,133.49,133.57,209235600
NVDA,2025-01-17,136.69,138.5,135.46,137.71,201188800
NVDA,2025-01-21,139.16,141.83,137.09,140.83,197749000
NVDA,2025-01-22,144.66,147.79,143.67,147.07,237651400
NVDA,2025-01-23,145.05,147.23,143.72,147.22,155915500
NVDA,2025-01-24,148.37,148.97,141.88,142.62,234657600
NVDA,2025-01-27,124.8,128.4,116.7,118.42,818830900
NVDA,2025-01-28,121.81,129.0,116.25,128.99,579666400
NVDA,2025-01-29,126.5,126.89,120.05,123.7,467120600
NVDA,2025-01-30,123.1,125.0,118.1,124.65,392925500
NVDA,2025-01-31,123.78,127.85,119.19,120.07,388161100
NVDA,2025-02-03,114.75,118.57,113.01,116.66,371235700
NVDA,2025-02-04,116.96,121.2,116.7,118.65,256550000
NVDA,2025-02-05,121.76,125.0,120.76,124.83,262230800
NVDA,2025-02-06,127.42,128.77,125.21,128.68,251483600
NVDA,2025-02-07,129.22,130.37,125.0,129.84,228186300
NVDA,2025-02-10,130.09,135.0,129.96,133.57,216989100
NVDA,2025-02-11,132.58,134.48,131.02,132.8,178902400
NVDA,2025-02-12,130.02,132.24,129.08,131.14,160278600
NVDA,2025-02-13,131.56,136.5,131.17,135.29,197430000
NVDA,2025-02-14,136.48,139.25,135.5,138.85,195479600
NVDA,2025-02-18,141.27,143.44,137.93,139.4,219176600
NVDA,2025-02-19,139.51,141.36,137.22,139.23,167536000
NVDA,2025-02-20,140.03,140.66,136.79,140.11,143903600
NVDA,2025-02-21,140.04,141.46,134.03,134.43,228217600
NVDA,2025-02-24,136.56,138.59,130.08,130.28,251381100
NVDA,2025-02-25,129.98,130.2,124.44,126.63,271428700
NVDA,2025-02-26,129.99,133.73,128.49,131.28,322553800
NVDA,2025-02-27,135.0,135.01,120.01,120.15,443175800
NVDA,2025-02-28,118.02,125.09,116.4,124.92,389091100
NVDA,2025-03-03,123.51,123.7,112.28,114.06,411381400
NVDA,2025-03-04,110.65,119.31,110.11,115.99,398163300
NVDA,2025-03-05,117.58,118.28,114.51,117.3,284337900
NVDA,2025-03-06,113.53,115.35,110.22,110.57,321181900
NVDA,2025-03-07,111.25,113.48,107.56,112.69,341755500
NVDA,2025-03-10,109.9,111.85,105.46,106.98,366487400
NVDA,2025-03-11,106.99,112.24,104.77,108.76,354865700
NVDA,2025-03-12,114.12,116.76,112.88,115.74,323857500
NVDA,2025-03-13,117.03,117.76,113.79,115.58,299033100
NVDA,2025-03-14,118.61,121.88,118.15,121.67,277593500
NVDA,2025-03-17,122.74,122.89,118.03,119.53,255501500
NVDA,2025-03-18,118.0,119.02,114.54,115.43,299686900
NVDA,2025-03-19,117.27,120.45,115.68,117.52,273426200
NVDA,2025-03-20,116.55,120.2,116.47,118.53,248829700
NVDA,2025-03-21,116.94,117.99,115.42,117.7,266498500
NVDA,2025-03-24,119.88,122.22,119.34,121.41,228452500
NVDA,2025-03-25,120.55,121.29,118.92,120.69,167447200
NVDA,2025-03-26,118.73,118.84,112.71,113.76,293463300
NVDA,2025-03-27,111.35,114.45,110.66,111.43,236902100
NVDA,2025-03-28,111.49,112.87,109.07,109.67,229872500
NVDA,2025-03-31,105.13,110.96,103.65,108.38,299212700
NVDA,2025-04-01,108.52,110.2,106.47,110.15,222614000
NVDA,2025-04-02,107.29,111.98,106.79,110.42,220601200
NVDA,2025-04-03,103.51,105.63,101.6,101.8,338769400
NVDA,2025-04-04,98.91,100.13,92.11,94.31,532273800
NVDA,2025-04-07,87.46,101.75,86.62,97.64,611041300
NVDA,2025-04-08,103.81,105.85,94.46,96.3,476243400
NVDA,2025-04-09,98.89,115.1,97.53,114.33,612918300
NVDA,2025-04-10,109.37,110.86,99.15,107.57,437812400
NVDA,2025-04-11,108.5,111.55,107.48,110.93,313417300
NVDA,2025-04-14,114.11,114.29,109.07,110.71,264705000
NVDA,2025-04-15,110.97,113.62,110.5,112.2,228966900
NVDA,2025-04-16,104.55,106.79,100.45,104.49,397016900
NVDA,2025-04-17,104.45,104.47,100.05,101.49,292517500
NVDA,2025-04-21,98.77,99.44,95.04,96.91,288501100
NVDA,2025-04-22,98.78,99.81,97.28,98.89,241004800
NVDA,2025-04-23,104.52,104.8,102.02,102.71,247526000
NVDA,2025-04-24,103.48,106.54,103.11,106.43,220815000
NVDA,2025-04-25,106.85,111.92,105.73,111.01,251064700
NVDA,2025-04-28,109.69,110.37,106.02,108.73,207708500
NVDA,2025-04-29,107.67,110.2,107.44,109.02,170444300
NVDA,2025-04-30,104.47,108.92,104.08,108.92,235044600
NVDA,2025-05-01,113.08,114.94,111.3,111.61,236121500
NVDA,2025-05-02,114.18,115.4,113.37,114.5,190194800
NVDA,2025-05-05,112.91,114.67,112.66,113.82,133163200
NVDA,2025-05-06,111.48,114.74,110.82,113.54,158525600
NVDA,2025-05-07,113.05,117.68,112.28,117.06,206758800
NVDA,2025-05-08,118.25,118.68,115.85,117.37,198428100
NVDA,2025-05-09,117.35,118.23,115.21,116.65,132972200
NVDA,2025-05-12,121.97,123.0,120.28,123.0,225023300
NVDA,2025-05-13,124.98,131.22,124.47,129.93,330430100
NVDA,2025-05-14,133.2,135.44,131.68,135.34,281180800
NVDA,2025-05-15,134.29,136.3,132.66,134.83,226632600
NVDA,2025-05-16,136.22,136.35,133.46,135.4,226542500
NVDA,2025-05-19,132.39,135.87,132.39,135.57,193154600
NVDA,2025-05-20,134.29,134.58,132.62,134.38,161514200
NVDA,2025-05-21,133.06,137.4,130.59,131.8,270608700
NVDA,2025-05-22,132.23,134.25,131.55,132.83,187344000
NVDA,2025-05-23,130.0,132.68,129.16,131.29,198821300
NVDA,2025-05-27,134.15,135.66,133.31,135.5,192953600
NVDA,2025-05-28,136.03,137.25,134.79,134.81,304021100
NVDA,2025-05-29,142.25,143.49,137.91,139.19,369241900
NVDA,2025-05-30,138.72,139.62,132.92,135.13,333170900
NVDA,2025-06-02,135.49,138.12,135.4,137.38,197663100
NVDA,2025-06-03,138.78,142.0,137.95,141.22,225578800
NVDA,2025-06-04,142.19,142.39,139.54,141.92,167120800
NVDA,2025-06-05,142.17,144.0,138.83,139.99,231397900
NVDA,2025-06-06,142.51,143.27,141.51,141.72,153986200
NVDA,2025-06-09,143.19,145.0,141.94,142.63,185114500
NVDA,2025-06-10,142.69,144.29,141.53,143.96,155881900
NVDA,2025-06-11,144.61,144.99,141.87,142.83,167694000
NVDA,2025-06-12,141.97,145.0,141.85,145.0,162365000
NVDA,2025-06-13,142.48,143.58,140.85,141.97,180820600
NVDA,2025-06-16,143.35,146.18,143.2,144.69,183133700
NVDA,2025-06-17,144.49,145.22,143.78,144.12,139108000
NVDA,2025-06-18,144.01,145.65,143.12,145.48,161494100
NVDA,2025-06-20,145.45,146.2,142.65,143.85,242956200
NVDA,2025-06-23,142.5,144.78,142.03,144.17,154308900
NVDA,2025-06-24,145.56,147.96,145.5,147.9,187566100
NVDA,2025-06-25,149.27,154.45,149.26,154.31,269146500
NVDA,2025-06-26,155.98,156.72,154.0,155.02,198145700
NVDA,2025-06-27,156.04,158.71,155.26,157.75,263234500
NVDA,2025-06-30,158.4,158.66,155.96,157.99,194580300
NVDA,2025-07-01,156.29,157.2,151.49,153.3,213143600
NVDA,2025-07-02,152.98,157.6,152.97,157.25,171224100
NVDA,2025-07-03,158.37,160.98,157.77,159.34,143716100
NVDA,2025-07-07,158.2,159.31,157.34,158.24,140139000
NVDA,2025-07-08,159.33,160.22,158.39,160.0,138133000
NVDA,2025-07-09,161.22,164.42,161.16,162.88,183656400
NVDA,2025-07-10,164.32,164.5,161.61,164.1,167704100
NVDA,2025-07-11,163.72,167.89,163.47,164.92,193633300
NVDA,2025-07-14,165.37,165.49,162.02,164.07,136975800
NVDA,2025-07-15,171.19,172.4,169.2,170.7,230627400
NVDA,2025-07-16,171.06,171.75,168.9,171.37,158831500
NVDA,2025-07-17,172.02,174.16,170.83,173.0,160841100
NVDA,2025-07-18,173.64,174.25,171.26,172.41,146456400
NVDA,2025-07-21,172.75,173.38,171.0,171.38,123126100
NVDA,2025-07-22,171.34,171.39,164.58,167.03,193114300
NVDA,2025-07-23,169.53,171.26,167.97,170.78,154082200
NVDA,2025-07-24,172.44,173.83,171.3,173.74,128984600
NVDA,2025-07-25,173.61,174.72,172.96,173.5,122316800
NVDA,2025-07-28,174.02,177.0,173.97,176.75,140023500
NVDA,2025-07-29,177.96,179.38,175.02,175.51,154077500
NVDA,2025-07-30,176.51,179.89,176.04,179.27,174312200
NVDA,2025-07-31,182.9,183.3,175.93,177.87,221685400
NVDA,2025-08-01,174.09,176.54,170.89,173.72,204529000
NVDA,2025-08-04,175.16,180.2,174.52,180.0,148174600
NVDA,2025-08-05,179.62,180.26,175.9,178.26,156407600
NVDA,2025-08-06,176.33,179.9,176.25,179.42,137192300
NVDA,2025-08-07,181.57,183.88,178.8,180.77,151878400
NVDA,2025-08-08,181.55,183.3,180.4,182.7,123396700
NVDA,2025-08-11,182.05,183.84,180.25,182.06,138323200
NVDA,2025-08-12,182.96,184.48,179.46,183.16,145485700
NVDA,2025-08-13,182.62,183.97,179.35,181.59,179871700
NVDA,2025-08-14,179.75,183.02,179.46,182.02,129554000
NVDA,2025-08-15,181.88,181.9,178.04,180.45,156602200
NVDA,2025-08-18,180.6,182.94,180.59,182.01,132008000
NVDA,2025-08-19,182.43,182.5,175.49,175.64,185229200
NVDA,2025-08-20,175.17,176.0,168.8,175.4,215142700
NVDA,2025-08-21,174.85,176.9,173.81,174.98,140040900
NVDA,2025-08-22,172.61,178.59,171.2,177.99,172789400
NVDA,2025-08-25,178.35,181.91,176.57,179.81,163012800
NVDA,2025-08-26,180.06,182.39,178.81,181.77,168688200
NVDA,2025-08-27,181.98,182.49,179.1,181.6,235518900
NVDA,2025-08-28,180.82,184.47,176.41,180.17,281787800
NVDA,2025-08-29,178.11,178.15,173.15,174.18,243257900
NVDA,2025-09-02,170.0,172.38,167.22,170.78,231164900
NVDA,2025-09-03,171.06,172.41,168.88,170.62,164424900
NVDA,2025-09-04,170.57,171.86,169.41,171.66,141670100
NVDA,2025-09-05,168.03,169.03,164.07,167.02,224441400
NVDA,2025-09-08,167.55,170.96,167.35,168.31,163769100
NVDA,2025-09-09,169.09,170.98,166.74,170.76,157548400
NVDA,2025-09-10,176.64,179.29,175.47,177.33,226852000
NVDA,2025-09-11,179.68,180.28,176.48,177.17,151159300
NVDA,2025-09-12,177.77,178.6,176.45,177.82,124911000
NVDA,2025-09-15,175.67,178.85,174.51,177.75,147061600
NVDA,2025-09-16,177.0,177.5,174.38,174.88,140737800
NVDA,2025-09-17,172.64,173.2,168.41,170.29,211843800
NVDA,2025-09-18,173.98,177.1,172.96,176.24,191763300
NVDA,2025-09-19,175.77,178.08,175.18,176.67,237182100
NVDA,2025-09-22,175.3,184.55,174.71,183.61,269637000
NVDA,2025-09-23,181.97,182.42,176.21,178.43,192559600
NVDA,2025-09-24,179.77,179.78,175.4,176.97,143564100
NVDA,2025-09-25,174.48,180.26,173.13,177.69,191586700
NVDA,2025-09-26,178.17,179.77,174.93,178.19,148573700
NVDA,2025-09-29,180.43,184.0,180.32,181.85,193063500
NVDA,2025-09-30,182.08,187.35,181.48,186.58,236981000
NVDA,2025-10-01,185.24,188.14,183.9,187.24,173844900
NVDA,2025-10-02,189.6,191.05,188.06,188.89,136805800
NVDA,2025-10-03,189.19,190.36,185.38,187.62,137596900
NVDA,2025-10-06,185.5,187.23,183.33,185.54,157678100
NVDA,2025-10-07,186.23,189.06,184.0,185.04,140088000
NVDA,2025-10-08,186.57,189.6,186.54,189.11,130168900
NVDA,2025-10-09,192.23,195.3,191.06,192.57,182997200
NVDA,2025-10-10,193.51,195.62,182.05,183.16,268774400
NVDA,2025-10-13,187.97,190.11,185.96,188.32,153482800
NVDA,2025-10-14,184.77,184.8,179.7,180.03,205641400
NVDA,2025-10-15,184.8,184.87,177.29,179.83,214450500
NVDA,2025-10-16,182.23,183.28,179.77,181.81,179723300
NVDA,2025-10-17,180.18,184.1,179.75,183.22,173135200
NVDA,2025-10-20,183.13,185.2,181.73,182.64,128544700
NVDA,2025-10-21,182.79,182.79,179.8,181.16,124240200
NVDA,2025-10-22,181.14,183.44,176.76,180.28,162249600
NVDA,2025-10-23,180.42,183.03,179.79,182.16,111363700
NVDA,2025-10-24,183.84,187.47,183.5,186.26,131296700
NVDA,2025-10-27,189.99,192.0,188.43,191.49,153452700
NVDA,2025-10-28,193.05,203.15,191.91,201.03,297986200
NVDA,2025-10-29,207.98,212.19,204.78,207.04,308829600
NVDA,2025-10-30,205.15,206.16,201.41,202.89,178864400
NVDA,2025-10-31,206.45,207.97,202.07,202.49,179802200
NVDA,2025-11-03,208.08,211.34,205.56,206.88,180267300
NVDA,2025-11-04,203.0,203.97,197.93,198.69,188919300
NVDA,2025-11-05,198.77,202.92,194.65,195.21,171350300
NVDA,2025-11-06,196.42,197.62,186.38,188.08,223029800
NVDA,2025-11-07,184.9,188.32,178.91,188.15,264942300
NVDA,2025-11-10,195.11,199.94,193.79,199.05,198897100
NVDA,2025-11-11,195.16,195.42,191.3,193.16,176483300
NVDA,2025-11-12,195.72,195.89,191.13,193.8,154935300
NVDA,2025-11-13,191.05,191.44,183.85,186.86,207423100
NVDA,2025-11-14,182.86,191.01,180.58,190.17,186591900
NVDA,2025-11-17,185.97,189.0,184.32,186.6,173628900
NVDA,2025-11-18,183.38,184.8,179.65,181.36,213598900
NVDA,2025-11-19,184.79,187.86,182.83,186.52,247246400
NVDA,2025-11-20,195.95,196.0,179.85,180.64,343504800
NVDA,2025-11-21,181.24,184.56,172.93,178.88,346926200
NVDA,2025-11-24,179.49,183.5,176.48,182.55,256618300
NVDA,2025-11-25,174.91,178.16,169.55,177.82,320600300
NVDA,2025-11-26,181.63,182.91,178.24,180.26,183852000
NVDA,2025-11-28,179.01,179.29,176.5,177.0,121332800
NVDA,2025-12-01,174.76,180.3,173.68,179.92,188131000
NVDA,2025-12-02,181.76,185.66,180.0,181.46,182632200
NVDA,2025-12-03,181.08,182.45,179.11,179.59,165138000
NVDA,2025-12-04,181.62,184.52,179.96,183.38,167364900
NVDA,2025-12-05,183.89,184.66,180.91,182.41,143971100
NVDA,2025-12-08,182.64,188.0,182.4,185.55,204378100
NVDA,2025-12-09,185.56,185.72,183.32,184.97,144719700
NVDA,2025-12-10,184.97,185.48,182.04,183.78,162785400
NVDA,2025-12-11,180.28,181.32,176.62,180.93,182136600
NVDA,2025-12-12,181.11,182.82,174.62,175.02,204274900
NVDA,2025-12-15,177.94,178.42,175.03,176.29,164775600
NVDA,2025-12-16,176.26,178.49,174.9,177.72,148588100
NVDA,2025-12-17,176.1,176.13,170.31,170.94,222775500
NVDA,2025-12-18,174.53,176.15,171.82,174.14,176096000
NVDA,2025-12-19,176.67,181.45,176.34,180.99,324925900
NVDA,2025-12-22,183.92,184.16,182.35,183.69,129064400
NVDA,2025-12-23,182.97,189.33,182.9,189.21,174873600
NVDA,2025-12-24,187.94,188.91,186.59,188.61,65528500
NVDA,2025-12-26,189.92,192.69,188.0,190.53,139740300
NVDA,2025-12-29,187.71,188.76,185.91,188.22,120006100
NVDA,2025-12-30,188.24,188.99,186.93,187.54,97687300
NVDA,2025-12-31,189.57,190.56,186.49,186.5,120100500
NVDA,2026-01-02,189.84,192.93,188.26,188.85,148240500
NVDA,2026-01-05,191.76,193.63,186.15,188.12,183529700
NVDA,2026-01-06,190.52,192.17,186.82,187.24,176862600
NVDA,2026-01-07,188.57,191.37,186.56,189.11,153543200
NVDA,2026-01-08,189.11,189.55,183.71,185.04,172457000
NVDA,2026-01-09,185.08,186.34,183.67,184.86,131327500
NVDA,2026-01-12,183.22,187.12,183.02,184.94,137968500
NVDA,2026-01-13,185.0,188.11,183.4,185.81,160128900
NVDA,2026-01-14,184.32,184.46,180.8,183.14,159586100
NVDA,2026-01-15,186.5,189.7,186.33,187.05,206188600
NVDA,2026-01-16,189.08,190.44,186.08,186.23,187967200
NVDA,2026-01-20,181.9,182.38,177.61,178.07,223345300
NVDA,2026-01-21,179.05,185.38,178.4,183.32,200381000
NVDA,2026-01-22,184.75,186.17,183.93,184.84,139636600
NVDA,2026-01-23,187.5,189.6,186.82,187.67,142748100
NVDA,2026-01-26,187.16,189.12,185.99,186.47,124799600
NVDA,2026-01-27,187.24,190.0,185.7,188.52,143711600
NVDA,2026-01-28,191.27,192.35,189.84,191.52,148552700
NVDA,2026-01-29,191.34,193.48,186.06,192.51,171764400
NVDA,2026-01-30,191.21,194.49,189.47,191.13,179489500
NVDA,2026-02-02,187.2,190.3,184.88,185.61,165794100
NVDA,2026-02-03,186.24,186.27,176.23,180.34,204019600
NVDA,2026-02-04,179.46,179.58,171.91,174.19,207014100
NVDA,2026-02-05,174.93,176.82,171.03,171.88,206312900
NVDA,2026-02-06,176.69,187.0,174.6,185.41,231346200
NVDA,2026-02-09,184.26,193.66,183.95,190.04,196387400
NVDA,2026-02-10,191.38,192.48,188.12,188.54,136764800
NVDA,2026-02-11,192.45,193.26,188.77,190.05,144192700
NVDA,2026-02-12,193.03,193.61,186.51,186.94,189932500
NVDA,2026-02-13,187.48,187.5,181.59,182.81,161888000
NVDA,2026-02-17,181.75,187.15,179.18,184.97,162276900
NVDA,2026-02-18,188.75,190.37,186.76,187.98,164749100
NVDA,2026-02-19,187.06,188.43,185.66,187.9,126554500
NVDA,2026-02-20,186.57,190.33,185.94,189.82,178422300
NVDA,2026-02-23,191.4,193.95,189.58,191.55,171584800
NVDA,2026-02-24,191.49,193.77,187.4,192.85,175123600
NVDA,2026-02-25,194.45,197.63,193.79,195.56,250637100
NVDA,2026-02-26,194.27,194.29,184.32,184.89,360807900
NVDA,2026-02-27,181.25,182.59,176.38,177.19,311636500
NVDA,2026-03-02,175.01,183.46,174.64,182.48,209095300
NVDA,2026-03-03,178.49,180.9,176.92,180.05,178099400
NVDA,2026-03-04,180.44,184.7,180.06,183.04,177731200
NVDA,2026-03-05,181.17,184.06,177.88,183.34,198779700
NVDA,2026-03-06,179.84,182.76,176.82,177.82,189021900
NVDA,2026-03-09,176.83,182.91,175.56,182.65,177213600
NVDA,2026-03-10,182.4,186.44,182.01,184.77,179118500
NVDA,2026-03-11,185.91,187.62,184.45,186.03,145280400
NVDA,2026-03-12,184.05,184.94,181.75,183.14,155762700
NVDA,2026-03-13,184.92,186.09,179.94,180.25,160988400
NVDA,2026-03-16,182.97,188.88,181.41,183.22,217307400
NVDA,2026-03-17,185.06,185.4,181.68,181.93,182497800
NVDA,2026-03-18,182.48,183.38,180.33,180.4,156683100
NVDA,2026-03-19,178.01,179.98,175.79,178.56,170968500
NVDA,2026-03-20,178.0,178.26,171.72,172.7,241323500
NVDA,2026-03-23,177.26,178.37,174.76,175.64,182836300
NVDA,2026-03-24,174.83,176.22,173.98,175.2,147667800
NVDA,2026-03-25,177.1,181.22,176.85,178.68,162602100
NVDA,2026-03-26,176.07,176.51,171.14,171.24,186152200
NVDA,2026-03-27,170.0,170.97,167.01,167.52,196212700
NVDA,2026-03-30,168.78,169.45,164.27,165.17,185627000
NVDA,2026-03-31,166.97,174.62,166.96,174.4,226181300
NVDA,2026-04-01,176.0,177.37,174.75,175.75,168132000
NVDA,2026-04-02,172.18,177.49,171.37,177.39,143143200
NVDA,2026-04-06,177.16,177.79,175.76,177.64,107564300
NVDA,2026-04-07,175.73,178.23,173.66,178.1,132534900
NVDA,2026-04-08,184.5,185.26,180.3,182.08,147732700
NVDA,2026-04-09,181.84,184.08,180.62,183.91,116428500
NVDA,2026-04-10,184.31,190.0,184.3,188.63,160459500
NVDA,2026-04-13,186.03,189.66,185.74,189.31,133648200
NVDA,2026-04-14,190.84,196.51,190.77,196.51,161307000
NVDA,2026-04-15,196.54,200.4,195.74,198.87,185338400
NVDA,2026-04-16,197.43,199.85,195.81,198.35,134012900
NVDA,2026-04-17,199.9,201.7,199.27,201.68,160324400
NVDA,2026-04-20,199.98,202.17,197.84,202.06,119381400
NVDA,2026-04-21,202.13,202.75,199.0,199.88,107945300
NVDA,2026-04-22,200.99,202.5,199.0,202.5,107501000
NVDA,2026-04-23,202.46,203.83,197.22,199.64,113561800
NVDA,2026-04-24,199.96,210.95,199.81,208.27,214134400
NVDA,2026-04-27,209.65,216.83,207.38,216.61,187172400
NVDA,2026-04-28,209.49,214.73,208.2,213.17,180275400
NVDA,2026-04-29,212.7,212.72,207.58,209.25,123711800
NVDA,2026-04-30,209.93,210.3,198.7,199.57,225239200
NVDA,2026-05-01,201.28,203.0,197.12,198.45,128647000
NVDA,2026-05-04,199.5,201.73,194.74,198.48,125368100
NVDA,2026-05-05,199.3,200.24,196.03,196.5,113406600
NVDA,2026-05-06,199.89,208.27,198.61,207.83,188362800
NVDA,2026-05-07,208.34,214.2,206.5,211.5,168307900
NVDA,2026-05-08,213.03,217.8,212.89,215.2,136421400
NVDA,2026-05-11,214.04,222.3,213.89,219.44,160685800
NVDA,2026-05-12,218.55,223.75,214.92,220.78,159176600
NVDA,2026-05-13,224.93,227.84,221.57,225.83,150405400
NVDA,2026-05-14,229.85,236.54,229.3,235.74,180782900
NVDA,2026-05-15,229.76,231.5,224.24,225.32,180977600
NVDA,2026-05-18,229.87,230.0,218.37,222.32,146280900
NVDA,2026-05-19,219.62,224.48,217.91,220.61,140948200
NVDA,2026-05-20,223.18,226.13,220.5,223.47,184201600
NVDA,2026-05-21,222.29,227.4,217.93,219.51,203381800
NVDA,2026-05-22,220.9,221.01,214.8,215.33,169275700
NVDA,2026-05-26,216.54,218.18,212.0,214.86,187202600
NVDA,2026-05-27,214.12,214.15,208.78,212.6,167601200
NVDA,2026-05-28,211.28,215.52,211.22,214.25,143996000
NVDA,2026-05-29,214.58,217.86,211.13,211.14,289410600
NVDA,2026-06-01,215.73,224.87,215.7,224.36,212850700
NVDA,2026-06-02,227.18,232.28,221.35,222.82,193362900
NVDA,2026-06-03,221.72,222.82,214.51,214.75,160907000
NVDA,2026-06-04,213.91,221.6,210.97,218.66,169022200
NVDA,2026-06-05,214.53,214.87,204.33,205.1,219655500
NVDA,2026-06-08,210.18,210.47,206.0,208.64,138372800
NVDA,2026-06-09,210.62,211.4,199.34,208.19,180962500
NVDA,2026-06-10,204.43,207.22,199.92,200.42,161746600
NVDA,2026-06-11,201.49,205.66,199.54,204.87,158643200
NVDA,2026-06-12,204.86,207.07,203.44,205.19,112001800
NVDA,2026-06-15,208.92,212.71,208.34,212.45,149936700
NVDA,2026-06-16,211.18,211.49,207.29,207.41,125694100
NVDA,2026-06-17,208.53,209.21,203.08,204.65,128363500
NVDA,2026-06-18,207.33,211.39,206.5,210.69,241272000
NVDA,2026-06-22,211.44,213.99,207.72,208.65,122041400
NVDA,2026-06-23,202.17,203.77,200.0,200.04,153496200
NVDA,2026-06-24,200.12,201.67,196.58,199.0,151810700
NVDA,2026-06-25,200.08,200.8,192.13,195.74,149550000
NVDA,2026-06-26,193.12,195.55,191.22,192.53,179304100
NVDA,2026-06-29,193.85,196.18,189.8,194.97,148835700
NVDA,2026-06-30,197.24,200.63,195.11,200.09,166476700
NVDA,2026-07-01,196.2,199.85,193.45,197.58,146147600
NVDA,2026-07-02,197.14,200.06,192.35,194.83,142068700
NVDA,2026-07-06,194.42,197.55,193.99,195.55,108999000
NVDA,2026-07-07,192.37,198.41,191.14,196.93,124154600
NVDA,2026-07-08,195.18,205.16,195.06,204.12,147419100
NVDA,2026-07-09,204.46,204.59,198.96,202.78,132037400
NVDA,2026-07-10,202.0,211.0,201.92,210.96,148421000
NVDA,2026-07-13,208.54,210.57,203.0,203.53,121411000
NVDA,2026-07-14,208.2,212.55,203.8,211.8,124379600
NVDA,2026-07-15,211.96,213.81,206.04,212.5,124797200
NVDA,2026-07-16,210.17,211.08,205.85,207.4,122986100
NVDA,2026-07-17,202.64,206.65,197.97,202.81,144281900
NVDA,2026-07-20,205.87,207.74,202.28,203.28,88701500
NVDA,2026-07-21,207.54,208.65,204.01,207.29,108685600
NVDA,2026-07-22,205.81,214.39,204.95,212.06,137645600
NVDA,2026-07-23,209.46,210.87,205.96,208.76,110505300
NVDA,2026-07-24,207.45,211.91,204.81,206.84,114836800
NVDA,2026-07-27,208.2,208.75,195.44,196.51,154353700
NVDA,2026-07-28,195.0,198.7,192.74,197.01,134111500
NVDA,2026-07-29,195.85,197.07,190.01,190.01,147680800
NVDA,2026-07-30,193.45,197.25,191.52,195.04,129010200
NVDA,2026-07-31,198.44,202.0,194.95,200.75,139961200
NVDA,2026-08-03,197.69,208.74,196.85,206.64,128406900
NVDA,2026-08-04,211.3,213.06,209.05,211.94,134922000
NVDA,2026-08-05,216.86,222.22,216.4,219.22,158187400
NVDA,2026-08-06,221.53,223.63,217.0,218.99,113940600
NVDA,2026-08-07,221.54,224.76,220.66,223.96,105473700
TSLA,2021-08-10,237.9967,238.8633,233.96,236.6633,40296900
TSLA,2021-08-11,237.57,238.3933,234.7367,235.94,29401800
TSLA,2021-08-12,235.4467,240.9333,233.1333,240.75,52377300
TSLA,2021-08-13,241.2367,243.3,238.1133,239.0567,50194500
TSLA,2021-08-16,235.0233,236.5,225.4667,228.7233,68032200
TSLA,2021-08-17,224.22,224.86,216.28,221.9033,71163900
TSLA,2021-08-18,223.25,231.9233,223.1167,229.6633,61048200
TSLA,2021-08-19,226.07,228.85,222.53,224.49,42940500
TSLA,2021-08-20,227.6167,230.71,224.5667,226.7533,44525700
TSLA,2021-08-23,228.48,237.3767,226.9167,235.4333,60794700
TSLA,2021-08-24,236.8933,238.4067,234.2133,236.1633,39249300
TSLA,2021-08-25,235.6767,238.99,234.6667,237.0667,37936800
TSLA,2021-08-26,236.1033,238.4667,232.54,233.72,39642900
TSLA,2021-08-27,235.0,238.3333,234.0333,237.3067,41501400
TSLA,2021-08-30,238.24,243.6667,237.5767,243.6367,55812600
TSLA,2021-08-31,244.3333,246.7967,242.1467,245.24,62566200
TSLA,2021-09-01,244.6933,247.33,243.7567,244.6967,39612900
TSLA,2021-09-02,244.8333,246.99,243.5133,244.13,38331900
TSLA,2021-09-03,244.0833,244.6667,241.4,244.5233,45738300
TSLA,2021-09-07,246.6667,253.4,246.42,250.9733,60119400
TSLA,2021-09-08,253.86,254.8167,246.9233,251.29,56379000
TSLA,2021-09-09,251.1367,254.0333,250.5433,251.62,42233100
TSLA,2021-09-10,253.2,254.2033,244.84,245.4233,45552600
TSLA,2021-09-13,246.7367,248.26,236.2833,247.6667,68857500
TSLA,2021-09-14,247.5233,251.49,245.4667,248.1633,55574700
TSLA,2021-09-15,248.3333,252.2867,246.12,251.9433,46073100
TSLA,2021-09-16,250.9433,252.97,249.2033,252.33,41770200
TSLA,2021-09-17,252.3833,253.68,250.0,253.1633,84612600
TSLA,2021-09-20,244.8533,247.3333,239.54,243.39,74273100
TSLA,2021-09-21,244.93,248.2467,243.48,246.46,48992100
TSLA,2021-09-22,247.8433,251.2233,246.3733,250.6467,45378900
TSLA,2021-09-23,251.6667,252.7333,249.3067,251.2133,35842500
TSLA,2021-09-24,248.63,258.2667,248.1867,258.13,64119000
TSLA,2021-09-27,257.7067,266.3333,256.4367,263.7867,84212100
TSLA,2021-09-28,262.4,265.2133,255.3933,259.1867,76144200
TSLA,2021-09-29,259.9333,264.5,256.8933,260.4367,62828700
TSLA,2021-09-30,260.3333,263.0433,258.3333,258.4933,53868000
TSLA,2021-10-01,259.4667,260.26,254.53,258.4067,51094200
TSLA,2021-10-04,265.5,268.99,258.7067,260.51,91449900
TSLA,2021-10-05,261.6,265.77,258.0667,260.1967,55297800
TSLA,2021-10-06,258.7333,262.22,257.74,260.9167,43898400
TSLA,2021-10-07,261.82,268.3333,261.1267,264.5367,57587400
TSLA,2021-10-08,265.4033,265.46,260.3033,261.83,50215800
TSLA,2021-10-11,262.55,267.08,261.8333,263.98,42600900
TSLA,2021-10-12,266.9767,270.7733,265.5233,268.5733,66060000
TSLA,2021-10-13,270.1567,271.8033,268.5933,270.36,42360300
TSLA,2021-10-14,271.83,273.4167,271.1167,272.7733,36741600
TSLA,2021-10-15,274.58,281.07,274.1167,281.01,56773800
TSLA,2021-10-18,283.93,291.7533,283.8233,290.0367,72621600
TSLA,2021-10-19,292.51,292.65,287.5033,288.09,52143300
TSLA,2021-10-20,288.45,289.83,285.7933,288.6,42096300
TSLA,2021-10-21,285.3333,300.0,285.1667,298.0,94444500
TSLA,2021-10-22,298.5,303.3333,296.9867,303.2267,68642400
TSLA,2021-10-25,316.8433,348.34,314.7333,341.62,188556300
TSLA,2021-10-26,341.5633,364.98,333.8133,339.4767,187245000
TSLA,2021-10-27,346.5533,356.96,343.5933,345.9533,115579500
TSLA,2021-10-28,356.1033,360.3333,351.4,359.0133,81639600
TSLA,2021-10-29,360.62,371.7367,357.7367,371.3333,89755200
TSLA,2021-11-01,381.6667,403.25,372.8867,402.8633,168146100
TSLA,2021-11-02,386.4533,402.8633,382.0,390.6667,128213400
TSLA,2021-11-03,392.4433,405.13,384.2067,404.62,103885500
TSLA,2021-11-04,411.47,414.4967,405.6667,409.97,76192200
TSLA,2021-11-05,409.3333,413.29,402.6667,407.3633,64886400
TSLA,2021-11-08,383.2633,399.0,377.6667,387.6467,100337100
TSLA,2021-11-09,391.2,391.5,337.1733,341.1667,177317400
TSLA,2021-11-10,336.8033,359.3667,329.1033,355.9833,128408100
TSLA,2021-11-11,367.59,368.3233,351.56,354.5033,67189800
TSLA,2021-11-12,349.1667,351.5,339.7333,344.4733,76719300
TSLA,2021-11-15,339.21,343.9933,326.2,337.7967,104326800
TSLA,2021-11-16,334.4367,352.4,334.06,351.5767,79627200
TSLA,2021-11-17,354.5033,373.2133,351.8333,363.0033,94336200
TSLA,2021-11-18,368.85,370.6667,358.34,365.46,62696700
TSLA,2021-11-19,366.29,379.5733,364.2333,379.02,64926900
TSLA,2021-11-22,387.4433,400.65,377.4767,385.6233,99217500
TSLA,2021-11-23,389.17,393.5,354.2333,369.6767,108515100
TSLA,2021-11-24,360.13,377.59,354.0,372.0,67680600
TSLA,2021-11-26,366.49,369.5933,360.3333,360.64,35042700
TSLA,2021-11-29,366.9967,380.89,366.73,378.9967,58393500
TSLA,2021-11-30,381.4567,389.3333,372.6667,381.5867,81276000
TSLA,2021-12-01,386.9,390.9467,363.5867,365.0,68450400
TSLA,2021-12-02,366.3533,371.0,352.2167,361.5333,73114800
TSLA,2021-12-03,361.5967,363.5267,333.4033,338.3233,92322000
TSLA,2021-12-06,333.8367,340.5467,316.8333,336.3367,81663000
TSLA,2021-12-07,348.0667,352.5567,342.27,350.5833,56084700
TSLA,2021-12-08,350.9033,357.46,344.3333,356.32,41906400
TSLA,2021-12-09,353.5467,354.1633,334.12,334.6,59438400
TSLA,2021-12-10,336.25,340.3267,327.51,339.01,59664300
TSLA,2021-12-13,333.6967,335.0,317.14,322.1367,78595500
TSLA,2021-12-14,315.0,322.1367,310.0,319.5033,70806300
TSLA,2021-12-15,317.7367,326.25,309.4167,325.33,75169200
TSLA,2021-12-16,331.5,331.66,307.2833,308.9733,82771500
TSLA,2021-12-17,304.9233,320.22,303.0133,310.8567,100437300
TSLA,2021-12-20,303.5667,307.23,297.7967,299.98,56480100
TSLA,2021-12-21,305.6233,313.1667,295.3733,312.8433,71517900
TSLA,2021-12-22,321.8867,338.5533,319.0167,336.29,93634200
TSLA,2021-12-23,335.6,357.66,332.52,355.6667,92713200
TSLA,2021-12-27,357.89,372.3333,356.9067,364.6467,71145900
TSLA,2021-12-28,369.83,373.0,359.4733,362.8233,60324000
TSLA,2021-12-29,366.2133,368.0,354.7133,362.0633,56154000
TSLA,2021-12-30,353.7767,365.1833,351.05,356.78,47040900
TSLA,2021-12-31,357.8133,360.6667,351.53,352.26,40733700
TSLA,2022-01-03,382.5833,400.3567,378.68,399.9267,103931400
TSLA,2022-01-04,396.5167,402.6667,374.35,383.1967,100248300
TSLA,2022-01-05,382.2167,390.1133,360.3367,362.7067,80119800
TSLA,2022-01-06,359.0,362.6667,340.1667,354.9,90336600
TSLA,2022-01-07,360.1233,360.31,336.6667,342.32,84164700
TSLA,2022-01-10,333.3333,353.0333,326.6667,352.7067,91815000
TSLA,2022-01-11,351.2233,358.6167,346.2733,354.8,66063300
TSLA,2022-01-12,359.6167,371.6133,357.53,368.74,83739000
TSLA,2022-01-13,369.69,371.8667,342.18,343.8533,97209900
TSLA,2022-01-14,339.96,350.6667,337.7933,349.87,72924300
TSLA,2022-01-18,342.2033,356.93,338.6867,343.5033,66743400
TSLA,2022-01-19,347.2367,351.5567,331.6667,331.8833,75442500
TSLA,2022-01-20,336.5767,347.22,331.3333,332.09,70488600
TSLA,2022-01-21,332.1133,334.85,313.5,314.6333,103416000
TSLA,2022-01-24,301.5867,311.17,283.8233,310.0,151565700
TSLA,2022-01-25,304.7333,317.0867,301.07,306.1333,86595900
TSLA,2022-01-26,317.4767,329.23,302.0,312.47,104867400
TSLA,2022-01-27,311.12,311.7967,276.3333,276.3667,147109500
TSLA,2022-01-28,277.1867,285.8333,264.0033,282.1167,134789100
TSLA,2022-01-31,290.9033,312.6633,287.35,312.24,104436000
TSLA,2022-02-01,311.7367,314.5667,301.6667,310.4167,73138200
TSLA,2022-02-02,309.3933,310.5,296.47,301.8867,66792900
TSLA,2022-02-03,294.0,312.3333,293.5067,297.0467,78855600
TSLA,2022-02-04,299.0733,312.1667,293.7233,307.7733,73625400
TSLA,2022-02-07,307.93,315.9233,300.9033,302.4467,60994500
TSLA,2022-02-08,301.8433,308.7633,298.2667,307.3333,50729100
TSLA,2022-02-09,311.6667,315.4233,306.6667,310.6667,52259400
TSLA,2022-02-10,302.79,314.6033,298.9,301.5167,66126900
TSLA,2022-02-11,303.21,305.32,283.5667,286.6667,79645800
TSLA,2022-02-14,287.19,299.6267,284.3833,291.92,67756500
TSLA,2022-02-15,300.0,307.6667,297.7933,307.4767,57286200
TSLA,2022-02-16,304.6833,308.81,300.4033,307.7967,51294300
TSLA,2022-02-17,304.42,306.1667,291.3667,292.1167,55178400
TSLA,2022-02-18,295.3333,295.6233,279.2033,285.66,68501700
TSLA,2022-02-22,278.0433,285.5767,267.0333,273.8433,83288100
TSLA,2022-02-23,276.81,278.4333,253.52,254.68,95256900
TSLA,2022-02-24,233.4633,267.4933,233.3333,266.9233,135322200
TSLA,2022-02-25,269.7433,273.1667,260.8,269.9567,76067700
TSLA,2022-02-28,271.67,292.2867,271.57,290.1433,99006900
TSLA,2022-03-01,289.8933,296.6267,284.5933,288.1233,74766900
TSLA,2022-03-02,290.71,295.4933,281.4233,293.2967,74643300
TSLA,2022-03-03,292.9233,295.48,277.5333,279.7633,61623600
TSLA,2022-03-04,283.0333,285.2167,275.0533,279.43,66999600
TSLA,2022-03-07,285.4333,288.7133,268.19,268.1933,72494100
TSLA,2022-03-08,265.1767,283.33,260.7233,274.8,80399100
TSLA,2022-03-09,279.8267,286.8533,277.3367,286.3233,59184000
TSLA,2022-03-10,283.8167,284.8167,270.12,279.4333,58648500
TSLA,2022-03-11,280.0667,281.2667,264.59,265.1167,67037100
TSLA,2022-03-14,260.2033,266.9,252.0133,255.4567,71152200
TSLA,2022-03-15,258.4233,268.5233,252.19,267.2967,66841200
TSLA,2022-03-16,269.6667,280.6667,267.42,280.0767,84028800
TSLA,2022-03-17,276.9967,291.6667,275.24,290.5333,66582900
TSLA,2022-03-18,291.4967,302.6167,289.13,301.7967,100414200
TSLA,2022-03-21,304.9933,314.2833,302.3633,307.0533,81981600
TSLA,2022-03-22,310.0,332.62,307.25,331.3267,105868500
TSLA,2022-03-23,326.6467,346.9,325.4667,333.0367,120676200
TSLA,2022-03-24,336.5767,341.4967,329.6,337.9733,68920800
TSLA,2022-03-25,336.0,340.6,332.44,336.88,62031600
TSLA,2022-03-28,355.0333,365.96,351.2,363.9467,102506100
TSLA,2022-03-29,369.33,371.59,357.7033,366.5233,73614900
TSLA,2022-03-30,363.7233,371.3167,361.3333,364.6633,59865000
TSLA,2022-03-31,364.8567,367.7133,358.88,359.2,48992700
TSLA,2022-04-01,360.3833,364.9167,355.5467,361.53,54263100
TSLA,2022-04-04,363.1267,383.3033,357.51,381.8167,82035900
TSLA,2022-04-05,378.7667,384.29,362.4333,363.7533,80075100
TSLA,2022-04-06,357.8233,359.6667,342.5667,348.5867,89348400
TSLA,2022-04-07,350.7967,358.8633,340.5133,352.42,79447200
TSLA,2022-04-08,347.7367,349.48,340.8133,341.83,55013700
TSLA,2022-04-11,326.8,336.1567,324.88,325.31,59357100
TSLA,2022-04-12,332.5467,340.3967,325.5333,328.9833,65976000
TSLA,2022-04-13,327.0267,342.08,324.3667,340.79,55121100
TSLA,2022-04-14,333.0967,337.57,327.3967,328.3333,58422300
TSLA,2022-04-18,329.6767,338.3067,324.47,334.7633,51715200
TSLA,2022-04-19,335.02,344.98,331.7767,342.7167,49847700
TSLA,2022-04-20,343.3333,344.6667,325.0833,325.7333,70711200
TSLA,2022-04-21,358.2433,364.0733,332.14,336.26,105416400
TSLA,2022-04-22,338.3033,344.95,331.3333,335.0167,69696600
TSLA,2022-04-25,326.3233,336.2067,325.1,332.6733,68341200
TSLA,2022-04-26,331.81,333.3333,291.6667,292.14,136133700
TSLA,2022-04-27,299.5267,306.0,292.4533,293.8367,76956300
TSLA,2022-04-28,299.9933,300.0,273.9,292.5033,124948500
TSLA,2022-04-29,300.75,311.4667,290.0,290.2533,88133100
TSLA,2022-05-02,286.9233,302.12,282.6767,300.98,75781500
TSLA,2022-05-03,301.06,308.0267,296.1967,303.0833,63709500
TSLA,2022-05-04,301.3133,318.5,295.0933,317.54,81643800
TSLA,2022-05-05,313.0067,315.2,285.9,291.0933,92519100
TSLA,2022-05-06,295.6667,296.0,281.0367,288.55,72903000
TSLA,2022-05-09,278.8167,281.8767,260.3833,262.37,90810300
TSLA,2022-05-10,273.1033,275.12,258.0833,266.68,84401700
TSLA,2022-05-11,265.0,269.9233,242.4,244.6667,97224600
TSLA,2022-05-12,233.6667,253.22,226.6667,242.6667,140313000
TSLA,2022-05-13,257.8267,262.45,250.5233,256.53,92150700
TSLA,2022-05-16,255.72,256.5867,239.6967,241.4567,86098500
TSLA,2022-05-17,249.12,254.8267,242.95,253.87,80236200
TSLA,2022-05-18,248.1733,253.5,233.6033,236.6033,87811800
TSLA,2022-05-19,235.6667,244.6667,231.37,236.4733,90296700
TSLA,2022-05-20,237.9967,240.5267,211.0,221.3,144973200
TSLA,2022-05-23,218.34,226.6533,212.6867,224.9667,88903500
TSLA,2022-05-24,217.8433,217.9733,206.8567,209.3867,89092500
TSLA,2022-05-25,207.95,223.1067,207.67,219.6,92139300
TSLA,2022-05-26,220.4733,239.5567,217.8867,235.91,106003200
TSLA,2022-05-27,241.0833,253.2667,240.1767,253.21,89295000
TSLA,2022-05-31,257.9467,259.6,244.7433,252.7533,101914500
TSLA,2022-06-01,251.72,257.3267,243.64,246.79,77247900
TSLA,2022-06-02,244.1567,264.21,242.0667,258.3333,93473100
TSLA,2022-06-03,243.2267,247.7967,233.4167,234.5167,112393800
TSLA,2022-06-06,244.3533,244.8667,234.35,238.28,84204600
TSLA,2022-06-07,234.0,239.9967,230.0933,238.8867,72808500
TSLA,2022-06-08,240.0867,249.9633,239.1767,241.8667,76210500
TSLA,2022-06-09,249.34,255.5467,239.3267,239.7067,96491400
TSLA,2022-06-10,235.1567,239.5,227.9133,232.23,97536600
TSLA,2022-06-13,223.1667,226.6333,214.6833,215.7367,102767400
TSLA,2022-06-14,218.2867,226.33,211.7367,220.89,97988700
TSLA,2022-06-15,220.9167,235.6633,218.15,233.0,119131800
TSLA,2022-06-16,222.7367,225.1667,208.6933,213.1,107390700
TSLA,2022-06-17,213.4333,220.97,213.1967,216.76,92641800
TSLA,2022-06-21,224.6033,243.5767,224.3333,237.0367,122793000
TSLA,2022-06-22,234.5033,246.8333,233.8267,236.0867,101107500
TSLA,2022-06-23,237.9067,239.3167,228.6367,235.07,104202600
TSLA,2022-06-24,237.47,246.0667,236.0867,245.7067,95770800
TSLA,2022-06-27,249.3667,252.07,242.5667,244.92,89178300
TSLA,2022-06-28,244.4833,249.97,232.3433,232.6633,90391200
TSLA,2022-06-29,230.5,231.1733,222.2733,228.49,82897200
TSLA,2022-06-30,224.51,229.4567,218.8633,224.4733,94600500
TSLA,2022-07-01,227.0,230.23,222.12,227.2633,74460300
TSLA,2022-07-05,223.0,233.1467,216.1667,233.0667,84581100
TSLA,2022-07-06,230.78,234.5633,227.1867,231.7333,71853600
TSLA,2022-07-07,233.92,245.3633,232.21,244.5433,81930600
TSLA,2022-07-08,242.3333,254.98,241.16,250.7633,101854200
TSLA,2022-07-11,252.1033,253.0633,233.6267,234.3433,99241200
TSLA,2022-07-12,236.8467,239.7733,228.37,233.07,87930900
TSLA,2022-07-13,225.5,242.06,225.0333,237.04,97954500
TSLA,2022-07-14,234.8967,238.6533,229.3333,238.3133,78557400
TSLA,2022-07-15,240.0,243.6233,236.89,240.0667,69683100
TSLA,2022-07-18,244.9367,250.5167,239.6033,240.5467,82537500
TSLA,2022-07-19,245.0,247.14,236.9767,245.53,80890200
TSLA,2022-07-20,246.7833,250.6633,243.4833,247.5,88864200
TSLA,2022-07-21,255.1067,273.2667,254.8667,271.7067,142032300
TSLA,2022-07-22,276.22,280.7867,270.7133,272.2433,103472700
TSLA,2022-07-25,272.2167,274.1467,267.4,268.4333,64073400
TSLA,2022-07-26,266.5133,267.31,256.2633,258.86,66820800
TSLA,2022-07-27,263.81,275.9267,261.79,274.82,88110000
TSLA,2022-07-28,280.0667,283.3,272.8,280.9,84723000
TSLA,2022-07-29,280.7,298.32,279.1,297.15,95313000
TSLA,2022-08-01,301.2767,311.8767,295.0,297.2767,117042900
TSLA,2022-08-02,294.0033,307.8333,292.6667,300.5867,95577600
TSLA,2022-08-03,305.0,309.55,301.15,307.3967,80091000
TSLA,2022-08-04,311.0,313.6067,305.0,308.6333,72256200
TSLA,2022-08-05,302.67,304.6067,285.5433,288.17,113172900
TSLA,2022-08-08,295.0,305.2,289.0867,290.4233,98994000
TSLA,2022-08-09,290.2933,292.3967,279.3533,283.3333,86244600
TSLA,2022-08-10,297.0667,297.51,283.37,294.3567,94918800
TSLA,2022-08-11,296.5133,298.2367,285.8333,286.63,70155000
TSLA,2022-08-12,289.4167,300.16,285.0333,300.03,79657200
TSLA,2022-08-15,301.7867,313.1333,301.23,309.32,89359200
TSLA,2022-08-16,311.6667,314.6667,302.8833,306.5633,88136400
TSLA,2022-08-17,303.3967,309.6567,300.0333,303.9967,68766000
TSLA,2022-08-18,306.0,306.5,301.8533,302.87,47500500
TSLA,2022-08-19,299.0,300.36,292.5,296.6667,61395300
TSLA,2022-08-22,291.9133,292.4,286.2967,289.9133,55843200
TSLA,2022-08-23,291.4533,298.8267,287.9233,296.4533,63984900
TSLA,2022-08-24,297.5633,303.6467,296.5,297.0967,57259800
TSLA,2022-08-25,302.36,302.96,291.6,296.07,53230000
TSLA,2022-08-26,297.43,302.0,287.47,288.09,57163900
TSLA,2022-08-29,282.83,287.74,280.7,284.82,41864700
TSLA,2022-08-30,287.87,288.48,272.65,277.7,50541800
TSLA,2022-08-31,280.62,281.25,271.81,275.61,52107300
TSLA,2022-09-01,272.58,277.58,266.15,277.16,54287000
TSLA,2022-09-02,281.07,282.35,269.08,270.21,50890100
TSLA,2022-09-06,272.68,275.99,265.74,274.42,55860000
TSLA,2022-09-07,273.1,283.84,272.27,283.7,50028900
TSLA,2022-09-08,281.3,289.5,279.76,289.26,53713100
TSLA,2022-09-09,291.67,299.85,291.25,299.68,54338100
TSLA,2022-09-12,300.72,305.49,300.4,304.42,48674600
TSLA,2022-09-13,292.9,297.4,290.4,292.13,68229600
TSLA,2022-09-14,292.24,306.0,291.64,302.61,72628700
TSLA,2022-09-15,301.83,309.12,300.72,303.75,64795500
TSLA,2022-09-16,299.61,303.71,295.6,303.35,87087800
TSLA,2022-09-19,300.09,309.84,297.8,309.07,60231200
TSLA,2022-09-20,306.91,313.33,305.58,308.73,61642800
TSLA,2022-09-21,308.29,313.8,300.63,300.8,62555700
TSLA,2022-09-22,299.86,301.29,285.82,288.59,70545400
TSLA,2022-09-23,283.09,284.5,272.82,275.33,63748400
TSLA,2022-09-26,271.83,284.09,270.31,276.01,58076900
TSLA,2022-09-27,283.84,288.67,277.51,282.94,61925200
TSLA,2022-09-28,283.08,289.0,277.57,287.81,54664800
TSLA,2022-09-29,282.76,283.65,265.78,268.21,77620600
TSLA,2022-09-30,266.15,275.57,262.47,265.25,67726600
TSLA,2022-10-03,254.5,255.16,241.01,242.4,98363500
TSLA,2022-10-04,250.52,257.5,242.01,249.44,109578500
TSLA,2022-10-05,245.01,246.67,233.27,240.81,86982700
TSLA,2022-10-06,239.44,244.58,235.35,238.13,69298400
TSLA,2022-10-07,233.94,234.57,222.02,223.07,83916800
TSLA,2022-10-10,223.93,226.99,218.36,222.96,67925000
TSLA,2022-10-11,220.95,225.75,215.0,216.5,77013200
TSLA,2022-10-12,215.33,219.3,211.51,217.24,66860700
TSLA,2022-10-13,208.3,222.99,206.22,221.72,91483000
TSLA,2022-10-14,224.01,226.26,204.16,204.99,94124500
TSLA,2022-10-17,210.04,221.86,209.45,219.35,79428800
TSLA,2022-10-18,229.5,229.82,217.25,220.19,75891900
TSLA,2022-10-19,219.8,222.93,217.78,222.04,66571500
TSLA,2022-10-20,208.28,215.55,202.0,207.28,117798100
TSLA,2022-10-21,206.42,214.66,203.8,214.44,75713800
TSLA,2022-10-24,205.82,213.5,198.59,211.25,100446800
TSLA,2022-10-25,210.1,224.35,210.0,222.42,96507900
TSLA,2022-10-26,219.4,230.6,218.2,224.64,85012500
TSLA,2022-10-27,229.77,233.81,222.85,225.09,61638800
TSLA,2022-10-28,225.4,228.86,216.35,228.52,69152400
TSLA,2022-10-31,226.19,229.85,221.94,227.54,61554300
TSLA,2022-11-01,234.05,237.4,227.28,227.82,62688800
TSLA,2022-11-02,226.04,227.87,214.82,214.98,63070300
TSLA,2022-11-03,211.36,221.2,210.14,215.31,56538800
TSLA,2022-11-04,222.6,223.8,203.08,207.47,98622200
TSLA,2022-11-07,208.65,208.9,196.66,197.08,93916500
TSLA,2022-11-08,194.02,195.2,186.75,191.3,128803400
TSLA,2022-11-09,190.78,195.89,177.12,177.59,127062700
TSLA,2022-11-10,189.9,191.0,180.03,190.72,132703000
TSLA,2022-11-11,186.0,196.52,182.59,195.97,114403600
TSLA,2022-11-14,192.77,195.73,186.34,190.95,92226600
TSLA,2022-11-15,195.88,200.82,192.06,194.42,91293800
TSLA,2022-11-16,191.51,192.57,185.66,186.92,66567600
TSLA,2022-11-17,183.96,186.16,180.9,183.17,64336000
TSLA,2022-11-18,185.05,185.19,176.55,180.19,76048900
TSLA,2022-11-21,175.85,176.77,167.54,167.87,92882700
TSLA,2022-11-22,168.63,170.92,166.19,169.91,78452300
TSLA,2022-11-23,173.57,183.62,172.5,183.2,109536700
TSLA,2022-11-25,185.06,185.2,180.63,182.86,50672700
TSLA,2022-11-28,179.96,188.5,179.0,182.92,92905200
TSLA,2022-11-29,184.99,186.38,178.75,180.83,83357100
TSLA,2022-11-30,182.43,194.76,180.63,194.7,109186400
TSLA,2022-12-01,197.08,198.92,191.8,194.7,80046200
TSLA,2022-12-02,191.78,196.25,191.11,194.86,73645900
TSLA,2022-12-05,189.44,191.27,180.55,182.45,93122700
TSLA,2022-12-06,181.22,183.65,175.33,179.82,92150800
TSLA,2022-12-07,175.03,179.38,172.22,174.04,84213300
TSLA,2022-12-08,172.2,175.2,169.06,173.44,97624500
TSLA,2022-12-09,173.84,182.5,173.36,179.05,104872300
TSLA,2022-12-12,176.1,177.37,167.52,167.82,109794500
TSLA,2022-12-13,174.87,175.05,156.91,160.95,175862700
TSLA,2022-12-14,159.25,161.62,155.31,156.8,140682300
TSLA,2022-12-15,153.44,160.93,153.28,157.67,122334500
TSLA,2022-12-16,159.64,160.99,150.04,150.23,139032200
TSLA,2022-12-19,154.0,155.25,145.82,149.87,139390600
TSLA,2022-12-20,146.05,148.47,137.66,137.8,159563300
TSLA,2022-12-21,139.34,141.26,135.89,137.57,145417400
TSLA,2022-12-22,136.0,136.63,122.26,125.35,210090300
TSLA,2022-12-23,126.37,128.62,121.02,123.15,166989700
TSLA,2022-12-27,117.5,119.67,108.76,109.1,208643400
TSLA,2022-12-28,110.35,116.27,108.24,112.71,221070500
TSLA,2022-12-29,120.39,123.57,117.5,121.82,221923300
TSLA,2022-12-30,119.95,124.48,119.75,123.18,157777300
TSLA,2023-01-03,118.47,118.8,104.64,108.1,231402800
TSLA,2023-01-04,109.11,114.59,107.52,113.64,180389000
TSLA,2023-01-05,110.51,111.75,107.16,110.34,157986300
TSLA,2023-01-06,103.0,114.39,101.81,113.06,220911100
TSLA,2023-01-09,118.96,123.52,117.11,119.77,190284000
TSLA,2023-01-10,121.07,122.76,114.92,118.85,167642500
TSLA,2023-01-11,122.09,125.95,120.51,123.22,183810800
TSLA,2023-01-12,122.56,124.13,117.0,123.56,169400900
TSLA,2023-01-13,116.55,122.63,115.6,122.4,180714100
TSLA,2023-01-17,125.7,131.7,125.02,131.49,186477000
TSLA,2023-01-18,136.56,136.68,127.01,128.78,195680300
TSLA,2023-01-19,127.26,129.99,124.31,127.17,170291900
TSLA,2023-01-20,128.68,133.51,127.35,133.42,138858100
TSLA,2023-01-23,135.87,145.38,134.27,143.75,203119200
TSLA,2023-01-24,143.0,146.5,141.1,143.89,158699100
TSLA,2023-01-25,141.91,146.41,138.07,144.43,192734300
TSLA,2023-01-26,159.97,161.42,154.76,160.27,234815100
TSLA,2023-01-27,162.43,180.68,161.17,177.9,306590600
TSLA,2023-01-30,178.05,179.77,166.5,166.66,230878800
TSLA,2023-01-31,164.57,174.3,162.78,173.22,196813500
TSLA,2023-02-01,173.89,183.81,169.93,181.41,213806300
TSLA,2023-02-02,187.33,196.75,182.61,188.27,217448300
TSLA,2023-02-03,183.95,199.0,183.69,189.98,232662000
TSLA,2023-02-06,193.01,198.17,189.92,194.76,186188100
TSLA,2023-02-07,196.43,197.5,189.55,196.81,186010300
TSLA,2023-02-08,196.1,203.0,194.31,201.29,180673600
TSLA,2023-02-09,207.78,214.0,204.77,207.32,215431400
TSLA,2023-02-10,202.23,206.2,192.89,196.89,204754100
TSLA,2023-02-13,194.42,196.3,187.61,194.64,172475500
TSLA,2023-02-14,191.94,209.82,189.44,209.25,216455700
TSLA,2023-02-15,211.76,214.66,206.11,214.24,181006400
TSLA,2023-02-16,210.78,217.65,201.84,202.04,229586500
TSLA,2023-02-17,199.99,208.44,197.5,208.31,213738500
TSLA,2023-02-21,204.99,209.71,197.22,197.37,180018600
TSLA,2023-02-22,197.93,201.99,191.78,200.86,191828500
TSLA,2023-02-23,203.91,205.14,196.33,202.07,146360000
TSLA,2023-02-24,196.33,197.67,192.8,196.88,142228100
TSLA,2023-02-27,202.03,209.42,201.26,207.63,161028300
TSLA,2023-02-28,210.59,211.23,203.75,205.71,153144900
TSLA,2023-03-01,206.21,207.2,198.52,202.77,156852800
TSLA,2023-03-02,186.74,193.75,186.01,190.9,181500700
TSLA,2023-03-03,194.8,200.48,192.88,197.79,154193300
TSLA,2023-03-06,198.54,198.6,192.3,193.81,128100100
TSLA,2023-03-07,191.38,194.2,186.1,187.71,148125800
TSLA,2023-03-08,185.04,186.5,180.0,182.0,151897800
TSLA,2023-03-09,180.25,185.18,172.51,172.92,170023800
TSLA,2023-03-10,175.13,178.29,168.44,173.44,191488900
TSLA,2023-03-13,167.46,177.35,163.91,174.48,167790300
TSLA,2023-03-14,177.31,183.8,177.14,183.26,143717900
TSLA,2023-03-15,180.8,182.34,176.03,180.45,145995600
TSLA,2023-03-16,180.37,185.81,178.84,184.13,121136800
TSLA,2023-03-17,184.52,186.22,177.33,180.13,133197100
TSLA,2023-03-20,178.08,186.44,176.35,183.25,129684400
TSLA,2023-03-21,188.28,198.0,188.04,197.58,153391400
TSLA,2023-03-22,199.3,200.66,190.95,191.15,150376400
TSLA,2023-03-23,195.26,199.31,188.65,192.22,144193900
TSLA,2023-03-24,191.65,192.36,187.15,190.41,116312400
TSLA,2023-03-27,194.42,197.39,189.94,191.81,120851600
TSLA,2023-03-28,192.0,192.35,185.43,189.19,98654600
TSLA,2023-03-29,193.13,195.29,189.44,193.88,123660000
TSLA,2023-03-30,195.58,197.33,194.42,195.28,110252200
TSLA,2023-03-31,197.53,207.79,197.2,207.46,170222100
TSLA,2023-04-03,199.91,202.69,192.2,194.77,169545900
TSLA,2023-04-04,197.32,198.74,190.32,192.58,126463800
TSLA,2023-04-05,190.52,190.68,183.76,185.52,133882500
TSLA,2023-04-06,183.08,186.39,179.74,185.06,123857900
TSLA,2023-04-10,179.94,185.1,176.11,184.51,142154600
TSLA,2023-04-11,186.69,189.19,185.65,186.79,115770900
TSLA,2023-04-12,190.74,191.58,180.31,180.54,150256300
TSLA,2023-04-13,182.96,186.5,180.94,185.9,112933000
TSLA,2023-04-14,183.95,186.28,182.01,185.0,96438700
TSLA,2023-04-17,186.32,189.69,182.69,187.04,116662200
TSLA,2023-04-18,187.15,187.69,183.58,184.31,92067000
TSLA,2023-04-19,179.1,183.5,177.65,180.59,125732700
TSLA,2023-04-20,166.17,169.7,160.56,162.99,210970800
TSLA,2023-04-21,164.8,166.0,161.32,165.08,123539000
TSLA,2023-04-24,164.65,165.65,158.61,162.55,140006600
TSLA,2023-04-25,159.82,163.47,158.75,160.67,121999300
TSLA,2023-04-26,160.29,160.67,153.14,153.75,153364100
TSLA,2023-04-27,152.64,160.48,152.37,160.19,127015200
TSLA,2023-04-28,160.9,165.0,157.32,164.31,122515800
TSLA,2023-05-01,163.17,163.28,158.83,161.83,109015000
TSLA,2023-05-02,161.88,165.49,158.93,160.31,128259700
TSLA,2023-05-03,160.01,165.0,159.91,160.61,119728000
TSLA,2023-05-04,162.71,162.95,159.65,161.2,95108500
TSLA,2023-05-05,163.97,170.79,163.51,170.06,107607300
TSLA,2023-05-08,173.72,173.8,169.19,171.79,112249400
TSLA,2023-05-09,168.95,169.82,166.56,169.15,88965000
TSLA,2023-05-10,172.55,174.43,166.68,168.54,119840700
TSLA,2023-05-11,168.7,173.57,166.79,172.08,103889900
TSLA,2023-05-12,176.07,177.38,167.23,167.98,157849600
TSLA,2023-05-15,167.66,169.76,164.55,166.35,105592500
TSLA,2023-05-16,165.65,169.52,164.35,166.52,98288800
TSLA,2023-05-17,168.41,174.5,167.19,173.86,125473600
TSLA,2023-05-18,174.22,177.06,172.45,176.89,109520300
TSLA,2023-05-19,177.17,181.95,176.31,180.14,136196700
TSLA,2023-05-22,180.7,189.32,180.11,188.87,132001400
TSLA,2023-05-23,186.2,192.96,185.26,185.77,156952100
TSLA,2023-05-24,182.23,184.22,178.22,182.9,137605100
TSLA,2023-05-25,186.54,186.78,180.58,184.47,96870700
TSLA,2023-05-26,184.62,198.6,184.53,193.17,162061500
TSLA,2023-05-30,200.1,204.48,197.53,201.16,128818700
TSLA,2023-05-31,199.78,203.95,195.12,203.93,150711700
TSLA,2023-06-01,202.59,209.8,199.37,207.52,148029900
TSLA,2023-06-02,210.15,217.25,209.75,213.97,164398400
TSLA,2023-06-05,217.8,221.29,214.52,217.61,151143100
TSLA,2023-06-06,216.14,221.91,212.53,221.31,146911600
TSLA,2023-06-07,228.0,230.83,223.2,224.57,185710800
TSLA,2023-06-08,224.22,235.23,223.01,234.86,164489700
TSLA,2023-06-09,249.07,252.42,242.02,244.4,200242400
TSLA,2023-06-12,247.94,250.97,244.59,249.83,150337900
TSLA,2023-06-13,253.51,259.68,251.34,258.71,162384300
TSLA,2023-06-14,260.17,261.57,250.5,256.79,170575500
TSLA,2023-06-15,248.4,258.95,247.29,255.9,160171200
TSLA,2023-06-16,258.92,263.6,257.21,260.54,167915600
TSLA,2023-06-20,261.5,274.75,261.12,274.45,165611200
TSLA,2023-06-21,275.13,276.99,257.78,259.46,211797100
TSLA,2023-06-22,250.77,265.0,248.25,264.61,166875900
TSLA,2023-06-23,259.29,262.45,252.8,256.6,177460800
TSLA,2023-06-26,250.07,258.37,240.7,241.05,179990600
TSLA,2023-06-27,243.24,250.39,240.85,250.21,164968200
TSLA,2023-06-28,249.7,259.88,248.89,256.24,159770800
TSLA,2023-06-29,258.03,260.74,253.61,257.5,131283400
TSLA,2023-06-30,260.6,264.45,259.89,261.77,112620800
TSLA,2023-07-03,276.49,284.25,275.11,279.82,119685900
TSLA,2023-07-05,278.82,283.85,277.6,282.48,131530900
TSLA,2023-07-06,278.09,279.97,272.88,276.54,120332100
TSLA,2023-07-07,278.43,280.78,273.77,274.43,113879200
TSLA,2023-07-10,276.47,277.52,265.1,269.61,119425400
TSLA,2023-07-11,268.65,270.9,266.37,269.79,91972400
TSLA,2023-07-12,276.33,276.52,271.46,271.99,95672100
TSLA,2023-07-13,274.59,279.45,270.6,277.9,112681500
TSLA,2023-07-14,277.01,285.3,276.31,281.38,120062400
TSLA,2023-07-17,286.63,292.23,283.57,290.38,131569600
TSLA,2023-07-18,290.15,295.26,286.01,293.34,112120300
TSLA,2023-07-19,296.04,299.29,289.52,291.26,142355400
TSLA,2023-07-20,279.56,280.93,261.2,262.9,175158300
TSLA,2023-07-21,268.0,268.0,255.8,260.02,161796100
TSLA,2023-07-24,255.85,269.85,254.12,269.06,136508500
TSLA,2023-07-25,272.38,272.9,265.0,265.28,112757300
TSLA,2023-07-26,263.25,268.04,261.75,264.35,95856200
TSLA,2023-07-27,268.31,269.13,255.3,255.71,103697300
TSLA,2023-07-28,259.86,267.25,258.23,266.44,111446000
TSLA,2023-07-31,267.48,269.08,263.78,267.43,84582200
TSLA,2023-08-01,266.26,266.47,260.25,261.07,83166000
TSLA,2023-08-02,255.57,259.52,250.49,254.11,101752900
TSLA,2023-08-03,252.04,260.49,252.0,259.32,97569100
TSLA,2023-08-04,260.97,264.77,253.11,253.86,99539900
TSLA,2023-08-07,251.45,253.65,242.76,251.45,111097900
TSLA,2023-08-08,247.45,250.92,245.01,249.7,96642200
TSLA,2023-08-09,250.87,251.1,241.9,242.19,101596300
TSLA,2023-08-10,245.4,251.8,243.0,245.34,109498600
TSLA,2023-08-11,241.77,243.79,238.02,242.65,99038600
TSLA,2023-08-14,235.7,240.66,233.75,239.76,98595300
TSLA,2023-08-15,238.73,240.5,232.61,232.96,88197600
TSLA,2023-08-16,228.02,233.97,225.38,225.6,112484500
TSLA,2023-08-17,226.06,226.74,218.83,219.22,120718400
TSLA,2023-08-18,214.12,217.58,212.36,215.49,136276600
TSLA,2023-08-21,221.55,232.13,220.58,231.28,135702700
TSLA,2023-08-22,240.25,240.82,229.55,233.19,130442800
TSLA,2023-08-23,229.34,238.98,229.29,236.86,101077600
TSLA,2023-08-24,238.66,238.92,228.18,230.04,99777400
TSLA,2023-08-25,231.31,239.0,230.35,238.59,106612200
TSLA,2023-08-28,242.58,244.38,235.35,238.82,107673700
TSLA,2023-08-29,238.58,257.48,237.77,257.18,134047600
TSLA,2023-08-30,254.2,260.51,250.59,256.9,121988400
TSLA,2023-08-31,255.98,261.18,255.05,258.08,108861700
TSLA,2023-09-01,257.26,259.08,242.01,245.01,132541600
TSLA,2023-09-05,245.0,258.0,244.86,256.49,129469600
TSLA,2023-09-06,255.14,255.39,245.06,251.92,116959800
TSLA,2023-09-07,245.07,252.81,243.27,251.49,115312900
TSLA,2023-09-08,251.22,256.52,246.67,248.5,118367700
TSLA,2023-09-11,264.27,274.85,260.61,273.58,174667900
TSLA,2023-09-12,270.76,278.39,266.6,267.48,135999900
TSLA,2023-09-13,270.07,274.98,268.1,271.3,111673700
TSLA,2023-09-14,271.32,276.71,270.42,276.04,107709800
TSLA,2023-09-15,277.55,278.98,271.0,274.39,133692300
TSLA,2023-09-18,271.16,271.44,263.76,265.28,101543300
TSLA,2023-09-19,264.35,267.85,261.2,266.5,103704000
TSLA,2023-09-20,267.04,273.93,262.46,262.59,122514600
TSLA,2023-09-21,257.85,260.86,254.21,255.7,119951500
TSLA,2023-09-22,257.4,257.79,244.48,244.88,127524100
TSLA,2023-09-25,243.38,247.1,238.31,246.99,104636600
TSLA,2023-09-26,242.98,249.55,241.66,244.12,101993600
TSLA,2023-09-27,244.26,245.33,234.58,240.5,136597200
TSLA,2023-09-28,240.02,247.55,238.65,246.38,117058900
TSLA,2023-09-29,250.0,254.77,246.35,250.22,128522700
TSLA,2023-10-02,244.81,254.28,242.62,251.6,123810400
TSLA,2023-10-03,248.61,250.02,244.45,246.53,101985300
TSLA,2023-10-04,248.14,261.86,247.6,261.16,129721600
TSLA,2023-10-05,260.0,263.6,256.25,260.05,119159200
TSLA,2023-10-06,253.98,261.65,250.65,260.53,118121800
TSLA,2023-10-09,255.31,261.36,252.05,259.67,101377900
TSLA,2023-10-10,257.75,268.94,257.65,263.62,122656000
TSLA,2023-10-11,266.2,268.6,260.9,262.99,103706300
TSLA,2023-10-12,262.92,265.41,256.63,258.87,111508100
TSLA,2023-10-13,258.9,259.6,250.22,251.12,102073800
TSLA,2023-10-16,250.05,255.4,248.48,253.92,88917200
TSLA,2023-10-17,250.1,257.18,247.08,254.85,93562900
TSLA,2023-10-18,252.7,254.63,242.08,242.68,125147800
TSLA,2023-10-19,225.95,230.61,216.78,220.11,170772700
TSLA,2023-10-20,217.01,218.86,210.42,211.99,138010100
TSLA,2023-10-23,210.0,216.98,202.51,212.08,150683400
TSLA,2023-10-24,216.5,222.05,214.11,216.52,118231100
TSLA,2023-10-25,215.88,220.1,212.2,212.42,107065100
TSLA,2023-10-26,211.32,214.8,204.88,205.76,115112600
TSLA,2023-10-27,210.6,212.41,205.77,207.3,94881200
TSLA,2023-10-30,209.28,210.88,194.67,197.36,136448200
TSLA,2023-10-31,196.12,202.8,194.07,200.84,118068300
TSLA,2023-11-01,204.04,205.99,197.85,205.66,121661700
TSLA,2023-11-02,212.97,219.2,211.45,218.51,125987600
TSLA,2023-11-03,221.15,226.37,218.4,219.96,119534800
TSLA,2023-11-06,223.98,226.32,215.0,219.27,117335800
TSLA,2023-11-07,219.98,223.12,215.72,222.18,116900100
TSLA,2023-11-08,223.15,224.15,217.64,222.11,106584800
TSLA,2023-11-09,219.75,220.8,206.68,209.98,142110500
TSLA,2023-11-10,210.03,215.38,205.69,214.65,130994000
TSLA,2023-11-13,215.6,225.4,211.61,223.71,140447600
TSLA,2023-11-14,235.03,238.14,230.72,237.41,149771600
TSLA,2023-11-15,239.29,246.7,236.45,242.84,150354000
TSLA,2023-11-16,239.49,240.88,230.96,233.59,136816800
TSLA,2023-11-17,232.0,237.39,226.54,234.3,142532800
TSLA,2023-11-20,234.04,237.1,231.02,235.6,116320100
TSLA,2023-11-21,235.04,243.62,233.34,241.2,122288000
TSLA,2023-11-22,242.04,244.01,231.4,234.21,117950600
TSLA,2023-11-24,233.75,238.75,232.33,235.45,65125200
TSLA,2023-11-27,236.89,238.33,232.1,236.08,112031800
TSLA,2023-11-28,236.68,247.0,234.01,246.72,148549900
TSLA,2023-11-29,249.21,252.75,242.76,244.14,135401300
TSLA,2023-11-30,245.14,245.22,236.91,240.08,132353200
TSLA,2023-12-01,233.14,240.19,231.9,238.83,121331700
TSLA,2023-12-04,235.75,239.37,233.29,235.58,104099800
TSLA,2023-12-05,233.87,246.66,233.7,238.72,137971100
TSLA,2023-12-06,242.92,246.57,239.17,239.37,126436200
TSLA,2023-12-07,241.55,244.08,236.98,242.64,107142300
TSLA,2023-12-08,240.27,245.27,239.27,243.84,103126800
TSLA,2023-12-11,242.74,243.44,237.45,239.74,97913900
TSLA,2023-12-12,238.55,238.99,233.87,237.01,95328300
TSLA,2023-12-13,234.19,240.3,228.2,239.29,146286300
TSLA,2023-12-14,241.22,253.88,240.79,251.05,160829200
TSLA,2023-12-15,251.21,254.13,248.3,253.5,135932800
TSLA,2023-12-18,253.78,258.74,251.36,252.08,116416500
TSLA,2023-12-19,253.48,258.34,253.01,257.22,106737400
TSLA,2023-12-20,256.41,259.84,247.0,247.14,125097000
TSLA,2023-12-21,251.9,254.8,248.55,254.5,109594200
TSLA,2023-12-22,256.76,258.22,251.37,252.54,93370100
TSLA,2023-12-26,254.49,257.97,252.91,256.61,86892400
TSLA,2023-12-27,258.35,263.34,257.52,261.44,106494400
TSLA,2023-12-28,263.66,265.13,252.71,253.18,113619900
TSLA,2023-12-29,255.1,255.19,247.43,248.48,100891600
TSLA,2024-01-02,250.08,251.25,244.41,248.42,104654200
TSLA,2024-01-03,244.98,245.68,236.32,238.45,121082600
TSLA,2024-01-04,239.25,242.7,237.73,237.93,102629300
TSLA,2024-01-05,236.86,240.12,234.9,237.49,92488900
TSLA,2024-01-08,236.14,241.25,235.3,240.45,85166600
TSLA,2024-01-09,238.11,238.96,232.04,234.96,96705700
TSLA,2024-01-10,235.1,235.5,231.29,233.94,91628500
TSLA,2024-01-11,230.57,230.93,225.37,227.22,105873600
TSLA,2024-01-12,220.08,225.34,217.15,218.89,123043800
TSLA,2024-01-16,215.1,223.49,212.18,219.91,115355000
TSLA,2024-01-17,214.86,215.67,212.01,215.55,103164400
TSLA,2024-01-18,216.88,217.45,208.74,211.88,108595400
TSLA,2024-01-19,209.99,213.19,207.56,212.19,102260300
TSLA,2024-01-22,212.26,217.8,206.27,208.8,117952500
TSLA,2024-01-23,211.3,215.65,207.75,209.14,106605900
TSLA,2024-01-24,211.88,212.73,206.77,207.83,123369900
TSLA,2024-01-25,189.7,193.0,180.06,182.63,198076800
TSLA,2024-01-26,185.5,186.78,182.1,183.25,107343200
TSLA,2024-01-29,185.63,191.48,183.67,190.93,125013100
TSLA,2024-01-30,195.33,196.36,190.61,191.59,109982300
TSLA,2024-01-31,187.0,193.97,185.85,187.29,103221400
TSLA,2024-02-01,188.5,189.88,184.28,188.86,91843300
TSLA,2024-02-02,185.04,188.69,182.0,187.91,110612700
TSLA,2024-02-05,184.26,184.68,175.01,181.06,134294400
TSLA,2024-02-06,177.21,186.49,177.11,185.1,122676000
TSLA,2024-02-07,188.18,189.79,182.68,187.58,111535200
TSLA,2024-02-08,189.0,191.62,185.58,189.56,83034000
TSLA,2024-02-09,190.18,194.12,189.48,193.57,84476300
TSLA,2024-02-12,192.11,194.73,187.28,188.13,95498600
TSLA,2024-02-13,183.99,187.26,182.11,184.02,86759500
TSLA,2024-02-14,185.3,188.89,183.35,188.71,81203000
TSLA,2024-02-15,189.16,200.88,188.86,200.45,120831800
TSLA,2024-02-16,202.06,203.17,197.4,199.95,111346700
TSLA,2024-02-20,196.13,198.6,189.13,193.76,104545800
TSLA,2024-02-21,193.36,199.44,191.95,194.77,103500300
TSLA,2024-02-22,194.0,198.32,191.36,197.41,92739500
TSLA,2024-02-23,195.31,197.57,191.5,191.97,78841900
TSLA,2024-02-26,192.29,201.78,192.0,199.4,111747100
TSLA,2024-02-27,204.04,205.6,198.26,199.73,108645400
TSLA,2024-02-28,200.42,205.3,198.44,202.04,99806200
TSLA,2024-02-29,204.18,205.28,198.45,201.88,85907000
TSLA,2024-03-01,200.52,204.52,198.5,202.64,82243100
TSLA,2024-03-04,198.73,199.75,186.72,188.14,134334900
TSLA,2024-03-05,183.05,184.59,177.57,180.74,119660800
TSLA,2024-03-06,179.99,181.58,173.7,176.54,107920900
TSLA,2024-03-07,174.35,180.04,173.7,178.65,102129000
TSLA,2024-03-08,181.5,182.73,174.7,175.34,85544600
TSLA,2024-03-11,175.45,182.87,174.8,177.77,85391500
TSLA,2024-03-12,177.77,179.43,172.41,177.54,87391700
TSLA,2024-03-13,173.05,176.05,169.15,169.48,106524500
TSLA,2024-03-14,167.77,171.17,160.51,162.5,126325700
TSLA,2024-03-15,163.16,165.18,160.76,163.57,97146800
TSLA,2024-03-18,170.02,174.72,165.9,173.8,108214400
TSLA,2024-03-19,172.36,172.82,167.42,171.32,77271400
TSLA,2024-03-20,173.0,176.25,170.82,175.66,83846700
TSLA,2024-03-21,176.39,178.18,171.8,172.82,73178000
TSLA,2024-03-22,166.69,171.2,166.3,170.83,75580600
TSLA,2024-03-25,168.76,175.24,168.73,172.63,74228600
TSLA,2024-03-26,178.58,184.25,177.38,177.67,113186200
TSLA,2024-03-27,181.41,181.91,176.0,179.83,81804000
TSLA,2024-03-28,177.45,179.57,175.3,175.79,77654800
TSLA,2024-04-01,176.17,176.75,170.21,175.22,81562100
TSLA,2024-04-02,164.75,167.69,163.43,166.63,116650600
TSLA,2024-04-03,164.02,168.82,163.28,168.38,82950100
TSLA,2024-04-04,170.07,177.19,168.01,171.11,123162000
TSLA,2024-04-05,169.08,170.86,160.51,164.9,143157600
TSLA,2024-04-08,169.34,174.5,167.79,172.98,104423300
TSLA,2024-04-09,172.91,179.22,171.92,176.88,102951700
TSLA,2024-04-10,173.04,174.93,170.01,171.76,84532400
TSLA,2024-04-11,172.55,175.88,168.51,174.6,94516000
TSLA,2024-04-12,172.34,173.81,170.36,171.05,64722700
TSLA,2024-04-15,170.24,170.69,161.38,161.48,100245300
TSLA,2024-04-16,156.74,158.19,153.75,157.11,97000000
TSLA,2024-04-17,157.64,158.33,153.78,155.45,82439700
TSLA,2024-04-18,151.25,152.2,148.7,149.93,96098800
TSLA,2024-04-19,148.97,150.94,146.22,147.05,87074500
TSLA,2024-04-22,140.56,144.44,138.8,142.05,107097600
TSLA,2024-04-23,143.33,147.26,141.11,144.68,124545100
TSLA,2024-04-24,162.84,167.97,157.51,162.13,181178000
TSLA,2024-04-25,158.96,170.88,158.36,170.18,126427500
TSLA,2024-04-26,168.85,172.12,166.37,168.29,109815700
TSLA,2024-04-29,188.42,198.87,184.54,194.05,243869700
TSLA,2024-04-30,186.98,190.95,182.84,183.28,127031800
TSLA,2024-05-01,182.0,185.86,179.01,179.99,92829700
TSLA,2024-05-02,182.86,184.6,176.02,180.01,89148000
TSLA,2024-05-03,182.1,184.78,178.42,181.19,75491500
TSLA,2024-05-06,183.8,187.56,182.2,184.76,84390300
TSLA,2024-05-07,182.4,183.26,177.4,177.81,75045900
TSLA,2024-05-08,171.59,176.06,170.15,174.72,79969500
TSLA,2024-05-09,175.01,175.62,171.37,171.97,65950300
TSLA,2024-05-10,173.05,173.06,167.75,168.47,72627200
TSLA,2024-05-13,170.0,175.4,169.0,171.89,67018900
TSLA,2024-05-14,174.5,179.49,174.07,177.55,86407400
TSLA,2024-05-15,179.9,180.0,173.11,173.99,79663000
TSLA,2024-05-16,174.1,175.79,171.43,174.84,59812200
TSLA,2024-05-17,173.55,179.63,172.75,177.46,77445800
TSLA,2024-05-20,177.56,177.75,173.52,174.95,61727400
TSLA,2024-05-21,175.51,186.88,174.71,186.6,115266500
TSLA,2024-05-22,182.85,183.8,178.12,180.11,88313500
TSLA,2024-05-23,181.8,181.9,173.26,173.74,71975500
TSLA,2024-05-24,174.84,180.08,173.73,179.24,65584500
TSLA,2024-05-28,176.4,178.25,173.16,176.75,59736600
TSLA,2024-05-29,174.19,178.15,173.93,176.19,54782600
TSLA,2024-05-30,178.58,182.67,175.38,178.79,77618400
TSLA,2024-05-31,178.5,180.32,173.82,178.08,67314600
TSLA,2024-06-03,178.13,182.64,174.49,176.29,68568900
TSLA,2024-06-04,174.78,177.76,174.0,174.77,60056300
TSLA,2024-06-05,175.35,176.15,172.13,175.0,57953800
TSLA,2024-06-06,174.6,179.73,172.73,177.94,69887000
TSLA,2024-06-07,176.13,179.35,175.58,177.48,56244900
TSLA,2024-06-10,176.06,178.57,173.17,173.79,50774600
TSLA,2024-06-11,173.92,174.75,167.41,170.66,64761900
TSLA,2024-06-12,171.12,180.55,169.8,177.29,90389400
TSLA,2024-06-13,188.39,191.08,181.23,182.47,118984100
TSLA,2024-06-14,185.8,186.0,176.92,178.01,82038200
TSLA,2024-06-17,177.92,188.81,177.0,187.44,109786100
TSLA,2024-06-18,186.56,187.2,182.37,184.86,68982300
TSLA,2024-06-20,184.68,185.21,179.66,181.57,55893100
TSLA,2024-06-21,182.3,183.95,180.69,183.01,61937300
TSLA,2024-06-24,184.97,188.8,182.55,182.58,61992100
TSLA,2024-06-25,184.4,187.97,182.01,187.35,62905700
TSLA,2024-06-26,186.54,197.76,186.36,196.37,95737100
TSLA,2024-06-27,195.17,198.72,194.05,197.42,72746500
TSLA,2024-06-28,199.55,203.2,195.26,197.88,95438100
TSLA,2024-07-01,201.02,213.23,200.85,209.86,135691400
TSLA,2024-07-02,218.89,231.3,218.06,231.26,205047900
TSLA,2024-07-03,234.56,248.35,234.25,246.39,166561500
TSLA,2024-07-05,249.81,252.37,242.46,251.52,154501200
TSLA,2024-07-08,247.71,259.44,244.57,252.94,157219600
TSLA,2024-07-09,251.0,265.61,250.3,262.33,160210900
TSLA,2024-07-10,262.8,267.59,257.86,263.26,128519400
TSLA,2024-07-11,263.3,271.0,239.65,241.03,221707300
TSLA,2024-07-12,235.8,251.84,233.09,248.23,155955800
TSLA,2024-07-15,255.97,265.6,251.73,252.64,146912900
TSLA,2024-07-16,255.31,258.62,245.8,256.56,126332500
TSLA,2024-07-17,252.73,258.47,246.18,248.5,115584800
TSLA,2024-07-18,251.09,257.14,247.2,249.23,110869000
TSLA,2024-07-19,247.79,249.44,236.83,239.2,87403900
TSLA,2024-07-22,244.21,253.21,243.75,251.51,101225400
TSLA,2024-07-23,253.6,255.76,245.63,246.38,111928200
TSLA,2024-07-24,225.42,225.99,214.71,215.99,167942900
TSLA,2024-07-25,216.8,226.0,216.23,220.25,100636500
TSLA,2024-07-26,221.19,222.28,215.33,219.8,94604100
TSLA,2024-07-29,224.9,234.27,224.7,232.1,129201800
TSLA,2024-07-30,232.25,232.41,220.0,222.62,100560300
TSLA,2024-07-31,227.9,234.68,226.79,232.07,67497000
TSLA,2024-08-01,227.69,231.87,214.33,216.86,83861900
TSLA,2024-08-02,214.88,216.13,205.78,207.67,82880100
TSLA,2024-08-05,185.22,203.88,182.0,198.88,100308800
TSLA,2024-08-06,200.75,202.9,192.67,200.64,73783900
TSLA,2024-08-07,200.77,203.49,191.48,191.76,71159800
TSLA,2024-08-08,195.7,200.7,192.04,198.84,65033900
TSLA,2024-08-09,197.05,200.88,195.11,200.0,58648300
TSLA,2024-08-12,199.02,199.26,194.67,197.49,64044900
TSLA,2024-08-13,198.47,208.49,197.06,207.83,76247400
TSLA,2024-08-14,207.39,208.44,198.75,201.38,70250000
TSLA,2024-08-15,205.02,215.88,204.82,214.14,89848500
TSLA,2024-08-16,211.15,219.8,210.8,216.12,88765100
TSLA,2024-08-19,217.07,222.98,214.09,222.72,76435200
TSLA,2024-08-20,224.88,228.22,219.56,221.1,74001200
TSLA,2024-08-21,222.67,224.66,218.86,223.27,70146000
TSLA,2024-08-22,223.82,224.8,210.32,210.66,79514500
TSLA,2024-08-23,214.46,221.48,214.21,220.32,81525200
TSLA,2024-08-26,218.75,219.09,211.01,213.21,59301200
TSLA,2024-08-27,213.25,215.66,206.94,209.21,62821400
TSLA,2024-08-28,209.72,211.84,202.59,205.75,64116400
TSLA,2024-08-29,209.8,214.89,205.97,206.28,62308800
TSLA,2024-08-30,208.63,214.57,207.03,214.11,63370600
TSLA,2024-09-03,215.26,219.9,209.64,210.6,76714200
TSLA,2024-09-04,210.59,222.22,210.57,219.41,80651800
TSLA,2024-09-05,223.49,235.0,222.25,230.17,119355000
TSLA,2024-09-06,232.6,233.6,210.51,210.73,112177000
TSLA,2024-09-09,216.2,219.87,213.67,216.27,67443500
TSLA,2024-09-10,220.07,226.4,218.64,226.17,78891100
TSLA,2024-09-11,224.55,228.47,216.8,228.13,83548600
TSLA,2024-09-12,224.66,231.45,223.83,229.81,71894900
TSLA,2024-09-13,228.0,232.67,226.32,230.29,59515100
TSLA,2024-09-16,229.3,229.96,223.53,226.78,54323000
TSLA,2024-09-17,229.45,234.57,226.55,227.87,66761600
TSLA,2024-09-18,230.09,235.68,226.88,227.2,78010200
TSLA,2024-09-19,234.0,244.24,232.13,243.92,102694600
TSLA,2024-09-20,241.52,243.99,235.92,238.25,99879100
TSLA,2024-09-23,242.61,250.0,241.92,250.0,86927200
TSLA,2024-09-24,254.08,257.19,249.05,254.27,88491000
TSLA,2024-09-25,252.54,257.05,252.28,257.02,65034300
TSLA,2024-09-26,260.6,261.75,251.53,254.22,67142200
TSLA,2024-09-27,257.38,260.7,254.12,260.46,70988100
TSLA,2024-09-30,259.04,264.86,255.77,261.63,80705700
TSLA,2024-10-01,262.67,263.98,248.53,258.02,87397600
TSLA,2024-10-02,247.55,251.16,241.5,249.02,93983900
TSLA,2024-10-03,244.48,249.79,237.81,240.66,80729200
TSLA,2024-10-04,246.69,250.96,244.58,250.08,86573200
TSLA,2024-10-07,249.0,249.83,240.7,240.83,68113300
TSLA,2024-10-08,243.56,246.21,240.56,244.5,56303200
TSLA,2024-10-09,243.82,247.43,239.51,241.05,66289500
TSLA,2024-10-10,241.81,242.79,232.34,238.77,83087100
TSLA,2024-10-11,220.13,223.34,214.38,217.8,142628900
TSLA,2024-10-14,220.13,221.91,213.74,219.16,86291900
TSLA,2024-10-15,220.01,224.26,217.12,219.57,62988800
TSLA,2024-10-16,221.4,222.82,218.93,221.33,49632800
TSLA,2024-10-17,221.59,222.08,217.9,220.89,50791800
TSLA,2024-10-18,220.71,222.28,219.23,220.7,49611900
TSLA,2024-10-21,218.9,220.48,215.73,218.85,47329000
TSLA,2024-10-22,217.31,218.22,215.26,217.97,43268700
TSLA,2024-10-23,217.13,218.72,212.11,213.65,80938900
TSLA,2024-10-24,244.68,262.12,242.65,260.48,204491900
TSLA,2024-10-25,256.01,269.49,255.32,269.19,161611900
TSLA,2024-10-28,270.0,273.54,262.24,262.51,107653600
TSLA,2024-10-29,264.51,264.98,255.51,259.52,80521800
TSLA,2024-10-30,258.04,263.35,255.82,257.55,53993600
TSLA,2024-10-31,257.99,259.75,249.25,249.85,66575300
TSLA,2024-11-01,252.04,254.0,246.63,248.98,57544800
TSLA,2024-11-04,244.56,248.9,238.88,242.84,68802400
TSLA,2024-11-05,247.34,255.28,246.21,251.44,69282500
TSLA,2024-11-06,284.67,289.59,275.62,288.53,165228700
TSLA,2024-11-07,288.89,299.75,285.52,296.91,117309200
TSLA,2024-11-08,299.14,328.71,297.66,321.22,204782800
TSLA,2024-11-11,346.3,358.64,336.0,350.0,210521600
TSLA,2024-11-12,342.74,345.84,323.31,328.49,155726000
TSLA,2024-11-13,335.85,344.6,322.5,330.24,125405600
TSLA,2024-11-14,327.69,329.98,310.37,311.18,120726100
TSLA,2024-11-15,310.57,324.68,309.22,320.72,114440300
TSLA,2024-11-18,340.73,348.55,330.01,338.74,126085600
TSLA,2024-11-19,335.76,347.38,332.75,346.0,88852500
TSLA,2024-11-20,345.0,346.6,334.3,342.03,66340700
TSLA,2024-11-21,343.81,347.99,335.28,339.64,58011700
TSLA,2024-11-22,341.09,361.53,337.7,352.56,89140700
TSLA,2024-11-25,360.14,361.93,338.2,338.59,95890900
TSLA,2024-11-26,341.0,346.96,335.66,338.23,62295900
TSLA,2024-11-27,341.8,342.55,326.59,332.89,57896400
TSLA,2024-11-29,336.08,345.45,334.65,345.16,37167600
TSLA,2024-12-02,352.38,360.0,351.15,357.09,77986500
TSLA,2024-12-03,351.8,355.69,348.2,351.42,58267200
TSLA,2024-12-04,353.0,358.1,348.6,357.93,50810900
TSLA,2024-12-05,359.87,375.43,359.5,369.49,81403600
TSLA,2024-12-06,377.42,389.49,370.8,389.22,81455800
TSLA,2024-12-09,397.61,404.8,378.01,389.79,96359200
TSLA,2024-12-10,392.68,409.73,390.85,400.99,97563600
TSLA,2024-12-11,409.7,424.88,402.38,424.77,104287600
TSLA,2024-12-12,424.84,429.3,415.0,418.1,87752200
TSLA,2024-12-13,420.0,436.3,415.71,436.23,89000200
TSLA,2024-12-16,441.09,463.19,436.15,463.02,114083800
TSLA,2024-12-17,475.9,483.99,457.51,479.86,131223000
TSLA,2024-12-18,466.5,488.54,427.01,440.13,149340800
TSLA,2024-12-19,451.88,456.36,420.02,436.17,118566100
TSLA,2024-12-20,425.51,447.08,417.64,421.06,132216200
TSLA,2024-12-23,431.0,434.51,415.41,430.6,72698100
TSLA,2024-12-24,435.9,462.78,435.14,462.28,59551800
TSLA,2024-12-26,465.16,465.33,451.02,454.13,76366400
TSLA,2024-12-27,449.52,450.0,426.5,431.66,82666800
TSLA,2024-12-30,419.4,427.0,415.75,417.41,64941000
TSLA,2024-12-31,423.79,427.93,402.54,403.84,76825100
TSLA,2025-01-02,390.1,392.73,373.04,379.28,109710700
TSLA,2025-01-03,381.48,411.88,379.45,410.44,95423300
TSLA,2025-01-06,423.2,426.43,401.7,411.05,85516500
TSLA,2025-01-07,405.83,414.33,390.0,394.36,75699500
TSLA,2025-01-08,392.95,402.5,387.4,394.94,73038800
TSLA,2025-01-10,391.4,399.28,377.29,394.74,62287300
TSLA,2025-01-13,383.21,403.79,380.07,403.31,67580500
TSLA,2025-01-14,414.34,422.64,394.54,396.36,84565000
TSLA,2025-01-15,409.9,429.8,405.66,428.22,81375500
TSLA,2025-01-16,423.49,424.0,409.13,413.82,68335200
TSLA,2025-01-17,421.5,439.74,419.75,426.5,94991400
TSLA,2025-01-21,432.64,433.2,406.31,424.07,87320900
TSLA,2025-01-22,416.81,428.0,414.59,415.11,60963300
TSLA,2025-01-23,416.06,420.73,408.95,412.38,50690600
TSLA,2025-01-24,414.45,418.88,405.78,406.58,56427100
TSLA,2025-01-27,394.8,406.69,389.0,397.15,58125500
TSLA,2025-01-28,396.91,400.59,386.5,398.09,48910700
TSLA,2025-01-29,395.21,398.59,384.48,389.1,68033600
TSLA,2025-01-30,410.78,412.5,384.41,400.28,98092900
TSLA,2025-01-31,401.53,419.99,401.34,404.6,83283600
TSLA,2025-02-03,386.68,389.17,374.36,383.68,93732100
TSLA,2025-02-04,382.63,394.0,381.4,392.21,57072200
TSLA,2025-02-05,387.51,388.39,375.53,378.17,57223300
TSLA,2025-02-06,373.03,375.4,363.18,374.32,77918200
TSLA,2025-02-07,370.19,380.55,360.34,361.62,70298300
TSLA,2025-02-10,356.21,362.7,350.51,350.73,77514900
TSLA,2025-02-11,345.8,349.37,325.1,328.5,118543400
TSLA,2025-02-12,329.94,346.4,329.12,336.51,105382700
TSLA,2025-02-13,345.0,358.69,342.85,355.94,89441500
TSLA,2025-02-14,360.62,362.0,347.5,355.84,68277300
TSLA,2025-02-18,355.01,359.1,350.02,354.11,51631700
TSLA,2025-02-19,354.0,367.34,353.67,360.56,67094400
TSLA,2025-02-20,361.51,362.3,348.0,354.4,45965400
TSLA,2025-02-21,353.44,354.98,334.42,337.8,74058600
TSLA,2025-02-24,338.14,342.4,324.7,330.53,76052300
TSLA,2025-02-25,327.02,328.89,297.25,302.8,134228800
TSLA,2025-02-26,303.71,309.0,288.04,290.8,100118300
TSLA,2025-02-27,291.16,297.23,280.88,281.95,101748200
TSLA,2025-02-28,279.5,293.88,273.6,292.98,115697000
TSLA,2025-03-03,300.34,303.94,277.3,284.65,115551400
TSLA,2025-03-04,270.93,284.35,261.84,272.04,126706600
TSLA,2025-03-05,272.92,279.55,267.71,279.1,94042900
TSLA,2025-03-06,272.06,272.65,260.02,263.45,98451600
TSLA,2025-03-07,259.32,266.25,250.73,262.67,102369600
TSLA,2025-03-10,252.54,253.37,220.0,222.15,189076900
TSLA,2025-03-11,225.31,237.06,217.02,230.58,174896400
TSLA,2025-03-12,247.22,251.84,241.1,248.09,142215700
TSLA,2025-03-13,248.13,248.29,232.6,240.68,114813500
TSLA,2025-03-14,247.31,251.58,240.73,249.98,100242300
TSLA,2025-03-17,245.06,245.4,232.8,238.01,111900600
TSLA,2025-03-18,228.16,230.1,222.28,225.31,111477600
TSLA,2025-03-19,231.61,241.41,229.2,235.86,111993800
TSLA,2025-03-20,233.35,238.0,230.05,236.26,99028300
TSLA,2025-03-21,234.99,249.52,234.55,248.71,132728700
TSLA,2025-03-24,258.08,278.64,256.33,278.39,169079900
TSLA,2025-03-25,283.6,288.2,271.28,288.14,150361500
TSLA,2025-03-26,282.66,284.9,266.51,272.06,153629800
TSLA,2025-03-27,272.48,291.85,271.82,273.13,162572100
TSLA,2025-03-28,275.58,276.1,260.57,263.55,123809400
TSLA,2025-03-31,249.31,260.56,243.36,259.16,134008900
TSLA,2025-04-01,263.8,277.45,259.25,268.46,146486900
TSLA,2025-04-02,254.6,284.99,251.27,282.76,212787800
TSLA,2025-04-03,265.29,276.3,261.51,267.28,136174300
TSLA,2025-04-04,255.38,261.0,236.0,239.43,181229400
TSLA,2025-04-07,223.78,252.0,214.25,233.29,183453800
TSLA,2025-04-08,245.0,250.44,217.8,221.86,171603500
TSLA,2025-04-09,224.69,274.69,223.88,272.2,219433400
TSLA,2025-04-10,260.0,262.49,239.33,252.4,181722600
TSLA,2025-04-11,251.84,257.74,241.36,252.31,128948100
TSLA,2025-04-14,258.36,261.8,245.93,252.35,100135200
TSLA,2025-04-15,249.91,258.75,247.54,254.11,79594300
TSLA,2025-04-16,247.61,251.97,233.89,241.55,112378700
TSLA,2025-04-17,243.47,244.34,237.68,241.37,83404800
TSLA,2025-04-21,230.26,232.21,222.79,227.5,97768000
TSLA,2025-04-22,230.96,242.79,229.85,237.97,120858500
TSLA,2025-04-23,254.86,259.45,244.43,250.74,150381900
TSLA,2025-04-24,250.5,259.54,249.2,259.51,94464200
TSLA,2025-04-25,261.69,286.85,259.63,284.95,167560700
TSLA,2025-04-28,288.98,294.86,272.42,285.88,151731800
TSLA,2025-04-29,285.5,293.32,279.47,292.03,108906600
TSLA,2025-04-30,279.9,284.45,270.78,282.16,128961100
TSLA,2025-05-01,280.01,290.87,279.81,280.52,99659000
TSLA,2025-05-02,284.9,294.78,279.81,287.21,114454700
TSLA,2025-05-05,284.57,284.85,274.4,280.26,94618900
TSLA,2025-05-06,273.11,277.73,271.35,275.35,76715800
TSLA,2025-05-07,276.88,277.92,271.0,276.22,71592600
TSLA,2025-05-08,279.63,289.8,279.41,284.82,97539400
TSLA,2025-05-09,290.21,307.04,290.0,298.26,132387800
TSLA,2025-05-12,321.99,322.21,311.5,318.38,112826700
TSLA,2025-05-13,320.0,337.59,316.8,334.07,136992600
TSLA,2025-05-14,342.5,350.0,337.0,347.68,136997300
TSLA,2025-05-15,340.34,346.14,334.72,342.82,97882600
TSLA,2025-05-16,346.24,351.62,342.33,349.98,95895700
TSLA,2025-05-19,336.3,343.0,333.37,342.09,88869900
TSLA,2025-05-20,347.87,354.99,341.63,343.82,131715500
TSLA,2025-05-21,344.43,347.35,332.2,334.62,102354800
TSLA,2025-05-22,331.9,347.27,331.39,341.04,97113400
TSLA,2025-05-23,337.92,343.18,333.21,339.34,84654800
TSLA,2025-05-27,347.35,363.79,347.32,362.89,120146400
TSLA,2025-05-28,364.84,365.0,355.91,356.9,91404300
TSLA,2025-05-29,365.29,367.71,356.0,358.43,88087800
TSLA,2025-05-30,355.52,363.68,345.29,346.46,123474900
TSLA,2025-06-02,343.5,348.02,333.33,342.69,81873800
TSLA,2025-06-03,346.6,355.4,343.04,344.27,99324500
TSLA,2025-06-04,345.1,345.6,327.33,332.05,98912100
TSLA,2025-06-05,322.49,324.55,273.21,284.7,287499800
TSLA,2025-06-06,298.83,305.5,291.14,295.14,164747700
TSLA,2025-06-09,285.96,309.83,281.85,308.58,140908900
TSLA,2025-06-10,314.94,327.83,310.67,326.09,151256500
TSLA,2025-06-11,334.4,335.5,322.5,326.43,122611400
TSLA,2025-06-12,323.08,332.56,316.86,319.11,105127500
TSLA,2025-06-13,313.97,332.99,313.3,325.31,128964300
TSLA,2025-06-16,331.29,332.05,326.41,329.13,83925900
TSLA,2025-06-17,326.09,327.26,314.74,316.35,88282700
TSLA,2025-06-18,317.31,329.32,315.45,322.05,95137700
TSLA,2025-06-20,327.95,332.36,317.78,322.16,108688000
TSLA,2025-06-23,327.54,357.54,327.48,348.68,190716800
TSLA,2025-06-24,356.17,356.26,340.44,340.47,114736200
TSLA,2025-06-25,342.7,343.0,320.4,327.55,119845100
TSLA,2025-06-26,324.61,331.05,323.61,325.78,80440900
TSLA,2025-06-27,324.51,329.34,317.5,323.63,89067000
TSLA,2025-06-30,319.9,325.58,316.6,317.66,76695100
TSLA,2025-07-01,298.46,305.89,293.21,300.71,145085700
TSLA,2025-07-02,312.63,316.83,303.82,315.65,119483700
TSLA,2025-07-03,317.99,318.45,312.76,315.35,58042300
TSLA,2025-07-07,291.37,296.15,288.77,293.94,131177900
TSLA,2025-07-08,297.0,304.05,294.35,297.81,103246700
TSLA,2025-07-09,297.55,300.15,293.55,295.88,75586800
TSLA,2025-07-10,300.05,310.48,300.0,309.87,104365300
TSLA,2025-07-11,307.89,314.09,305.65,313.51,79236400
TSLA,2025-07-14,317.73,322.6,312.67,316.9,78043400
TSLA,2025-07-15,319.68,321.2,310.5,310.78,77556300
TSLA,2025-07-16,312.8,323.5,312.62,321.67,97284800
TSLA,2025-07-17,323.15,324.34,317.06,319.41,73922900
TSLA,2025-07-18,321.66,330.9,321.42,329.65,94255000
TSLA,2025-07-21,334.4,338.0,326.88,328.49,75768800
TSLA,2025-07-22,329.74,335.41,321.55,332.11,77370400
TSLA,2025-07-23,330.9,336.2,328.67,332.56,92553800
TSLA,2025-07-24,310.0,310.15,300.41,305.3,156966000
TSLA,2025-07-25,308.74,323.63,308.01,316.06,148227000
TSLA,2025-07-28,318.45,330.49,315.69,325.59,112673800
TSLA,2025-07-29,325.55,326.25,318.25,321.2,87358900
TSLA,2025-07-30,322.18,324.45,311.62,319.04,83931900
TSLA,2025-07-31,319.61,321.37,306.1,308.27,85270900
TSLA,2025-08-01,306.21,309.31,297.82,302.63,89121400
TSLA,2025-08-04,309.08,312.12,303.0,309.26,78683900
TSLA,2025-08-05,308.95,312.45,305.5,308.72,57961300
TSLA,2025-08-06,307.89,320.47,306.93,319.91,78523600
TSLA,2025-08-07,319.79,322.4,316.16,322.27,66658700
TSLA,2025-08-08,321.43,335.15,320.98,329.65,91200300
TSLA,2025-08-11,335.0,346.64,334.15,339.03,105320200
TSLA,2025-08-12,345.0,345.26,332.94,340.84,80522100
TSLA,2025-08-13,341.5,348.98,338.2,339.38,67838900
TSLA,2025-08-14,335.76,340.47,330.4,335.58,75000700
TSLA,2025-08-15,337.66,339.3,327.02,330.56,74319800
TSLA,2025-08-18,329.62,336.27,329.59,335.16,56956600
TSLA,2025-08-19,335.79,340.55,327.85,329.31,75956000
TSLA,2025-08-20,329.22,331.37,314.6,323.9,77481800
TSLA,2025-08-21,322.08,324.9,318.68,320.11,55744400
TSLA,2025-08-22,321.66,340.25,319.69,340.01,94016300
TSLA,2025-08-25,338.9,349.53,335.03,346.6,86670000
TSLA,2025-08-26,344.93,351.9,343.72,351.67,76651600
TSLA,2025-08-27,351.94,355.39,349.16,349.6,65519000
TSLA,2025-08-28,350.91,353.55,340.26,345.98,67903200
TSLA,2025-08-29,347.23,348.75,331.7,333.87,81145700
TSLA,2025-09-02,328.23,333.33,325.6,329.36,58392000
TSLA,2025-09-03,335.2,343.33,328.51,334.09,88733300
TSLA,2025-09-04,336.15,338.89,331.48,338.53,60711000
TSLA,2025-09-05,348.0,355.87,344.68,350.84,108989800
TSLA,2025-09-08,354.64,358.44,344.84,346.4,75208300
TSLA,2025-09-09,348.44,350.77,343.82,346.97,53816000
TSLA,2025-09-10,350.55,356.33,346.07,347.79,72121700
TSLA,2025-09-11,350.17,368.99,347.6,368.81,103756000
TSLA,2025-09-12,370.94,396.69,370.24,395.94,168156400
TSLA,2025-09-15,423.13,425.7,402.43,410.04,163823700
TSLA,2025-09-16,414.5,423.25,411.43,421.62,104285700
TSLA,2025-09-17,415.75,428.31,409.67,425.86,106133500
TSLA,2025-09-18,428.87,432.22,416.56,416.85,90454500
TSLA,2025-09-19,421.82,429.47,421.72,426.07,93131000
TSLA,2025-09-22,431.11,444.98,429.13,434.21,97108800
TSLA,2025-09-23,439.88,440.97,423.72,425.85,83422700
TSLA,2025-09-24,429.83,444.21,429.03,442.79,93133600
TSLA,2025-09-25,435.24,435.35,419.08,423.39,96746400
TSLA,2025-09-26,428.3,440.47,421.02,440.4,101628200
TSLA,2025-09-29,444.35,450.98,439.5,443.21,79491500
TSLA,2025-09-30,441.52,445.0,433.12,444.72,74358000
TSLA,2025-10-01,443.8,462.29,440.75,459.46,98122300
TSLA,2025-10-02,470.54,470.75,435.57,436.0,137009000
TSLA,2025-10-03,443.29,446.77,416.58,429.83,133188200
TSLA,2025-10-06,440.75,453.55,436.69,453.25,85324900
TSLA,2025-10-07,447.82,452.68,432.45,433.09,102296100
TSLA,2025-10-08,437.57,441.33,425.23,438.69,71192100
TSLA,2025-10-09,431.81,436.35,426.18,435.54,69339900
TSLA,2025-10-10,436.54,443.13,411.45,413.49,112107900
TSLA,2025-10-13,423.53,436.89,419.7,435.9,79552800
TSLA,2025-10-14,426.79,434.2,417.86,429.24,72669400
TSLA,2025-10-15,434.9,440.51,426.33,435.15,71558200
TSLA,2025-10-16,434.73,439.35,421.31,428.75,77189900
TSLA,2025-10-17,425.5,441.46,423.6,439.31,89331600
TSLA,2025-10-20,443.87,449.8,440.61,447.43,63719000
TSLA,2025-10-21,445.76,449.3,442.05,442.6,54412200
TSLA,2025-10-22,443.45,445.54,429.0,438.97,84023500
TSLA,2025-10-23,420.0,449.4,413.9,448.98,126709800
TSLA,2025-10-24,446.83,451.68,430.17,433.72,94727800
TSLA,2025-10-27,439.98,460.16,438.69,452.42,105867500
TSLA,2025-10-28,454.78,467.0,451.6,460.55,80185700
TSLA,2025-10-29,462.5,465.7,452.65,461.51,67983500
TSLA,2025-10-30,451.05,455.06,439.61,440.1,72447900
TSLA,2025-10-31,446.75,458.0,443.69,456.56,83135800
TSLA,2025-11-03,455.99,474.07,453.8,468.37,84595200
TSLA,2025-11-04,454.46,460.22,443.6,444.26,87756600
TSLA,2025-11-05,452.05,466.33,440.71,462.07,85573000
TSLA,2025-11-06,461.96,467.45,435.09,445.91,109622900
TSLA,2025-11-07,437.92,439.36,421.88,429.52,103471500
TSLA,2025-11-10,439.6,449.67,433.36,445.23,76515900
TSLA,2025-11-11,439.4,442.49,432.36,439.62,60533200
TSLA,2025-11-12,442.15,442.33,426.56,430.6,58513500
TSLA,2025-11-13,423.13,424.5,396.34,401.99,118948000
TSLA,2025-11-14,386.3,412.19,382.78,404.35,105506700
TSLA,2025-11-17,398.74,423.96,398.74,408.92,102214300
TSLA,2025-11-18,405.38,408.9,393.71,401.25,80688600
TSLA,2025-11-19,406.18,411.78,398.5,403.99,72047700
TSLA,2025-11-20,414.63,428.94,394.74,395.23,113548800
TSLA,2025-11-21,402.32,402.8,383.76,391.09,100460600
TSLA,2025-11-24,402.17,421.72,401.09,417.78,96806400
TSLA,2025-11-25,414.42,420.48,405.95,419.4,71915600
TSLA,2025-11-26,423.95,426.94,416.89,426.58,63463000
TSLA,2025-11-28,426.59,432.93,426.2,430.17,36252900
TSLA,2025-12-01,425.32,433.66,425.29,430.14,57463600
TSLA,2025-12-02,430.81,436.8,422.12,429.24,69336600
TSLA,2025-12-03,432.1,447.92,431.11,446.74,87483000
TSLA,2025-12-04,449.94,454.63,445.39,454.53,71906500
TSLA,2025-12-05,453.03,458.87,451.66,455.0,56427500
TSLA,2025-12-08,447.45,449.75,435.25,439.58,69165800
TSLA,2025-12-09,437.54,452.39,435.7,445.17,62367400
TSLA,2025-12-10,446.07,456.88,443.61,451.45,63257500
TSLA,2025-12-11,448.95,449.27,440.33,446.89,55979500
TSLA,2025-12-12,448.09,463.01,441.67,458.96,95656700
TSLA,2025-12-15,469.44,481.77,467.66,475.31,114542200
TSLA,2025-12-16,472.21,491.5,465.83,489.88,107608100
TSLA,2025-12-17,488.22,495.28,466.2,467.26,106490400
TSLA,2025-12-18,478.16,490.86,473.12,483.37,95168400
TSLA,2025-12-19,488.12,490.49,474.72,481.2,103305400
TSLA,2025-12-22,489.88,498.83,485.33,488.73,86916100
TSLA,2025-12-23,489.4,491.97,482.84,485.56,58223600
TSLA,2025-12-24,488.48,490.9,476.8,485.4,41285400
TSLA,2025-12-26,485.23,489.09,473.82,475.19,58780700
TSLA,2025-12-29,469.0,469.4,459.0,459.64,66263000
TSLA,2025-12-30,461.09,463.12,453.83,454.43,59238500
TSLA,2025-12-31,456.1,456.55,449.3,449.72,49078000
TSLA,2026-01-02,457.8,458.34,435.3,438.07,85535400
TSLA,2026-01-05,447.99,457.55,444.57,451.67,67940800
TSLA,2026-01-06,446.38,448.25,428.78,432.96,89093800
TSLA,2026-01-07,435.9,438.37,431.29,431.41,59828800
TSLA,2026-01-08,427.89,436.89,424.37,435.8,57041100
TSLA,2026-01-09,435.95,449.05,430.39,445.01,67331500
TSLA,2026-01-12,441.23,454.3,438.0,448.96,61649600
TSLA,2026-01-13,450.2,451.81,443.95,447.2,53719200
TSLA,2026-01-14,442.81,443.91,434.22,439.2,57259500
TSLA,2026-01-15,441.13,445.36,437.65,438.57,49465800
TSLA,2026-01-16,439.5,447.25,435.26,437.5,60220600
TSLA,2026-01-20,429.36,430.73,417.44,419.25,63187300
TSLA,2026-01-21,421.66,438.2,419.62,431.44,68124000
TSLA,2026-01-22,435.16,449.5,432.63,449.36,71546700
TSLA,2026-01-23,447.43,452.43,444.04,449.06,56771400
TSLA,2026-01-26,445.0,445.04,434.28,435.2,49397400
TSLA,2026-01-27,437.41,437.52,430.69,430.9,37733100
TSLA,2026-01-28,431.91,438.26,430.1,431.46,54857400
TSLA,2026-01-29,437.8,440.23,414.62,416.56,81686100
TSLA,2026-01-30,425.35,439.88,422.7,430.41,82626100
TSLA,2026-02-02,421.29,427.15,414.5,421.81,58739500
TSLA,2026-02-03,424.27,428.56,413.69,421.96,56886500
TSLA,2026-02-04,420.46,423.9,399.18,406.01,74606900
TSLA,2026-02-05,397.02,402.1,387.53,397.21,72819800
TSLA,2026-02-06,400.87,414.55,397.75,411.11,62677100
TSLA,2026-02-09,409.91,421.25,407.29,417.32,54484300
TSLA,2026-02-10,418.08,427.25,417.0,425.21,64450200
TSLA,2026-02-11,427.96,436.35,420.03,428.27,57362000
TSLA,2026-02-12,430.3,436.23,414.0,417.07,61933400
TSLA,2026-02-13,414.31,424.06,410.88,417.44,51434100
TSLA,2026-02-17,412.36,413.72,400.51,410.63,59678800
TSLA,2026-02-18,411.11,416.9,409.58,411.32,45921400
TSLA,2026-02-19,407.25,415.25,404.11,411.71,51019600
TSLA,2026-02-20,408.3,414.7,405.5,411.82,57912200
TSLA,2026-02-23,407.29,407.7,394.04,399.83,69680000
TSLA,2026-02-24,399.5,410.82,397.64,409.38,58579500
TSLA,2026-02-25,412.15,420.34,412.15,417.4,54809700
TSLA,2026-02-26,414.42,416.81,403.66,408.58,53602500
TSLA,2026-02-27,402.94,407.12,398.11,402.51,56890100
TSLA,2026-03-02,390.6,404.54,388.25,403.32,55088300
TSLA,2026-03-03,395.09,396.34,385.39,392.43,62617300
TSLA,2026-03-04,397.85,408.33,394.58,405.94,68305500
TSLA,2026-03-05,401.57,408.62,399.42,405.55,51925900
TSLA,2026-03-06,398.09,402.35,394.21,396.73,64054600
TSLA,2026-03-09,390.05,401.59,381.4,398.68,67018900
TSLA,2026-03-10,402.22,406.59,398.19,399.24,59258700
TSLA,2026-03-11,402.28,416.38,402.15,407.82,62559900
TSLA,2026-03-12,405.18,406.5,394.65,395.01,60973800
TSLA,2026-03-13,399.17,400.2,389.95,391.2,58504100
TSLA,2026-03-16,396.22,403.73,394.42,395.56,58068300
TSLA,2026-03-17,395.69,400.12,393.0,399.27,46890500
TSLA,2026-03-18,399.0,403.07,392.31,392.78,50853100
TSLA,2026-03-19,387.27,387.27,378.73,380.3,67078300
TSLA,2026-03-20,379.85,379.89,364.46,367.96,78628600
TSLA,2026-03-23,373.09,385.33,372.73,380.85,74606000
TSLA,2026-03-24,376.56,387.48,376.31,383.03,60004900
TSLA,2026-03-25,389.99,396.23,385.01,385.95,55157300
TSLA,2026-03-26,381.6,384.44,371.87,372.11,55522900
TSLA,2026-03-27,369.69,369.86,359.47,361.83,62065700
TSLA,2026-03-30,365.86,367.29,352.14,355.28,67954400
TSLA,2026-03-31,361.51,373.33,361.0,371.75,75534900
TSLA,2026-04-01,378.63,383.14,374.08,381.26,58683800
TSLA,2026-04-02,364.2,370.28,359.03,360.59,83031200
TSLA,2026-04-06,362.59,367.72,346.64,352.82,77697600
TSLA,2026-04-07,346.44,348.02,337.24,346.65,74515400
TSLA,2026-04-08,363.79,364.5,339.67,343.25,78838600
TSLA,2026-04-09,343.15,348.88,337.25,345.62,62164000
TSLA,2026-04-10,346.29,350.36,342.74,348.95,51336000
TSLA,2026-04-13,350.07,356.35,348.57,352.42,53617500
TSLA,2026-04-14,357.67,367.63,354.77,364.2,59979600
TSLA,2026-04-15,366.83,394.65,362.5,391.95,113810400
TSLA,2026-04-16,393.81,394.06,381.8,388.9,63515100
TSLA,2026-04-17,395.92,409.28,391.65,400.62,90640000
TSLA,2026-04-20,402.58,406.8,388.33,392.5,64603900
TSLA,2026-04-21,393.0,393.95,385.22,386.42,50530600
TSLA,2026-04-22,387.57,393.01,385.3,387.51,62362800
TSLA,2026-04-23,375.28,386.0,368.39,373.72,93969500
TSLA,2026-04-24,373.5,382.76,370.73,376.3,62893300
TSLA,2026-04-27,372.09,380.78,364.02,378.67,66735800
TSLA,2026-04-28,374.68,382.29,372.54,376.02,50864400
TSLA,2026-04-29,375.4,376.4,370.04,372.8,45384800
TSLA,2026-04-30,372.75,384.75,368.17,381.63,51076000
TSLA,2026-05-01,382.49,397.82,378.8,390.82,65338300
TSLA,2026-05-04,390.23,394.64,384.8,392.51,48765100
TSLA,2026-05-05,395.19,402.12,389.0,389.37,47780600
TSLA,2026-05-06,386.25,401.68,384.02,398.73,53465400
TSLA,2026-05-07,407.48,415.83,402.12,411.79,64294200
TSLA,2026-05-08,416.48,431.2,416.39,428.35,65050000
TSLA,2026-05-11,422.16,449.16,416.8,445.0,78376100
TSLA,2026-05-12,441.41,447.8,422.26,433.45,60569300
TSLA,2026-05-13,436.67,453.4,430.21,445.27,68283200
TSLA,2026-05-14,446.49,451.98,441.16,443.3,46070400
TSLA,2026-05-15,433.98,434.66,422.0,422.24,52688700
TSLA,2026-05-18,419.27,421.13,405.33,409.99,52474200
TSLA,2026-05-19,403.16,405.63,393.63,404.11,46500600
TSLA,2026-05-20,407.6,417.46,406.39,417.26,45294700
TSLA,2026-05-21,422.18,426.95,412.9,417.85,42636900
TSLA,2026-05-22,422.67,431.51,420.51,426.01,46104700
TSLA,2026-05-26,430.26,435.2,426.12,433.59,45658900
TSLA,2026-05-27,442.89,445.6,435.52,440.36,44656500
TSLA,2026-05-28,437.62,443.96,436.3,442.1,32435000
TSLA,2026-05-29,439.85,441.07,428.14,435.79,45176800
TSLA,2026-06-01,427.49,429.6,415.43,415.88,44937900
TSLA,2026-06-02,418.22,424.42,413.65,423.74,37596000
TSLA,2026-06-03,418.7,433.6,416.0,423.7,44500700
TSLA,2026-06-04,419.84,426.35,417.16,418.45,35323300
TSLA,2026-06-05,420.5,424.68,388.59,391.0,63420200
TSLA,2026-06-08,396.33,412.94,394.72,408.95,50328800
TSLA,2026-06-09,411.03,418.5,384.24,396.68,59940200
TSLA,2026-06-10,391.54,397.09,380.15,381.59,49695600
TSLA,2026-06-11,388.28,399.54,380.66,399.15,45324300
TSLA,2026-06-12,399.49,406.68,386.76,406.43,63514500
TSLA,2026-06-15,412.37,416.0,407.1,411.15,45620500
TSLA,2026-06-16,404.11,412.42,400.54,404.66,40255500
TSLA,2026-06-17,401.53,405.94,393.76,396.38,43534300
TSLA,2026-06-18,398.1,402.52,384.7,400.49,58384700
TSLA,2026-06-22,394.85,414.75,394.4,405.05,47819500
TSLA,2026-06-23,392.61,392.87,379.06,381.61,50420200
TSLA,2026-06-24,380.08,384.58,373.05,375.53,37081400
TSLA,2026-06-25,375.27,379.12,371.22,375.12,30138800
TSLA,2026-06-26,370.15,387.8,368.6,379.71,53434100
TSLA,2026-06-29,381.79,413.27,379.3,411.84,57645800
TSLA,2026-06-30,406.0,424.54,406.0,420.6,43385600
TSLA,2026-07-01,421.46,432.86,418.09,425.3,40127900
TSLA,2026-07-02,428.01,432.35,389.3,393.45,73717700
TSLA,2026-07-06,397.5,420.0,390.5,419.77,54727900
TSLA,2026-07-07,416.96,419.56,401.88,402.9,38149900
TSLA,2026-07-08,399.38,399.63,390.51,394.06,33844900
TSLA,2026-07-09,393.99,407.86,390.86,406.55,37835000
TSLA,2026-07-10,410.49,413.16,402.81,407.76,33410000
TSLA,2026-07-13,404.61,405.57,391.37,394.76,32809200
TSLA,2026-07-14,399.05,402.22,394.76,396.18,23385000
TSLA,2026-07-15,399.4,406.59,390.66,394.46,31549800
TSLA,2026-07-16,392.35,395.31,385.32,391.06,29269100
TSLA,2026-07-17,381.78,385.69,377.22,380.84,31394600
TSLA,2026-07-20,386.05,386.61,369.43,369.57,33901500
TSLA,2026-07-21,371.17,384.07,369.98,378.93,32735300
TSLA,2026-07-22,375.53,380.17,372.9,374.01,30646100
TSLA,2026-07-23,341.0,342.11,315.74,319.69,115606400
TSLA,2026-07-24,320.72,322.96,306.51,313.03,62760000
TSLA,2026-07-27,313.24,317.0,304.28,309.22,44919400
TSLA,2026-07-28,305.93,311.16,300.69,307.44,39802400
TSLA,2026-07-29,307.14,309.06,297.38,298.32,39478000
TSLA,2026-07-30,302.7,310.87,301.33,308.85,38005400
TSLA,2026-07-31,309.69,315.5,301.97,311.21,36630600
TSLA,2026-08-03,310.96,324.65,310.43,322.08,38281400
TSLA,2026-08-04,324.0,329.57,320.79,327.35,33318300
TSLA,2026-08-05,323.42,327.14,320.28,321.55,27820800
TSLA,2026-08-06,317.05,323.0,315.52,319.53,26033800
TSLA,2026-08-07,322.34,333.73,321.25,328.58,39370100
AMZN,2021-08-10,167.2505,167.9,165.75,166.034,48252000
AMZN,2021-08-11,166.5725,166.885,163.8895,164.6055,58944000
AMZN,2021-08-12,164.5,165.7255,163.4835,165.175,46282000
AMZN,2021-08-13,165.2835,165.3035,164.15,164.6985,41134000
AMZN,2021-08-16,164.15,165.0,160.5565,164.9495,66394000
AMZN,2021-08-17,163.875,164.0245,161.284,162.098,67758000
AMZN,2021-08-18,162.0995,162.705,160.0,160.061,56086000
AMZN,2021-08-19,159.701,161.65,159.123,159.3875,75658000
AMZN,2021-08-20,160.1935,160.3905,158.788,159.9975,67168000
AMZN,2021-08-23,160.595,164.045,160.5005,163.2935,65362000
AMZN,2021-08-24,164.0,165.7745,163.729,165.289,51036000
AMZN,2021-08-25,165.4935,166.05,164.3075,164.959,33606000
AMZN,2021-08-26,164.95,166.6,164.8,165.8,41976000
AMZN,2021-08-27,166.6615,167.616,165.6875,167.4815,48048000
AMZN,2021-08-30,167.8715,172.25,167.761,171.0785,63844000
AMZN,2021-08-31,171.24,173.629,169.7795,173.5395,87128000
AMZN,2021-09-01,174.82,176.35,173.762,173.95,72598000
AMZN,2021-09-02,174.738,175.598,172.75,173.156,58474000
AMZN,2021-09-03,172.6,174.1335,171.822,173.9025,51514000
AMZN,2021-09-07,173.9,176.4045,173.847,175.4645,54758000
AMZN,2021-09-08,175.5825,177.2815,174.7835,176.275,61068000
AMZN,2021-09-09,176.301,177.4995,174.0185,174.208,54384000
AMZN,2021-09-10,175.0915,175.4225,173.1455,173.4575,47946000
AMZN,2021-09-13,174.14,174.898,171.9,172.8585,51380000
AMZN,2021-09-14,173.7775,174.3405,171.8855,172.5,38738000
AMZN,2021-09-15,172.126,174.271,170.1005,173.7895,59150000
AMZN,2021-09-16,172.998,174.6275,172.307,174.412,51672000
AMZN,2021-09-17,174.4205,174.8705,172.6065,173.126,92332000
AMZN,2021-09-20,169.8,170.95,165.2505,167.7865,93382000
AMZN,2021-09-21,168.75,168.985,166.6195,167.1815,55618000
AMZN,2021-09-22,167.55,169.45,167.0525,169.0025,48228000
AMZN,2021-09-23,169.0025,171.448,169.0025,170.8,47588000
AMZN,2021-09-24,170.1005,171.463,169.67,171.276,42324000
AMZN,2021-09-27,168.575,170.7785,166.9805,170.29,72690000
AMZN,2021-09-28,167.8855,168.4595,164.505,165.798,88616000
AMZN,2021-09-29,166.1055,167.565,164.8935,165.056,51246000
AMZN,2021-09-30,165.8,166.3925,163.6995,164.252,56848000
AMZN,2021-10-01,164.4505,165.4585,162.797,164.163,56712000
AMZN,2021-10-04,163.9695,163.9995,158.8125,159.489,90462000
AMZN,2021-10-05,160.225,163.0365,160.123,161.05,65384000
AMZN,2021-10-06,160.6765,163.217,159.931,163.1005,50660000
AMZN,2021-10-07,164.577,166.2875,164.153,165.1215,48182000
AMZN,2021-10-08,165.85,166.0715,164.41,164.431,39964000
AMZN,2021-10-11,163.75,164.6295,161.905,162.315,40684000
AMZN,2021-10-12,162.85,163.3765,161.814,162.3665,36392000
AMZN,2021-10-13,163.4855,164.419,163.0545,164.214,48402000
AMZN,2021-10-14,165.1225,165.63,164.539,164.993,42190000
AMZN,2021-10-15,165.571,170.521,165.2,170.451,103598000
AMZN,2021-10-18,169.418,172.4585,169.255,172.337,63482000
AMZN,2021-10-19,171.7145,172.7345,171.1,172.2075,47722000
AMZN,2021-10-20,172.633,173.143,170.0185,170.753,42796000
AMZN,2021-10-21,170.7125,172.014,170.15,171.7505,37628000
AMZN,2021-10-22,171.05,171.492,166.565,166.7775,62782000
AMZN,2021-10-25,166.75,167.39,164.885,166.0185,44520000
AMZN,2021-10-26,167.4755,170.806,167.199,168.8035,53966000
AMZN,2021-10-27,169.4,171.85,168.5725,169.6245,54044000
AMZN,2021-10-28,170.105,173.95,169.3,172.3285,114174000
AMZN,2021-10-29,165.001,168.741,163.666,168.6215,129722000
AMZN,2021-11-01,168.09,168.793,164.601,165.9055,72178000
AMZN,2021-11-02,165.7505,166.556,164.1775,165.6375,52552000
AMZN,2021-11-03,165.45,169.746,164.876,169.2,67944000
AMZN,2021-11-04,168.5,174.9315,168.25,173.85,107060000
AMZN,2021-11-05,173.85,178.3125,173.849,175.9495,99940000
AMZN,2021-11-08,176.162,178.95,174.393,174.449,61480000
AMZN,2021-11-09,175.7625,179.6885,175.0715,178.8115,85898000
AMZN,2021-11-10,178.1935,180.2725,173.1545,174.1025,80548000
AMZN,2021-11-11,175.65,177.162,173.3735,173.625,45288000
AMZN,2021-11-12,174.25,177.0365,172.3525,176.2575,53788000
AMZN,2021-11-15,176.85,179.694,176.2905,177.284,58594000
AMZN,2021-11-16,176.95,178.825,176.2575,177.035,44342000
AMZN,2021-11-17,178.236,179.3625,177.2675,177.45,51206000
AMZN,2021-11-18,178.3175,185.21,178.05,184.803,114070000
AMZN,2021-11-19,185.6345,188.1075,183.786,183.8285,98734000
AMZN,2021-11-22,183.819,185.673,178.375,178.6285,96844000
AMZN,2021-11-23,179.252,181.0525,176.3855,179.002,73804000
AMZN,2021-11-24,178.1335,180.682,176.8425,179.0205,46560000
AMZN,2021-11-26,180.105,181.675,175.2075,175.228,59826000
AMZN,2021-11-29,177.382,179.8,176.575,178.0785,65312000
AMZN,2021-11-30,178.175,179.2885,174.6005,175.3535,80022000
AMZN,2021-12-01,177.25,177.994,172.08,172.186,74916000
AMZN,2021-12-02,173.0,174.635,171.1875,171.868,64726000
AMZN,2021-12-03,172.75,173.4935,166.93,169.4895,80712000
AMZN,2021-12-06,169.65,173.6955,166.9345,171.3685,68860000
AMZN,2021-12-07,174.6,177.4995,173.3345,176.1645,66410000
AMZN,2021-12-08,176.1505,177.18,174.7505,176.158,45254000
AMZN,2021-12-09,175.75,176.9695,174.1395,174.171,46062000
AMZN,2021-12-10,175.417,175.927,170.5,172.212,60690000
AMZN,2021-12-13,172.0,172.1,169.13,169.5675,62170000
AMZN,2021-12-14,167.55,169.499,166.44,169.0915,55976000
AMZN,2021-12-15,168.598,173.6,165.195,173.315,75794000
AMZN,2021-12-16,173.3685,174.166,168.1605,168.871,60876000
AMZN,2021-12-17,167.7105,170.8985,165.6135,170.0175,85542000
AMZN,2021-12-20,166.85,167.8745,165.6,167.079,57372000
AMZN,2021-12-21,167.8505,170.7165,165.6475,170.417,55956000
AMZN,2021-12-22,169.27,172.05,168.5005,171.037,55036000
AMZN,2021-12-23,170.428,171.975,170.15,171.0685,36788000
AMZN,2021-12-27,171.037,172.943,169.2155,169.6695,58688000
AMZN,2021-12-28,170.1825,172.176,169.1355,170.661,54638000
AMZN,2021-12-29,170.84,171.212,168.6005,169.201,35754000
AMZN,2021-12-30,169.7,170.888,168.524,168.6445,37584000
AMZN,2021-12-31,168.956,169.35,166.5585,166.717,47830000
AMZN,2022-01-03,167.55,170.7035,166.1605,170.4045,63520000
AMZN,2022-01-04,170.438,171.4,166.3495,167.522,70726000
AMZN,2022-01-05,166.883,167.1265,164.357,164.357,64302000
AMZN,2022-01-06,163.4505,164.8,161.937,163.254,51958000
AMZN,2022-01-07,163.839,165.2435,162.031,162.554,46606000
AMZN,2022-01-10,160.5855,161.6615,156.3045,161.486,87798000
AMZN,2022-01-11,161.5,166.35,160.7015,165.362,62806000
AMZN,2022-01-12,166.575,166.878,164.417,165.207,50030000
AMZN,2022-01-13,165.2505,166.2215,161.091,161.214,52188000
AMZN,2022-01-14,160.15,162.25,159.8005,162.138,45974000
AMZN,2022-01-18,159.105,159.7345,157.6645,158.9175,67292000
AMZN,2022-01-19,158.762,159.25,156.25,156.299,53242000
AMZN,2022-01-20,156.766,158.0,151.351,151.6675,71974000
AMZN,2022-01-21,149.95,150.9,142.0705,142.643,163972000
AMZN,2022-01-24,139.0,144.945,135.352,144.544,155624000
AMZN,2022-01-25,142.2425,143.6,138.145,139.986,90824000
AMZN,2022-01-26,144.75,145.185,137.3185,138.8725,95602000
AMZN,2022-01-27,140.8,144.2435,139.35,139.6375,77516000
AMZN,2022-01-28,140.8605,143.998,137.9295,143.978,74392000
AMZN,2022-01-31,144.75,150.3605,144.3005,149.5735,78308000
AMZN,2022-02-01,150.0,151.708,147.6275,151.1935,59220000
AMZN,2022-02-02,155.0505,155.075,148.8635,150.6125,87330000
AMZN,2022-02-03,141.7375,144.2475,138.333,138.8455,225532000
AMZN,2022-02-04,155.6065,161.2,150.608,157.6395,253456000
AMZN,2022-02-07,158.52,162.691,157.25,157.9355,102624000
AMZN,2022-02-08,156.7505,161.7925,155.5505,161.4135,76040000
AMZN,2022-02-09,162.8735,163.8345,160.25,161.1895,68786000
AMZN,2022-02-10,158.35,160.7165,157.75,159.0035,68268000
AMZN,2022-02-11,158.1345,159.0,152.734,153.2935,77100000
AMZN,2022-02-14,151.751,158.4485,151.65,155.167,83230000
AMZN,2022-02-15,157.6055,158.007,154.6375,156.5105,56440000
AMZN,2022-02-16,155.7905,158.834,154.7345,158.1005,52704000
AMZN,2022-02-17,158.146,160.349,154.5,154.6525,64032000
AMZN,2022-02-18,155.4995,155.4995,150.893,152.6015,63604000
AMZN,2022-02-22,150.4785,152.9825,148.4855,150.1975,66128000
AMZN,2022-02-23,151.6505,151.763,144.651,144.827,64244000
AMZN,2022-02-24,139.8375,151.749,139.5,151.358,100786000
AMZN,2022-02-25,150.55,153.99,149.2135,153.7885,62396000
AMZN,2022-02-28,152.425,154.45,150.85,153.563,57684000
AMZN,2022-03-01,152.7325,154.099,149.977,151.142,44874000
AMZN,2022-03-02,150.849,152.9995,148.75,152.0525,47334000
AMZN,2022-03-03,153.5315,153.929,146.856,147.8985,65198000
AMZN,2022-03-04,147.159,147.85,143.807,145.641,60934000
AMZN,2022-03-07,145.4435,146.0945,137.4165,137.453,86934000
AMZN,2022-03-08,136.6835,140.6995,133.5725,136.0145,91662000
AMZN,2022-03-09,139.5,140.25,136.828,139.279,82656000
AMZN,2022-03-10,145.685,148.6745,143.978,146.8175,135062000
AMZN,2022-03-11,149.5745,149.675,145.369,145.5245,68900000
AMZN,2022-03-14,145.981,147.45,140.884,141.853,74086000
AMZN,2022-03-15,142.85,147.985,142.0,147.3665,75584000
AMZN,2022-03-16,148.5,153.15,147.3535,153.104,84958000
AMZN,2022-03-17,152.6405,157.4985,152.14,157.239,72934000
AMZN,2022-03-18,156.813,161.594,156.011,161.2505,102962000
AMZN,2022-03-21,161.121,163.084,159.553,161.4915,66538000
AMZN,2022-03-22,161.8055,166.167,161.699,164.889,64086000
AMZN,2022-03-23,163.705,166.37,162.687,163.408,55812000
AMZN,2022-03-24,163.7495,164.1185,160.05,163.6495,56798000
AMZN,2022-03-25,164.0,165.3685,162.25,164.7735,49032000
AMZN,2022-03-28,164.975,169.0375,164.9,168.9905,59854000
AMZN,2022-03-29,170.384,170.8315,167.8685,169.315,66154000
AMZN,2022-03-30,168.5095,168.9505,165.5,166.301,56168000
AMZN,2022-03-31,166.445,166.495,162.9535,162.9975,59966000
AMZN,2022-04-01,164.1495,165.827,162.3195,163.56,57090000
AMZN,2022-04-04,164.125,168.3945,163.2055,168.3465,49882000
AMZN,2022-04-05,167.7415,168.1105,163.266,164.055,53728000
AMZN,2022-04-06,161.6505,162.2,157.2545,158.756,79056000
AMZN,2022-04-07,158.4,160.079,154.5115,157.7845,68136000
AMZN,2022-04-08,156.75,157.3685,154.231,154.4605,46002000
AMZN,2022-04-11,152.713,154.1365,150.5345,151.122,52112000
AMZN,2022-04-12,153.6925,155.099,150.383,150.7875,55178000
AMZN,2022-04-13,150.0185,156.025,149.6,155.541,53390000
AMZN,2022-04-14,155.39,155.897,151.472,151.7065,51598000
AMZN,2022-04-18,151.5235,154.0395,150.2505,152.785,46514000
AMZN,2022-04-19,152.0295,158.649,151.5505,158.1155,54926000
AMZN,2022-04-20,157.6025,157.6025,153.6035,153.998,59630000
AMZN,2022-04-21,154.714,156.738,147.5895,148.296,63970000
AMZN,2022-04-22,148.25,149.615,143.6975,144.35,73078000
AMZN,2022-04-25,144.023,146.2215,142.3065,146.074,61874000
AMZN,2022-04-26,144.8,144.856,138.9295,139.391,77530000
AMZN,2022-04-27,140.1915,141.9485,135.7835,138.167,71336000
AMZN,2022-04-28,142.178,145.9375,140.3,144.5965,117316000
AMZN,2022-04-29,129.849,130.761,121.625,124.2815,272662000
AMZN,2022-05-02,122.401,124.668,118.375,124.5,148788000
AMZN,2022-05-03,124.0535,126.2205,122.825,124.2535,79134000
AMZN,2022-05-04,123.6,126.0,119.183,125.9285,110746000
AMZN,2022-05-05,123.0,123.499,115.0725,116.407,144392000
AMZN,2022-05-06,114.85,119.0505,113.0815,114.7725,124260000
AMZN,2022-05-09,111.3125,114.0,107.957,108.789,128124000
AMZN,2022-05-10,111.25,112.6425,107.171,108.859,105434000
AMZN,2022-05-11,108.1035,110.156,104.4285,105.372,109704000
AMZN,2022-05-12,102.75,110.7805,102.4055,106.9305,132026000
AMZN,2022-05-13,109.069,113.184,107.8,113.055,93684000
AMZN,2022-05-16,113.1,113.9925,110.354,110.8105,74566000
AMZN,2022-05-17,113.275,115.8,111.2765,115.3685,76448000
AMZN,2022-05-18,111.4395,112.853,106.249,107.1125,108380000
AMZN,2022-05-19,106.2805,110.034,106.193,107.319,88142000
AMZN,2022-05-20,109.5685,109.898,105.0095,107.591,99500000
AMZN,2022-05-23,108.461,108.819,103.95,107.557,107798000
AMZN,2022-05-24,104.025,105.4,101.26,104.1,102934000
AMZN,2022-05-25,103.6555,108.175,103.65,106.775,93120000
AMZN,2022-05-26,107.97,112.6655,107.4535,111.0775,93002000
AMZN,2022-05-27,113.55,115.187,112.628,115.1465,93660000
AMZN,2022-05-31,116.28,121.9945,115.675,120.2095,144634000
AMZN,2022-06-01,122.256,125.179,120.6225,121.684,127528000
AMZN,2022-06-02,121.684,125.61,120.045,125.511,100560000
AMZN,2022-06-03,124.2,124.4,121.0465,122.35,97604000
AMZN,2022-06-06,125.25,128.99,123.81,124.79,135269000
AMZN,2022-06-07,122.01,124.1,120.63,123.0,85156700
AMZN,2022-06-08,122.61,123.75,120.75,121.18,64926600
AMZN,2022-06-09,119.99,121.3,116.1,116.15,67029800
AMZN,2022-06-10,113.42,114.5,109.05,109.65,87266000
AMZN,2022-06-13,104.19,106.54,101.86,103.67,99277700
AMZN,2022-06-14,104.19,104.88,101.43,102.31,69728800
AMZN,2022-06-15,103.86,109.06,103.53,107.67,85011100
AMZN,2022-06-16,104.47,104.58,102.01,103.66,82186300
AMZN,2022-06-17,102.8,106.98,102.51,106.22,99772100
AMZN,2022-06-21,108.2,111.63,103.56,108.68,70901200
AMZN,2022-06-22,107.43,112.13,107.02,108.95,60040100
AMZN,2022-06-23,110.39,113.0,107.93,112.44,64345300
AMZN,2022-06-24,112.38,116.71,111.43,116.46,69867600
AMZN,2022-06-27,117.09,117.98,112.7,113.22,62133200
AMZN,2022-06-28,113.5,114.85,107.04,107.4,74942900
AMZN,2022-06-29,107.38,110.99,106.91,108.92,66375300
AMZN,2022-06-30,108.11,108.18,102.52,106.21,97679400
AMZN,2022-07-01,106.29,109.75,105.85,109.56,73021200
AMZN,2022-07-05,107.6,114.08,106.32,113.5,76583700
AMZN,2022-07-06,113.21,115.48,112.01,114.33,66958900
AMZN,2022-07-07,113.85,116.99,113.49,116.33,57872300
AMZN,2022-07-08,114.6,116.58,113.69,115.54,45719700
AMZN,2022-07-11,114.08,114.3,110.87,111.75,53487600
AMZN,2022-07-12,112.16,113.23,108.34,109.22,54280300
AMZN,2022-07-13,107.03,111.78,106.01,110.4,61353800
AMZN,2022-07-14,110.24,111.18,107.58,110.63,51163100
AMZN,2022-07-15,112.5,115.59,111.59,113.55,84317800
AMZN,2022-07-18,115.0,117.24,113.15,113.76,59115400
AMZN,2022-07-19,115.7,118.95,114.03,118.21,60990000
AMZN,2022-07-20,118.62,123.48,118.32,122.77,71268300
AMZN,2022-07-21,123.2,124.85,121.26,124.63,60239900
AMZN,2022-07-22,125.01,125.5,121.35,122.42,51463800
AMZN,2022-07-25,122.7,123.64,120.03,121.14,50221300
AMZN,2022-07-26,115.79,118.15,114.53,114.81,67075100
AMZN,2022-07-27,117.31,121.9,117.16,120.97,61582000
AMZN,2022-07-28,121.57,122.84,118.08,122.28,82245500
AMZN,2022-07-29,134.9,137.65,132.41,134.95,148892900
AMZN,2022-08-01,134.96,138.83,133.51,135.39,76846900
AMZN,2022-08-02,134.72,137.44,134.09,134.16,61922400
AMZN,2022-08-03,136.21,140.49,136.05,139.52,71827800
AMZN,2022-08-04,140.58,143.56,139.55,142.57,70585000
AMZN,2022-08-05,140.1,142.86,139.6,140.8,50686900
AMZN,2022-08-08,142.05,144.23,138.29,139.41,52229000
AMZN,2022-08-09,138.05,138.95,136.21,137.83,40434700
AMZN,2022-08-10,142.9,144.6,141.01,142.69,54773800
AMZN,2022-08-11,143.86,144.49,139.76,140.64,44867300
AMZN,2022-08-12,142.05,143.57,140.12,143.55,47643500
AMZN,2022-08-15,142.8,143.76,141.49,143.18,39014600
AMZN,2022-08-16,143.91,146.57,142.0,144.78,59102900
AMZN,2022-08-17,142.69,143.38,140.78,142.1,48149800
AMZN,2022-08-18,141.32,142.77,140.38,142.3,37458700
AMZN,2022-08-19,140.47,141.11,137.91,138.23,47792800
AMZN,2022-08-22,135.72,136.32,132.85,133.22,50461500
AMZN,2022-08-23,133.41,134.99,132.95,133.62,36252100
AMZN,2022-08-24,132.75,135.47,132.1,133.8,38627000
AMZN,2022-08-25,135.26,137.42,134.28,137.28,37496300
AMZN,2022-08-26,136.55,137.83,130.5,130.75,53322700
AMZN,2022-08-29,129.9,131.95,128.77,129.79,48101600
AMZN,2022-08-30,131.25,132.07,126.85,128.73,49203000
AMZN,2022-08-31,129.45,130.59,126.74,126.77,53648700
AMZN,2022-09-01,126.0,128.02,123.66,127.82,56636100
AMZN,2022-09-02,129.5,131.38,126.39,127.51,57429800
AMZN,2022-09-06,127.92,128.62,124.74,126.11,43888600
AMZN,2022-09-07,126.12,129.82,125.4,129.48,47900300
AMZN,2022-09-08,127.72,130.28,127.1,129.82,43988500
AMZN,2022-09-09,130.91,133.69,130.76,133.27,49387600
AMZN,2022-09-12,134.1,136.49,134.0,136.45,53826900
AMZN,2022-09-13,131.01,131.4,126.27,126.82,72694000
AMZN,2022-09-14,127.36,128.84,126.33,128.55,45316800
AMZN,2022-09-15,127.38,130.37,125.5,126.28,52887200
AMZN,2022-09-16,122.78,123.87,120.7,123.53,115667800
AMZN,2022-09-19,122.16,124.71,121.8,124.66,47279700
AMZN,2022-09-20,123.35,124.4,121.14,122.19,47698400
AMZN,2022-09-21,122.49,123.76,118.45,118.54,58498900
AMZN,2022-09-22,117.08,118.79,116.26,117.31,55229200
AMZN,2022-09-23,116.0,116.05,112.06,113.78,65126700
AMZN,2022-09-26,113.3,117.34,113.13,115.15,62723300
AMZN,2022-09-27,117.2,118.32,113.05,114.41,60094700
AMZN,2022-09-28,114.38,118.7,113.8,118.01,55763800
AMZN,2022-09-29,115.6,116.07,113.06,114.8,58969700
AMZN,2022-09-30,114.08,116.92,112.84,113.0,59479600
AMZN,2022-10-03,113.58,116.91,112.45,115.88,50941900
AMZN,2022-10-04,119.89,123.0,119.79,121.09,62812600
AMZN,2022-10-05,118.58,121.75,117.69,120.95,48217500
AMZN,2022-10-06,120.77,121.53,119.5,120.3,42253800
AMZN,2022-10-07,118.0,118.17,113.88,114.56,54678000
AMZN,2022-10-10,115.1,116.25,112.43,113.67,42339700
AMZN,2022-10-11,112.71,115.48,110.39,112.21,56432200
AMZN,2022-10-12,112.49,113.83,111.4,112.9,45728700
AMZN,2022-10-13,107.88,113.44,105.35,112.53,86868100
AMZN,2022-10-14,114.1,114.96,106.6,106.9,67737300
AMZN,2022-10-17,110.11,114.19,110.09,113.79,62782000
AMZN,2022-10-18,119.06,119.52,114.79,116.36,65607400
AMZN,2022-10-19,114.71,116.59,113.22,115.07,47198100
AMZN,2022-10-20,113.83,118.24,113.51,115.25,48795100
AMZN,2022-10-21,114.79,119.59,114.5,119.32,55660500
AMZN,2022-10-24,119.98,120.39,116.57,119.82,49531500
AMZN,2022-10-25,119.65,121.32,118.95,120.6,50934600
AMZN,2022-10-26,116.0,119.35,114.76,115.66,68802300
AMZN,2022-10-27,113.92,114.12,109.77,110.96,129605400
AMZN,2022-10-28,97.91,103.96,97.66,103.41,223133400
AMZN,2022-10-31,103.56,104.87,100.74,102.44,99251400
AMZN,2022-11-01,103.99,104.58,96.06,96.79,153370000
AMZN,2022-11-02,97.32,97.74,92.01,92.12,135761800
AMZN,2022-11-03,92.47,93.5,89.02,89.3,136683300
AMZN,2022-11-04,91.49,92.44,88.04,90.98,129101300
AMZN,2022-11-07,91.95,92.1,89.04,90.53,77495700
AMZN,2022-11-08,90.79,91.72,88.23,89.98,88703400
AMZN,2022-11-09,89.47,89.48,85.87,86.14,90796200
AMZN,2022-11-10,92.94,98.69,91.65,96.63,173414900
AMZN,2022-11-11,97.88,101.19,96.66,100.79,111590500
AMZN,2022-11-14,98.77,100.12,97.29,98.49,99533100
AMZN,2022-11-15,103.21,103.79,97.34,98.94,111336300
AMZN,2022-11-16,96.85,98.49,95.54,97.12,87958800
AMZN,2022-11-17,95.37,96.97,94.03,94.85,82617900
AMZN,2022-11-18,95.95,95.99,92.48,94.14,72428200
AMZN,2022-11-21,93.97,95.02,90.59,92.46,84330300
AMZN,2022-11-22,92.62,93.35,90.87,93.2,62192000
AMZN,2022-11-23,93.24,94.58,92.83,94.13,59414700
AMZN,2022-11-25,93.79,94.43,93.07,93.41,35088600
AMZN,2022-11-28,93.93,96.4,93.43,93.95,74943100
AMZN,2022-11-29,94.04,94.41,91.44,92.42,65567300
AMZN,2022-11-30,92.47,96.54,91.53,96.54,102805800
AMZN,2022-12-01,96.99,97.23,94.92,95.5,68488000
AMZN,2022-12-02,94.48,95.36,93.78,94.13,72496400
AMZN,2022-12-05,93.05,94.06,90.82,91.01,71535500
AMZN,2022-12-06,90.5,91.04,87.9,88.25,75503600
AMZN,2022-12-07,88.34,89.89,87.48,88.46,68086900
AMZN,2022-12-08,89.24,90.86,87.88,90.35,73305900
AMZN,2022-12-09,88.9,90.3,88.63,89.09,67398500
AMZN,2022-12-12,89.21,90.58,87.87,90.55,61999800
AMZN,2022-12-13,95.23,96.25,90.52,92.49,100212000
AMZN,2022-12-14,92.5,93.46,89.87,91.58,70298000
AMZN,2022-12-15,89.89,89.97,87.47,88.45,84802900
AMZN,2022-12-16,88.27,89.35,86.73,87.86,146144100
AMZN,2022-12-19,87.51,87.63,84.51,84.92,83531500
AMZN,2022-12-20,85.33,86.61,84.33,85.19,74348300
AMZN,2022-12-21,86.18,87.23,85.21,86.77,59267200
AMZN,2022-12-22,85.52,85.68,82.25,83.79,81431300
AMZN,2022-12-23,83.25,85.78,82.93,85.25,57433700
AMZN,2022-12-27,84.97,85.35,83.0,83.04,57284000
AMZN,2022-12-28,82.8,83.48,81.69,81.82,58228600
AMZN,2022-12-29,82.87,84.55,82.55,84.18,54995900
AMZN,2022-12-30,83.12,84.05,82.47,84.0,62401200
AMZN,2023-01-03,85.46,86.96,84.21,85.82,76706000
AMZN,2023-01-04,86.55,86.98,83.36,85.14,68885100
AMZN,2023-01-05,85.33,85.42,83.07,83.12,67930800
AMZN,2023-01-06,83.03,86.4,81.43,86.08,83303400
AMZN,2023-01-09,87.46,89.48,87.08,87.36,65266100
AMZN,2023-01-10,87.57,90.19,87.29,89.87,67756600
AMZN,2023-01-11,90.93,95.26,90.93,95.09,103126200
AMZN,2023-01-12,96.93,97.19,93.5,95.27,85254800
AMZN,2023-01-13,94.18,98.37,94.12,98.12,85549400
AMZN,2023-01-17,98.68,98.89,95.73,96.05,72755000
AMZN,2023-01-18,97.25,99.32,95.38,95.46,79570400
AMZN,2023-01-19,94.74,95.44,92.86,93.68,69002700
AMZN,2023-01-20,93.86,97.35,93.2,97.25,67481500
AMZN,2023-01-23,97.56,97.78,95.86,97.52,76501100
AMZN,2023-01-24,96.93,98.09,96.0,96.32,66929500
AMZN,2023-01-25,92.56,97.24,91.52,97.18,94261600
AMZN,2023-01-26,98.24,99.49,96.92,99.22,68523600
AMZN,2023-01-27,99.53,103.49,99.53,102.24,87775600
AMZN,2023-01-30,101.09,101.74,99.01,100.55,70691900
AMZN,2023-01-31,101.16,103.35,101.14,103.13,66527300
AMZN,2023-02-01,102.53,106.24,101.24,105.15,80450100
AMZN,2023-02-02,110.25,114.0,108.88,112.91,158154200
AMZN,2023-02-03,105.26,108.78,102.52,103.39,144374800
AMZN,2023-02-06,102.93,103.95,100.65,102.18,81945200
AMZN,2023-02-07,101.17,102.41,98.08,102.11,119501300
AMZN,2023-02-08,102.04,102.67,98.78,100.05,75878300
AMZN,2023-02-09,101.32,101.78,97.57,98.24,64622500
AMZN,2023-02-10,97.56,98.82,96.23,97.61,52740100
AMZN,2023-02-13,97.85,99.68,96.91,99.54,52841500
AMZN,2023-02-14,98.41,100.92,97.52,99.7,56202900
AMZN,2023-02-15,99.09,101.17,98.45,101.16,47957600
AMZN,2023-02-16,99.21,100.63,98.1,98.15,56339200
AMZN,2023-02-17,97.8,97.94,95.65,97.2,60029400
AMZN,2023-02-21,95.34,95.61,94.27,94.58,56580400
AMZN,2023-02-22,95.1,97.01,94.8,95.79,59534100
AMZN,2023-02-23,96.12,96.43,93.67,95.82,48467000
AMZN,2023-02-24,93.53,94.14,92.32,93.5,57053800
AMZN,2023-02-27,94.28,94.78,93.14,93.76,47470300
AMZN,2023-02-28,93.14,94.69,92.92,94.23,43959300
AMZN,2023-03-01,93.87,94.68,91.59,92.17,52299500
AMZN,2023-03-02,91.41,92.23,90.39,92.13,55509400
AMZN,2023-03-03,92.74,94.94,92.66,94.9,55759600
AMZN,2023-03-06,95.19,96.55,93.74,93.75,52112400
AMZN,2023-03-07,94.06,95.09,92.78,93.55,49100700
AMZN,2023-03-08,93.6,94.17,92.18,93.92,44899100
AMZN,2023-03-09,93.68,96.21,92.18,92.25,56218700
AMZN,2023-03-10,92.67,93.57,90.25,90.73,69827500
AMZN,2023-03-13,89.97,94.02,88.12,92.43,72397100
AMZN,2023-03-14,93.83,95.07,92.71,94.88,60912700
AMZN,2023-03-15,93.22,96.67,93.07,96.2,70731800
AMZN,2023-03-16,95.75,100.99,95.61,100.04,84446900
AMZN,2023-03-17,99.79,100.66,97.46,98.95,87300200
AMZN,2023-03-20,98.41,98.48,95.7,97.71,62388900
AMZN,2023-03-21,98.14,100.85,98.0,100.61,58597300
AMZN,2023-03-22,100.45,102.1,98.61,98.7,57475400
AMZN,2023-03-23,100.43,101.06,97.62,98.71,57559300
AMZN,2023-03-24,98.07,98.3,96.4,98.13,56095400
AMZN,2023-03-27,99.07,99.34,97.08,98.04,46721300
AMZN,2023-03-28,98.11,98.44,96.29,97.24,38720100
AMZN,2023-03-29,98.69,100.42,98.56,100.25,49783300
AMZN,2023-03-30,101.55,103.04,101.01,102.0,53633400
AMZN,2023-03-31,102.16,103.49,101.95,103.29,56750300
AMZN,2023-04-03,102.3,103.29,101.43,102.41,41135700
AMZN,2023-04-04,102.75,104.2,102.11,103.95,48662500
AMZN,2023-04-05,103.91,103.91,100.75,101.1,45175400
AMZN,2023-04-06,100.75,102.38,99.8,102.06,43808000
AMZN,2023-04-10,100.96,102.2,99.57,102.17,37261200
AMZN,2023-04-11,100.8,101.0,99.01,99.92,60417800
AMZN,2023-04-12,100.4,100.51,97.71,97.83,56735000
AMZN,2023-04-13,98.95,102.57,98.71,102.4,67925100
AMZN,2023-04-14,102.07,103.2,101.11,102.51,51450500
AMZN,2023-04-17,103.16,103.73,101.59,102.74,39919500
AMZN,2023-04-18,103.95,104.2,101.52,102.3,39790500
AMZN,2023-04-19,101.58,105.12,101.39,104.3,58398900
AMZN,2023-04-20,103.53,105.25,103.21,103.81,57696900
AMZN,2023-04-21,106.1,108.15,105.08,106.96,86774200
AMZN,2023-04-24,107.66,109.23,105.07,106.21,69575600
AMZN,2023-04-25,104.91,105.45,102.45,102.57,65026800
AMZN,2023-04-26,105.04,106.62,104.1,104.98,73803800
AMZN,2023-04-27,108.16,110.86,106.8,109.82,149961200
AMZN,2023-04-28,107.73,109.48,104.33,105.45,130715900
AMZN,2023-05-01,104.95,105.23,101.82,102.05,74728100
AMZN,2023-05-02,101.47,103.9,101.15,103.63,73469400
AMZN,2023-05-03,103.74,105.96,103.28,103.65,65051900
AMZN,2023-05-04,104.04,105.39,103.31,104.0,45345500
AMZN,2023-05-05,104.27,105.76,103.55,105.66,56951700
AMZN,2023-05-08,105.04,106.1,104.7,105.83,49430900
AMZN,2023-05-09,105.48,106.79,105.16,106.62,44089400
AMZN,2023-05-10,108.1,110.67,108.05,110.19,78627600
AMZN,2023-05-11,111.03,113.28,110.49,112.18,74924800
AMZN,2023-05-12,112.16,112.64,109.32,110.26,49852700
AMZN,2023-05-15,111.15,112.29,109.25,111.2,53011100
AMZN,2023-05-16,111.05,114.79,111.05,113.4,71472900
AMZN,2023-05-17,114.89,115.83,114.22,115.5,65655200
AMZN,2023-05-18,116.69,118.6,116.34,118.15,73174100
AMZN,2023-05-19,118.16,118.31,115.7,116.25,55056300
AMZN,2023-05-22,116.77,116.77,114.25,115.01,70741100
AMZN,2023-05-23,114.27,117.14,113.78,114.99,67576300
AMZN,2023-05-24,115.35,117.34,115.02,116.75,63487900
AMZN,2023-05-25,116.63,116.87,114.31,115.0,66496700
AMZN,2023-05-26,116.04,121.5,116.02,120.11,96779900
AMZN,2023-05-30,122.37,122.92,119.86,121.66,64314800
AMZN,2023-05-31,121.45,122.04,119.17,120.58,72800800
AMZN,2023-06-01,120.69,123.49,119.93,122.77,54375100
AMZN,2023-06-02,124.92,126.39,124.02,124.25,61264400
AMZN,2023-06-05,123.36,125.8,123.03,125.3,47950100
AMZN,2023-06-06,125.07,127.4,125.0,126.61,45695200
AMZN,2023-06-07,127.01,127.37,120.63,121.23,95663300
AMZN,2023-06-08,123.01,125.63,122.26,124.25,62159300
AMZN,2023-06-09,124.08,125.8,123.19,123.43,51396000
AMZN,2023-06-12,124.02,126.78,123.53,126.57,51338000
AMZN,2023-06-13,128.12,128.41,125.18,126.66,50564800
AMZN,2023-06-14,126.7,126.95,124.12,126.42,52422500
AMZN,2023-06-15,125.21,127.69,124.32,127.11,60458500
AMZN,2023-06-16,127.71,127.9,125.3,125.49,84247100
AMZN,2023-06-20,124.97,127.25,124.5,125.78,56930100
AMZN,2023-06-21,125.64,126.73,123.85,124.83,52137700
AMZN,2023-06-22,125.31,130.33,125.14,130.15,90354600
AMZN,2023-06-23,129.11,130.84,128.28,129.33,71927800
AMZN,2023-06-26,129.33,131.49,127.1,127.33,59989300
AMZN,2023-06-27,128.63,130.09,127.55,129.18,46801000
AMZN,2023-06-28,128.94,131.48,128.44,129.04,52149500
AMZN,2023-06-29,128.77,129.26,127.26,127.9,40761000
AMZN,2023-06-30,129.47,131.25,128.95,130.36,54350700
AMZN,2023-07-03,130.82,131.85,130.07,130.22,28264800
AMZN,2023-07-05,130.24,131.4,129.64,130.38,35895400
AMZN,2023-07-06,128.25,128.73,127.37,128.36,40639900
AMZN,2023-07-07,128.59,130.97,128.13,129.78,41992300
AMZN,2023-07-10,129.07,129.28,125.92,127.13,61889300
AMZN,2023-07-11,127.75,129.77,127.35,128.78,49951500
AMZN,2023-07-12,130.31,131.26,128.83,130.8,54022800
AMZN,2023-07-13,134.04,134.67,132.71,134.3,61170900
AMZN,2023-07-14,134.06,136.65,134.06,134.68,54487100
AMZN,2023-07-17,134.56,135.62,133.21,133.56,48450200
AMZN,2023-07-18,132.71,133.86,131.35,132.83,54882900
AMZN,2023-07-19,133.39,135.99,132.53,135.36,54531000
AMZN,2023-07-20,134.07,134.79,129.33,129.96,59820600
AMZN,2023-07-21,131.34,131.37,128.42,130.0,133307300
AMZN,2023-07-24,130.31,131.66,128.35,128.8,45591100
AMZN,2023-07-25,129.31,129.58,128.53,129.13,39236700
AMZN,2023-07-26,126.51,129.08,126.11,128.15,53910100
AMZN,2023-07-27,131.0,132.63,127.79,128.25,52610700
AMZN,2023-07-28,129.69,133.01,129.33,132.21,46317400
AMZN,2023-07-31,133.2,133.87,132.38,133.68,41901500
AMZN,2023-08-01,133.55,133.69,131.62,131.69,42098500
AMZN,2023-08-02,130.15,130.23,126.82,128.21,51027600
AMZN,2023-08-03,127.48,129.84,126.41,128.91,88585200
AMZN,2023-08-04,141.06,143.63,139.32,139.57,153128500
AMZN,2023-08-07,140.99,142.54,138.95,142.22,71213100
AMZN,2023-08-08,140.62,140.84,138.42,139.94,51710500
AMZN,2023-08-09,139.97,140.32,137.1,137.85,50017300
AMZN,2023-08-10,139.07,140.41,137.49,138.56,58928400
AMZN,2023-08-11,137.4,139.33,137.0,138.41,42905800
AMZN,2023-08-14,138.3,140.59,137.75,140.57,47148700
AMZN,2023-08-15,140.05,141.28,137.23,137.67,42781500
AMZN,2023-08-16,137.19,137.27,135.01,135.07,41675900
AMZN,2023-08-17,135.46,136.09,133.53,133.98,48354100
AMZN,2023-08-18,131.62,134.07,131.15,133.22,48497700
AMZN,2023-08-21,133.74,135.19,132.71,134.68,41442500
AMZN,2023-08-22,135.08,135.65,133.73,134.25,32905400
AMZN,2023-08-23,134.5,135.95,133.22,135.52,42801000
AMZN,2023-08-24,136.4,136.78,131.83,131.84,43646300
AMZN,2023-08-25,132.47,133.87,130.58,133.26,44147500
AMZN,2023-08-28,133.78,133.95,131.85,133.14,34108400
AMZN,2023-08-29,133.38,135.14,133.25,134.91,38646100
AMZN,2023-08-30,134.93,135.68,133.92,135.07,36137000
AMZN,2023-08-31,135.06,138.79,135.0,138.01,58781300
AMZN,2023-09-01,139.46,139.96,136.88,138.12,40991500
AMZN,2023-09-05,137.73,137.8,135.82,137.27,40636700
AMZN,2023-09-06,136.32,137.45,134.61,135.36,41785500
AMZN,2023-09-07,133.9,138.03,133.16,137.85,48498900
AMZN,2023-09-08,136.86,138.85,136.75,138.23,38348200
AMZN,2023-09-11,138.75,143.62,138.64,143.1,56764500
AMZN,2023-09-12,142.32,143.0,140.61,141.23,42668500
AMZN,2023-09-13,140.95,144.98,140.87,144.85,60465200
AMZN,2023-09-14,145.08,145.86,142.95,144.72,64033600
AMZN,2023-09-15,142.69,143.57,140.09,140.39,102909300
AMZN,2023-09-18,140.48,141.75,139.22,139.98,42823500
AMZN,2023-09-19,138.7,138.84,135.56,137.63,61482500
AMZN,2023-09-20,138.55,139.37,135.2,135.29,46263700
AMZN,2023-09-21,131.94,132.24,129.31,129.33,70343300
AMZN,2023-09-22,131.11,132.03,128.52,129.12,59904300
AMZN,2023-09-25,129.36,131.78,128.77,131.27,46017800
AMZN,2023-09-26,130.12,130.39,125.28,125.98,73048200
AMZN,2023-09-27,125.76,127.48,124.13,125.98,66553400
AMZN,2023-09-28,124.04,126.58,123.04,125.98,54555000
AMZN,2023-09-29,128.2,129.15,126.32,127.12,62411700
AMZN,2023-10-02,127.28,130.47,126.54,129.46,48029700
AMZN,2023-10-03,128.06,128.52,124.25,124.72,51565000
AMZN,2023-10-04,126.06,127.36,125.68,127.0,44203900
AMZN,2023-10-05,126.71,126.73,124.33,125.96,39660600
AMZN,2023-10-06,124.16,128.45,124.13,127.96,46836700
AMZN,2023-10-09,126.22,128.79,124.76,128.26,38773700
AMZN,2023-10-10,128.82,130.74,128.05,129.48,42178600
AMZN,2023-10-11,129.74,132.05,129.61,131.83,40741800
AMZN,2023-10-12,132.17,134.48,131.23,132.33,55528600
AMZN,2023-10-13,132.98,133.31,128.95,129.79,45786600
AMZN,2023-10-16,130.69,133.07,130.43,132.55,42832900
AMZN,2023-10-17,130.39,132.58,128.71,131.47,49344600
AMZN,2023-10-18,129.9,130.67,127.51,128.13,42699500
AMZN,2023-10-19,130.57,132.24,127.47,128.4,60961400
AMZN,2023-10-20,128.05,128.17,124.97,125.17,56406400
AMZN,2023-10-23,124.63,127.88,123.98,126.56,48260000
AMZN,2023-10-24,127.74,128.8,126.34,128.56,46477400
AMZN,2023-10-25,126.04,126.34,120.79,121.39,74577500
AMZN,2023-10-26,120.63,121.64,118.35,119.57,100419500
AMZN,2023-10-27,126.2,130.02,125.52,127.74,125309300
AMZN,2023-10-30,129.72,133.0,128.56,132.71,72485500
AMZN,2023-10-31,132.75,133.57,131.71,133.09,51589400
AMZN,2023-11-01,133.96,137.35,133.71,137.0,61529400
AMZN,2023-11-02,138.73,138.81,136.47,138.07,52236700
AMZN,2023-11-03,138.99,139.49,137.45,138.6,44059800
AMZN,2023-11-06,138.76,140.73,138.36,139.74,44970400
AMZN,2023-11-07,140.55,143.37,140.5,142.71,53553500
AMZN,2023-11-08,142.97,143.12,141.22,142.08,44521700
AMZN,2023-11-09,142.02,142.65,139.84,140.6,36235400
AMZN,2023-11-10,140.46,143.65,139.91,143.56,49287800
AMZN,2023-11-13,142.08,143.23,140.67,142.59,35680600
AMZN,2023-11-14,145.0,147.26,144.68,145.8,56674600
AMZN,2023-11-15,147.06,147.29,142.59,143.2,63875700
AMZN,2023-11-16,140.91,143.32,139.52,142.83,49653500
AMZN,2023-11-17,142.66,145.23,142.54,145.18,49636700
AMZN,2023-11-20,145.13,146.63,144.73,146.13,41951200
AMZN,2023-11-21,143.91,144.05,141.5,143.9,71226000
AMZN,2023-11-22,144.57,147.74,144.57,146.71,45669100
AMZN,2023-11-24,146.7,147.2,145.32,146.74,22378400
AMZN,2023-11-27,147.53,149.26,146.88,147.73,53762400
AMZN,2023-11-28,146.98,147.6,145.53,147.03,42711700
AMZN,2023-11-29,147.85,148.54,145.97,146.32,40610900
AMZN,2023-11-30,144.76,146.93,144.33,146.09,65814000
AMZN,2023-12-01,146.0,147.25,145.55,147.03,39951800
AMZN,2023-12-04,145.25,145.35,142.81,144.84,48294200
AMZN,2023-12-05,143.55,148.57,143.13,146.88,46822400
AMZN,2023-12-06,147.58,147.85,144.28,144.52,39679000
AMZN,2023-12-07,146.15,147.92,145.34,146.88,52352800
AMZN,2023-12-08,145.48,147.84,145.4,147.42,41906000
AMZN,2023-12-11,145.66,146.19,143.64,145.89,50907300
AMZN,2023-12-12,145.52,147.5,145.3,147.48,44944300
AMZN,2023-12-13,148.12,149.46,146.82,148.84,52766200
AMZN,2023-12-14,149.93,150.54,145.52,147.42,58400800
AMZN,2023-12-15,148.38,150.57,147.88,149.97,110089300
AMZN,2023-12-18,150.56,154.85,150.05,154.07,62512800
AMZN,2023-12-19,154.4,155.12,152.69,153.79,43171300
AMZN,2023-12-20,152.9,155.63,151.56,152.12,50322100
AMZN,2023-12-21,153.3,153.97,152.1,153.84,36305700
AMZN,2023-12-22,153.77,154.35,152.71,153.42,29514100
AMZN,2023-12-26,153.56,153.98,153.03,153.41,25067200
AMZN,2023-12-27,153.56,154.78,153.12,153.34,31434700
AMZN,2023-12-28,153.72,154.08,152.95,153.38,27057000
AMZN,2023-12-29,153.1,153.89,151.03,151.94,39823200
AMZN,2024-01-02,151.54,152.38,148.39,149.93,47339400
AMZN,2024-01-03,149.2,151.05,148.33,148.47,49425500
AMZN,2024-01-04,145.59,147.38,144.05,144.57,56039800
AMZN,2024-01-05,144.69,146.59,144.53,145.24,45153100
AMZN,2024-01-08,146.74,149.4,146.15,149.1,46757100
AMZN,2024-01-09,148.33,151.71,148.21,151.37,43812600
AMZN,2024-01-10,152.06,154.42,151.88,153.73,44421800
AMZN,2024-01-11,155.04,157.17,153.12,155.18,49072700
AMZN,2024-01-12,155.39,156.2,154.01,154.62,40484200
AMZN,2024-01-16,153.53,154.99,152.15,153.16,41384600
AMZN,2024-01-17,151.49,152.15,149.91,151.71,34953400
AMZN,2024-01-18,152.77,153.78,151.82,153.5,37850200
AMZN,2024-01-19,153.83,155.76,152.74,155.34,51651600
AMZN,2024-01-22,156.89,157.05,153.9,154.78,43687500
AMZN,2024-01-23,154.85,156.21,153.93,156.02,37986000
AMZN,2024-01-24,157.8,158.51,156.48,156.87,48547300
AMZN,2024-01-25,156.95,158.51,154.55,157.75,43638600
AMZN,2024-01-26,158.42,160.72,157.91,159.12,51047400
AMZN,2024-01-29,159.34,161.29,158.9,161.26,45270400
AMZN,2024-01-30,160.7,161.73,158.49,159.0,45207400
AMZN,2024-01-31,157.0,159.01,154.81,155.2,50284400
AMZN,2024-02-01,155.87,159.76,155.62,159.28,76542400
AMZN,2024-02-02,169.19,172.5,167.33,171.81,117218300
AMZN,2024-02-05,170.2,170.55,167.7,170.31,55081300
AMZN,2024-02-06,169.39,170.71,167.65,169.15,42505500
AMZN,2024-02-07,169.48,170.88,168.94,170.53,47174100
AMZN,2024-02-08,169.65,171.43,168.88,169.84,42316500
AMZN,2024-02-09,170.9,175.0,170.58,174.45,56986000
AMZN,2024-02-12,174.8,175.39,171.54,172.34,51050400
AMZN,2024-02-13,167.73,170.95,165.75,168.64,56345100
AMZN,2024-02-14,169.21,171.21,168.28,170.98,42815500
AMZN,2024-02-15,170.58,171.17,167.59,169.8,49855200
AMZN,2024-02-16,168.74,170.42,167.17,169.51,48107700
AMZN,2024-02-20,167.83,168.71,165.74,167.08,41980300
AMZN,2024-02-21,168.94,170.23,167.14,168.59,44420100
AMZN,2024-02-22,173.1,174.8,171.77,174.58,55392400
AMZN,2024-02-23,174.28,175.75,173.7,174.99,59715200
AMZN,2024-02-26,175.7,176.37,174.26,174.73,44368600
AMZN,2024-02-27,174.08,174.62,172.86,173.54,31141700
AMZN,2024-02-28,172.44,174.05,172.27,173.16,28180500
AMZN,2024-02-29,173.01,177.22,172.85,176.76,53805400
AMZN,2024-03-01,176.75,178.73,176.07,178.22,31981200
AMZN,2024-03-04,177.53,180.14,177.49,177.58,37381500
AMZN,2024-03-05,176.93,176.93,173.3,174.12,37228300
AMZN,2024-03-06,175.54,176.46,173.26,173.51,32090900
AMZN,2024-03-07,174.83,177.99,173.72,176.82,34063300
AMZN,2024-03-08,176.44,178.79,174.33,175.35,37893200
AMZN,2024-03-11,174.31,174.47,171.47,171.96,28484800
AMZN,2024-03-12,173.5,176.76,171.98,175.39,36610600
AMZN,2024-03-13,175.9,177.62,175.55,176.56,30772600
AMZN,2024-03-14,177.69,179.53,176.47,178.75,43705800
AMZN,2024-03-15,176.64,177.93,173.9,174.42,72147400
AMZN,2024-03-18,175.8,176.69,174.28,174.48,31250700
AMZN,2024-03-19,174.22,176.09,173.52,175.9,26880900
AMZN,2024-03-20,176.14,178.53,174.64,178.15,29947200
AMZN,2024-03-21,179.99,181.42,178.15,178.15,32824300
AMZN,2024-03-22,177.75,179.26,176.75,178.87,27995400
AMZN,2024-03-25,178.01,180.99,177.24,179.71,29815500
AMZN,2024-03-26,180.15,180.45,177.95,178.3,29659000
AMZN,2024-03-27,179.88,180.0,177.31,179.83,33272600
AMZN,2024-03-28,180.17,181.7,179.26,180.38,38051600
AMZN,2024-04-01,180.79,183.0,179.95,180.97,29174500
AMZN,2024-04-02,179.07,180.79,178.38,180.69,32611500
AMZN,2024-04-03,179.9,182.87,179.8,182.41,31046600
AMZN,2024-04-04,184.0,185.1,180.0,180.0,41624300
AMZN,2024-04-05,182.38,186.27,181.97,185.07,42374000
AMZN,2024-04-08,186.9,187.29,184.81,185.19,39221300
AMZN,2024-04-09,187.24,187.34,184.2,185.67,36520100
AMZN,2024-04-10,182.77,186.27,182.67,185.95,35879200
AMZN,2024-04-11,186.74,189.77,185.51,189.05,40020700
AMZN,2024-04-12,187.72,188.38,185.08,186.13,38608800
AMZN,2024-04-15,187.43,188.69,183.0,183.62,48052400
AMZN,2024-04-16,183.27,184.83,182.26,183.32,32891300
AMZN,2024-04-17,184.31,184.57,179.82,181.28,31359700
AMZN,2024-04-18,181.47,182.39,178.65,179.22,30723800
AMZN,2024-04-19,178.74,179.0,173.44,174.63,56000700
AMZN,2024-04-22,176.94,178.87,174.56,177.23,37924900
AMZN,2024-04-23,178.08,179.93,175.98,179.54,37046500
AMZN,2024-04-24,179.94,180.32,176.18,176.59,34185100
AMZN,2024-04-25,169.68,173.92,166.32,173.67,49249400
AMZN,2024-04-26,177.8,180.82,176.13,179.62,43919800
AMZN,2024-04-29,182.75,183.53,179.39,180.96,54063900
AMZN,2024-04-30,181.09,182.99,174.8,175.0,94639800
AMZN,2024-05-01,181.64,185.15,176.56,179.0,94645100
AMZN,2024-05-02,180.85,185.1,179.91,184.72,54303500
AMZN,2024-05-03,186.99,187.87,185.42,186.21,39172000
AMZN,2024-05-06,186.28,188.75,184.8,188.7,34725300
AMZN,2024-05-07,188.92,189.94,187.31,188.76,34048900
AMZN,2024-05-08,187.44,188.43,186.39,188.0,26136400
AMZN,2024-05-09,188.88,191.7,187.44,189.5,43368400
AMZN,2024-05-10,189.16,189.89,186.93,187.48,34141800
AMZN,2024-05-13,188.0,188.31,185.36,186.57,24898600
AMZN,2024-05-14,183.82,187.72,183.45,187.07,38698200
AMZN,2024-05-15,185.97,186.72,182.73,185.99,75459900
AMZN,2024-05-16,185.6,187.31,183.46,183.63,38834500
AMZN,2024-05-17,183.76,185.3,183.35,184.7,33175700
AMZN,2024-05-20,184.34,186.67,183.28,183.54,30511800
AMZN,2024-05-21,182.3,183.26,180.75,183.15,50839100
AMZN,2024-05-22,183.88,185.22,181.97,183.13,28148800
AMZN,2024-05-23,183.66,184.76,180.08,181.05,33670200
AMZN,2024-05-24,181.65,182.44,180.3,180.75,27471600
AMZN,2024-05-28,179.93,182.24,179.49,182.15,29927000
AMZN,2024-05-29,181.7,184.08,181.55,182.02,32009300
AMZN,2024-05-30,181.31,181.34,178.36,179.32,29184700
AMZN,2024-05-31,178.3,179.21,173.87,176.44,58903900
AMZN,2024-06-03,177.7,178.7,175.92,178.34,30786600
AMZN,2024-06-04,177.64,179.82,176.44,179.34,27198400
AMZN,2024-06-05,180.1,181.5,178.75,181.28,32116400
AMZN,2024-06-06,181.75,185.0,181.49,185.0,31371200
AMZN,2024-06-07,184.9,186.29,183.36,184.3,28021500
AMZN,2024-06-10,184.07,187.23,183.79,187.06,34445600
AMZN,2024-06-11,187.06,187.77,184.54,187.23,27265100
AMZN,2024-06-12,188.02,188.35,185.43,186.89,33984200
AMZN,2024-06-13,186.09,187.67,182.67,183.83,39721500
AMZN,2024-06-14,183.08,183.72,182.23,183.66,25456400
AMZN,2024-06-17,182.52,185.0,181.22,184.06,35601900
AMZN,2024-06-18,183.74,184.29,181.43,182.81,36659200
AMZN,2024-06-20,182.91,186.51,182.72,186.1,44726800
AMZN,2024-06-21,187.8,189.28,185.86,189.08,70792500
AMZN,2024-06-24,189.33,191.0,185.33,185.57,50610400
AMZN,2024-06-25,186.81,188.84,185.42,186.34,45366400
AMZN,2024-06-26,186.92,194.8,186.26,193.61,65103900
AMZN,2024-06-27,195.01,199.84,194.2,197.85,74397500
AMZN,2024-06-28,197.73,198.85,192.5,193.25,76930200
AMZN,2024-07-01,193.49,198.3,192.82,197.2,41192000
AMZN,2024-07-02,197.28,200.43,195.93,200.0,45600000
AMZN,2024-07-03,199.94,200.03,196.76,197.59,31597900
AMZN,2024-07-05,198.65,200.55,198.17,200.0,39858900
AMZN,2024-07-08,200.04,201.2,197.96,199.29,34767300
AMZN,2024-07-09,199.4,200.57,199.05,199.34,32700100
AMZN,2024-07-10,200.0,200.11,197.69,199.79,32883800
AMZN,2024-07-11,200.09,200.27,192.86,195.05,44565000
AMZN,2024-07-12,194.8,196.47,193.83,194.49,30598500
AMZN,2024-07-15,194.56,196.19,190.83,192.72,40683200
AMZN,2024-07-16,195.59,196.62,192.24,193.02,33994700
AMZN,2024-07-17,191.35,191.58,185.99,187.93,48076100
AMZN,2024-07-18,189.59,189.68,181.45,183.75,51043600
AMZN,2024-07-19,181.14,184.93,180.11,183.13,43081800
AMZN,2024-07-22,185.0,185.06,182.48,182.55,39931900
AMZN,2024-07-23,184.1,189.39,183.56,186.41,47537700
AMZN,2024-07-24,183.2,185.45,180.41,180.83,41532400
AMZN,2024-07-25,182.91,183.9,176.8,179.85,44464200
AMZN,2024-07-26,180.39,183.19,180.24,182.5,29506000
AMZN,2024-07-29,183.84,184.75,182.38,183.2,33270100
AMZN,2024-07-30,184.72,185.86,179.38,181.71,39508600
AMZN,2024-07-31,185.05,187.94,184.46,186.98,41667300
AMZN,2024-08-01,189.29,190.6,181.87,184.07,70435600
AMZN,2024-08-02,166.75,168.77,160.55,167.9,141448400
AMZN,2024-08-05,154.21,162.96,151.61,161.02,83149400
AMZN,2024-08-06,161.71,165.08,158.54,161.93,59950800
AMZN,2024-08-07,166.55,167.58,161.43,162.77,48408200
AMZN,2024-08-08,165.17,166.69,162.55,165.8,44616200
AMZN,2024-08-09,166.4,168.55,165.85,166.94,36401000
AMZN,2024-08-12,168.14,168.55,166.11,166.8,30072800
AMZN,2024-08-13,167.81,171.04,167.1,170.23,39237900
AMZN,2024-08-14,172.11,172.28,168.86,170.1,28843800
AMZN,2024-08-15,174.86,177.91,173.99,177.59,51698500
AMZN,2024-08-16,177.04,178.34,176.26,177.06,31489200
AMZN,2024-08-19,177.64,178.3,176.16,178.22,31129800
AMZN,2024-08-20,177.92,179.01,177.43,178.88,26255200
AMZN,2024-08-21,179.92,182.39,178.89,180.11,35599100
AMZN,2024-08-22,181.38,181.47,175.68,176.13,32047500
AMZN,2024-08-23,177.34,178.97,175.24,177.04,29150100
AMZN,2024-08-26,176.7,177.47,174.3,175.5,22366200
AMZN,2024-08-27,174.15,174.89,172.25,173.12,29842000
AMZN,2024-08-28,173.69,173.69,168.92,170.8,29045000
AMZN,2024-08-29,173.22,174.29,170.81,172.12,26407800
AMZN,2024-08-30,172.78,178.9,172.6,178.5,43429400
AMZN,2024-09-03,177.55,178.26,175.26,176.25,37817500
AMZN,2024-09-04,174.48,175.98,172.54,173.33,30309200
AMZN,2024-09-05,175.0,179.88,175.0,177.89,40170500
AMZN,2024-09-06,177.24,178.38,171.16,171.39,41466500
AMZN,2024-09-09,174.53,175.85,173.51,175.4,29037400
AMZN,2024-09-10,177.49,180.5,176.79,179.55,36233800
AMZN,2024-09-11,180.1,184.99,175.73,184.52,42564700
AMZN,2024-09-12,184.8,187.41,183.54,187.0,33544200
AMZN,2024-09-13,187.0,188.5,185.91,186.49,26495400
AMZN,2024-09-16,185.29,185.81,183.36,184.89,26065500
AMZN,2024-09-17,186.85,189.45,186.14,186.88,26091700
AMZN,2024-09-18,186.45,188.8,185.06,186.43,34448100
AMZN,2024-09-19,190.04,190.99,188.47,189.87,39543200
AMZN,2024-09-20,190.23,191.84,187.41,191.6,100378600
AMZN,2024-09-23,191.64,194.45,190.57,193.88,36993100
AMZN,2024-09-24,194.27,195.37,190.13,193.96,43478900
AMZN,2024-09-25,193.75,193.95,192.16,192.53,26391100
AMZN,2024-09-26,194.31,194.53,189.54,191.16,36334900
AMZN,2024-09-27,190.68,190.9,187.34,187.97,36002300
AMZN,2024-09-30,187.14,188.49,184.65,186.33,41583900
AMZN,2024-10-01,184.9,186.19,183.45,185.13,36044900
AMZN,2024-10-02,184.44,186.6,184.04,184.76,23704100
AMZN,2024-10-03,183.05,183.44,180.88,181.96,30204300
AMZN,2024-10-04,185.75,187.6,183.6,186.51,40890300
AMZN,2024-10-07,182.95,183.6,180.25,180.8,42364200
AMZN,2024-10-08,181.92,183.09,180.92,182.72,26372100
AMZN,2024-10-09,182.82,185.85,182.05,185.17,26343100
AMZN,2024-10-10,187.13,188.13,185.83,186.65,27785000
AMZN,2024-10-11,186.63,189.93,186.3,188.82,25751600
AMZN,2024-10-14,189.78,189.83,187.36,187.54,22614400
AMZN,2024-10-15,187.63,188.41,184.58,187.69,32178900
AMZN,2024-10-16,187.05,187.78,185.61,186.89,23456800
AMZN,2024-10-17,188.22,188.94,186.0,187.53,25039400
AMZN,2024-10-18,187.15,190.74,186.28,188.99,37417700
AMZN,2024-10-21,188.05,189.46,186.4,189.07,24639400
AMZN,2024-10-22,188.35,191.52,186.98,189.7,29650600
AMZN,2024-10-23,188.85,189.16,183.69,184.71,31937100
AMZN,2024-10-24,185.25,187.11,183.86,186.38,21647400
AMZN,2024-10-25,187.85,190.45,187.53,187.83,29362100
AMZN,2024-10-28,189.57,190.21,188.21,188.39,27930800
AMZN,2024-10-29,188.58,191.46,187.82,190.83,35690200
AMZN,2024-10-30,194.7,195.61,192.42,192.73,37707600
AMZN,2024-10-31,190.51,190.6,185.23,186.4,75146800
AMZN,2024-11-01,199.0,200.5,197.02,197.93,99687800
AMZN,2024-11-04,196.45,197.33,194.31,195.78,38492100
AMZN,2024-11-05,196.04,199.82,195.99,199.5,30564800
AMZN,2024-11-06,200.01,207.55,199.14,207.09,72292200
AMZN,2024-11-07,207.44,212.25,207.19,210.05,52878400
AMZN,2024-11-08,209.72,209.96,207.44,208.18,36075800
AMZN,2024-11-11,208.5,209.65,205.59,206.84,35456000
AMZN,2024-11-12,208.37,209.54,206.01,208.91,38942900
AMZN,2024-11-13,209.4,215.09,209.14,214.1,46212900
AMZN,2024-11-14,214.16,215.9,210.88,211.48,42620300
AMZN,2024-11-15,206.76,207.34,199.61,202.61,86591100
AMZN,2024-11-18,204.15,204.67,200.95,201.7,36409900
AMZN,2024-11-19,199.33,205.3,198.78,204.61,31197900
AMZN,2024-11-20,202.98,203.13,199.45,202.88,32769000
AMZN,2024-11-21,203.49,203.49,195.75,198.38,58800000
AMZN,2024-11-22,198.25,199.26,196.75,197.12,31530800
AMZN,2024-11-25,199.28,201.95,199.0,201.45,40685700
AMZN,2024-11-26,201.9,208.0,201.79,207.86,41673700
AMZN,2024-11-27,206.98,207.64,205.05,205.74,28061600
AMZN,2024-11-29,205.83,208.2,204.59,207.89,24892400
AMZN,2024-12-02,209.96,212.99,209.51,210.71,39523200
AMZN,2024-12-03,210.31,214.02,209.65,213.44,32214800
AMZN,2024-12-04,215.96,220.0,215.75,218.16,48745700
AMZN,2024-12-05,218.03,222.15,217.3,220.55,41140200
AMZN,2024-12-06,220.75,227.15,220.6,227.03,44178100
AMZN,2024-12-09,227.21,230.08,225.67,226.09,46819400
AMZN,2024-12-10,226.09,229.06,224.2,225.04,31199900
AMZN,2024-12-11,226.41,231.2,226.26,230.26,35385800
AMZN,2024-12-12,229.83,231.09,227.63,228.97,28204100
AMZN,2024-12-13,228.4,230.2,225.86,227.46,28768100
AMZN,2024-12-16,230.23,233.0,228.01,232.93,37552100
AMZN,2024-12-17,232.39,232.73,227.85,231.15,35948100
AMZN,2024-12-18,230.77,231.4,220.11,220.52,43281400
AMZN,2024-12-19,224.91,226.09,222.92,223.29,39918700
AMZN,2024-12-20,219.84,226.21,218.73,224.92,88279200
AMZN,2024-12-23,225.01,226.88,223.9,225.06,28070000
AMZN,2024-12-24,226.94,229.14,226.13,229.05,15007500
AMZN,2024-12-26,228.5,228.5,226.67,227.05,16146700
AMZN,2024-12-27,225.6,226.03,220.9,223.75,27367100
AMZN,2024-12-30,220.06,223.0,218.43,221.3,28321200
AMZN,2024-12-31,222.97,223.23,218.94,219.39,24819700
AMZN,2025-01-02,222.03,225.15,218.19,220.22,33956600
AMZN,2025-01-03,222.51,225.36,221.62,224.19,27515600
AMZN,2025-01-06,226.78,228.84,224.84,227.61,31849800
AMZN,2025-01-07,227.9,228.38,221.46,222.11,28084200
AMZN,2025-01-08,223.19,223.52,220.2,222.13,25033300
AMZN,2025-01-10,221.46,221.71,216.5,218.94,36811500
AMZN,2025-01-13,218.06,219.4,216.47,218.46,27262700
AMZN,2025-01-14,220.44,221.82,216.2,217.76,24711700
AMZN,2025-01-15,222.83,223.57,220.75,223.35,31291300
AMZN,2025-01-16,224.42,224.65,220.31,220.66,24757300
AMZN,2025-01-17,225.84,226.51,223.08,225.94,42370100
AMZN,2025-01-21,228.9,231.78,226.94,230.71,39951500
AMZN,2025-01-22,232.02,235.44,231.19,235.01,41448200
AMZN,2025-01-23,234.1,235.52,231.51,235.42,26404400
AMZN,2025-01-24,234.5,236.4,232.93,234.85,25890700
AMZN,2025-01-27,226.21,235.61,225.86,235.42,49428300
AMZN,2025-01-28,234.29,241.77,233.98,238.15,41587200
AMZN,2025-01-29,239.02,240.39,236.15,237.07,26091700
AMZN,2025-01-30,237.14,237.95,232.22,234.64,32020700
AMZN,2025-01-31,236.5,240.29,236.41,237.68,36110200
AMZN,2025-02-03,234.06,239.25,232.9,237.42,37285900
AMZN,2025-02-04,239.01,242.52,238.03,242.06,29713800
AMZN,2025-02-05,237.02,238.32,235.2,236.17,38727300
AMZN,2025-02-06,238.01,239.66,236.01,238.83,60897100
AMZN,2025-02-07,232.5,234.81,228.06,229.15,77539300
AMZN,2025-02-10,230.55,233.92,229.2,233.14,35419900
AMZN,2025-02-11,231.92,233.44,230.13,232.76,23713700
AMZN,2025-02-12,230.46,231.18,228.16,228.93,32285200
AMZN,2025-02-13,228.85,230.42,227.52,230.37,31346500
AMZN,2025-02-14,229.2,229.89,227.23,228.68,27031100
AMZN,2025-02-18,228.82,229.3,223.72,226.65,42975100
AMZN,2025-02-19,225.52,226.83,223.71,226.63,28566700
AMZN,2025-02-20,224.78,225.13,221.81,222.88,30001700
AMZN,2025-02-21,223.28,223.31,214.74,216.58,55323900
AMZN,2025-02-24,217.45,217.72,212.42,212.71,42387600
AMZN,2025-02-25,211.63,213.34,204.16,212.8,58958000
AMZN,2025-02-26,214.94,218.16,213.09,214.35,39120600
AMZN,2025-02-27,218.35,219.97,208.37,208.74,40548600
AMZN,2025-02-28,208.65,212.62,206.99,212.28,51771700
AMZN,2025-03-03,213.35,214.01,202.55,205.02,42948400
AMZN,2025-03-04,200.11,206.8,197.43,203.8,60853100
AMZN,2025-03-05,204.8,209.98,203.26,208.36,38610100
AMZN,2025-03-06,204.4,205.77,198.3,200.7,49863800
AMZN,2025-03-07,199.49,202.27,192.53,199.25,59802800
AMZN,2025-03-10,195.6,196.73,190.85,194.54,62350900
AMZN,2025-03-11,193.9,200.18,193.4,196.59,54002900
AMZN,2025-03-12,200.72,201.52,195.29,198.89,43679300
AMZN,2025-03-13,198.17,198.88,191.82,193.89,41270800
AMZN,2025-03-14,197.41,198.65,195.32,197.95,38096700
AMZN,2025-03-17,198.77,199.0,194.32,195.74,47341800
AMZN,2025-03-18,192.52,194.0,189.38,192.82,40414900
AMZN,2025-03-19,193.38,195.97,191.96,195.54,39442900
AMZN,2025-03-20,193.07,199.32,192.3,194.95,38921100
AMZN,2025-03-21,192.9,196.99,192.52,196.21,60056900
AMZN,2025-03-24,200.0,203.64,199.95,203.26,41625400
AMZN,2025-03-25,203.6,206.21,203.22,205.71,31171200
AMZN,2025-03-26,205.84,206.01,199.93,201.13,32855300
AMZN,2025-03-27,200.89,203.79,199.28,201.36,27317700
AMZN,2025-03-28,198.42,199.26,191.88,192.72,52548200
AMZN,2025-03-31,188.19,191.33,184.4,190.26,63547600
AMZN,2025-04-01,187.86,193.93,187.2,192.17,41267300
AMZN,2025-04-02,187.66,198.34,187.66,196.01,53679200
AMZN,2025-04-03,183.0,184.13,176.92,178.41,95553600
AMZN,2025-04-04,167.15,178.14,166.0,171.0,123159400
AMZN,2025-04-07,162.0,183.41,161.38,175.26,109327100
AMZN,2025-04-08,185.23,185.9,168.57,170.66,87710400
AMZN,2025-04-09,172.12,192.65,169.93,191.1,116804300
AMZN,2025-04-10,185.44,186.87,175.85,181.22,68302000
AMZN,2025-04-11,179.93,185.86,178.0,184.87,50594300
AMZN,2025-04-14,186.84,187.44,179.23,182.12,48002500
AMZN,2025-04-15,181.41,182.35,177.93,179.59,43642000
AMZN,2025-04-16,176.29,179.1,171.41,174.33,51875300
AMZN,2025-04-17,176.0,176.21,172.0,172.61,44726500
AMZN,2025-04-21,169.6,169.6,165.29,167.32,48126100
AMZN,2025-04-22,169.85,176.78,169.35,173.18,56607200
AMZN,2025-04-23,183.45,187.38,180.19,180.6,63470100
AMZN,2025-04-24,180.92,186.74,180.18,186.54,43763200
AMZN,2025-04-25,187.62,189.94,185.49,188.99,36414300
AMZN,2025-04-28,190.11,190.22,184.89,187.7,33224700
AMZN,2025-04-29,183.99,188.02,183.68,187.39,41667300
AMZN,2025-04-30,182.17,185.05,178.85,184.42,55176500
AMZN,2025-05-01,190.63,191.81,187.5,190.2,74266000
AMZN,2025-05-02,191.44,192.88,186.4,189.98,77903500
AMZN,2025-05-05,186.51,188.18,185.53,186.35,35217500
AMZN,2025-05-06,184.57,187.93,183.85,185.01,29314100
AMZN,2025-05-07,185.56,190.99,185.01,188.71,43948600
AMZN,2025-05-08,191.43,194.33,188.82,192.08,41043600
AMZN,2025-05-09,193.38,194.69,191.16,193.06,29663100
AMZN,2025-05-12,210.71,211.66,205.75,208.64,75205000
AMZN,2025-05-13,211.08,214.84,210.1,211.37,56193700
AMZN,2025-05-14,211.45,211.93,208.85,210.25,38492100
AMZN,2025-05-15,206.45,206.88,202.67,205.17,64347300
AMZN,2025-05-16,206.85,206.85,204.37,205.59,43318500
AMZN,2025-05-19,201.65,206.62,201.26,206.16,34314800
AMZN,2025-05-20,204.63,205.59,202.65,204.07,29470400
AMZN,2025-05-21,201.61,203.46,200.06,201.12,42460900
AMZN,2025-05-22,201.38,205.76,200.16,203.1,38938900
AMZN,2025-05-23,198.9,202.37,197.85,200.99,33393500
AMZN,2025-05-27,203.09,206.69,202.19,206.02,34892000
AMZN,2025-05-28,205.92,207.66,204.41,204.72,28549800
AMZN,2025-05-29,208.03,208.81,204.23,205.7,34650000
AMZN,2025-05-30,204.84,205.99,201.7,205.01,51679400
AMZN,2025-06-02,204.98,207.0,202.68,206.65,29113300
AMZN,2025-06-03,207.11,208.95,205.03,205.71,33139100
AMZN,2025-06-04,206.55,208.18,205.18,207.23,29915600
AMZN,2025-06-05,209.55,212.81,207.56,207.91,51864200
AMZN,2025-06-06,212.4,213.87,210.5,213.57,39832500
AMZN,2025-06-09,214.75,217.85,212.88,216.98,38102500
AMZN,2025-06-10,216.78,217.69,214.15,217.61,31303300
AMZN,2025-06-11,217.41,218.4,212.89,213.2,39326000
AMZN,2025-06-12,211.78,213.58,211.33,213.24,27640000
AMZN,2025-06-13,209.96,214.05,209.62,212.1,29337800
AMZN,2025-06-16,212.31,217.06,211.6,216.1,33284200
AMZN,2025-06-17,215.2,217.41,214.56,214.82,32086300
AMZN,2025-06-18,215.09,217.96,212.34,212.52,44360500
AMZN,2025-06-20,214.68,214.89,208.27,209.69,75350700
AMZN,2025-06-23,209.79,210.39,207.31,208.47,37311700
AMZN,2025-06-24,212.14,214.34,211.05,212.77,38378800
AMZN,2025-06-25,214.62,216.03,211.11,211.99,31755700
AMZN,2025-06-26,213.12,218.04,212.01,217.12,50480800
AMZN,2025-06-27,219.92,223.3,216.74,223.3,119217100
AMZN,2025-06-30,223.52,223.82,219.12,219.39,58887800
AMZN,2025-07-01,219.5,221.88,217.93,220.46,39256800
AMZN,2025-07-02,219.73,221.6,219.06,219.92,30894200
AMZN,2025-07-03,221.82,224.01,221.36,223.41,29632400
AMZN,2025-07-07,223.0,224.29,222.37,223.47,36604100
AMZN,2025-07-08,223.92,224.0,218.43,219.36,45692000
AMZN,2025-07-09,221.07,224.29,220.47,222.54,38155100
AMZN,2025-07-10,221.55,222.79,219.7,222.26,30370600
AMZN,2025-07-11,223.58,226.68,222.37,225.02,50518300
AMZN,2025-07-14,225.07,226.66,224.24,225.69,35702600
AMZN,2025-07-15,226.2,227.27,225.46,226.35,34907300
AMZN,2025-07-16,225.88,226.1,222.18,223.19,39535900
AMZN,2025-07-17,223.32,224.5,222.51,223.88,31855800
AMZN,2025-07-18,225.14,226.4,222.98,226.13,37833800
AMZN,2025-07-21,225.84,229.69,225.65,229.3,40297600
AMZN,2025-07-22,229.68,230.0,226.35,227.47,37483700
AMZN,2025-07-23,228.47,228.79,227.09,228.29,28294900
AMZN,2025-07-24,229.17,236.0,228.64,232.23,42902300
AMZN,2025-07-25,232.22,232.48,231.18,231.44,28712100
AMZN,2025-07-28,233.35,234.29,232.25,232.79,26300100
AMZN,2025-07-29,234.15,234.72,230.31,231.01,33716200
AMZN,2025-07-30,231.64,231.8,229.29,230.19,32993300
AMZN,2025-07-31,235.77,236.53,231.4,234.11,104357300
AMZN,2025-08-01,217.21,220.44,212.8,214.75,122258800
AMZN,2025-08-04,217.4,217.44,211.42,211.65,77890100
AMZN,2025-08-05,213.05,216.3,212.87,213.75,51505100
AMZN,2025-08-06,214.7,222.65,213.74,222.31,54823000
AMZN,2025-08-07,221.0,226.22,220.82,223.13,40603500
AMZN,2025-08-08,223.14,223.8,221.88,222.69,32970500
AMZN,2025-08-11,221.78,223.05,220.4,221.3,31646200
AMZN,2025-08-12,222.23,223.5,219.05,221.47,37185800
AMZN,2025-08-13,222.0,224.92,222.0,224.56,36508300
AMZN,2025-08-14,227.4,233.11,227.02,230.98,61545800
AMZN,2025-08-15,232.58,234.08,229.81,231.03,39649200
AMZN,2025-08-18,230.23,231.91,228.33,231.49,25248900
AMZN,2025-08-19,230.09,230.53,227.12,228.01,29891000
AMZN,2025-08-20,227.12,227.27,220.92,223.81,36604300
AMZN,2025-08-21,222.65,222.78,220.5,221.95,32140500
AMZN,2025-08-22,222.79,229.14,220.82,228.84,37315300
AMZN,2025-08-25,227.35,229.6,227.31,227.94,22633700
AMZN,2025-08-26,227.11,229.0,226.02,228.71,26105400
AMZN,2025-08-27,228.57,229.87,227.81,229.12,21254500
AMZN,2025-08-28,229.01,232.71,228.02,231.6,33679600
AMZN,2025-08-29,231.32,231.81,228.16,229.0,26199200
AMZN,2025-09-02,223.52,226.17,221.83,225.34,38843900
AMZN,2025-09-03,225.21,227.17,224.36,225.99,29223100
AMZN,2025-09-04,231.19,235.77,230.78,235.68,59391800
AMZN,2025-09-05,235.19,236.0,231.93,232.33,36721800
AMZN,2025-09-08,234.94,237.6,233.75,235.84,33947100
AMZN,2025-09-09,236.36,238.85,235.08,238.24,27033800
AMZN,2025-09-10,237.52,237.68,229.1,230.33,60907700
AMZN,2025-09-11,231.49,231.53,229.34,229.95,37485600
AMZN,2025-09-12,230.35,230.79,226.29,228.15,38496200
AMZN,2025-09-15,230.63,233.73,230.32,231.43,33243300
AMZN,2025-09-16,232.94,235.9,232.23,234.05,38203900
AMZN,2025-09-17,233.77,234.3,228.71,231.62,42815200
AMZN,2025-09-18,232.5,233.48,228.79,231.23,37931700
AMZN,2025-09-19,232.37,234.16,229.7,231.48,97943200
AMZN,2025-09-22,230.56,230.57,227.51,227.63,45914500
AMZN,2025-09-23,227.83,227.86,220.07,220.71,70956200
AMZN,2025-09-24,224.15,224.56,219.45,220.21,49509000
AMZN,2025-09-25,220.06,220.67,216.47,218.15,52226300
AMZN,2025-09-26,219.08,221.05,218.02,219.78,41650100
AMZN,2025-09-29,220.08,222.6,219.3,222.17,44259200
AMZN,2025-09-30,222.03,222.24,217.89,219.57,48396400
AMZN,2025-10-01,217.36,222.15,216.61,220.63,43933800
AMZN,2025-10-02,221.01,222.81,218.95,222.41,41258600
AMZN,2025-10-03,223.44,224.2,219.34,219.51,43639000
AMZN,2025-10-06,221.0,221.73,216.03,220.9,43690900
AMZN,2025-10-07,220.88,222.89,220.17,221.78,31194700
AMZN,2025-10-08,222.92,226.73,221.19,225.22,46686000
AMZN,2025-10-09,225.0,228.21,221.75,227.74,46412100
AMZN,2025-10-10,226.21,228.25,216.0,216.37,72367500
AMZN,2025-10-13,217.7,220.68,217.04,220.07,37809700
AMZN,2025-10-14,215.56,219.32,212.6,216.39,45665600
AMZN,2025-10-15,216.62,217.71,212.66,215.57,45909500
AMZN,2025-10-16,215.67,218.59,212.81,214.47,42414600
AMZN,2025-10-17,214.56,214.8,211.03,213.04,45986900
AMZN,2025-10-20,213.88,216.69,213.59,216.48,38882800
AMZN,2025-10-21,218.43,223.32,217.99,222.03,50494600
AMZN,2025-10-22,219.3,220.01,216.52,217.95,44308500
AMZN,2025-10-23,219.0,221.3,218.18,221.09,31540000
AMZN,2025-10-24,221.97,225.4,221.9,224.21,38685100
AMZN,2025-10-27,227.66,228.4,225.54,226.97,38267000
AMZN,2025-10-28,228.22,231.49,226.21,229.25,47100000
AMZN,2025-10-29,231.67,232.82,227.76,230.3,52036200
AMZN,2025-10-30,227.06,228.44,222.75,222.86,102252900
AMZN,2025-10-31,250.1,250.5,243.98,244.22,166340800
AMZN,2025-11-03,255.36,258.6,252.9,254.0,95997800
AMZN,2025-11-04,250.38,257.01,248.66,249.32,51546300
AMZN,2025-11-05,249.03,251.0,246.16,250.2,40610700
AMZN,2025-11-06,249.16,250.38,242.17,243.04,46004200
AMZN,2025-11-07,242.9,244.9,238.49,244.41,46374300
AMZN,2025-11-10,248.34,251.75,245.59,248.4,36476500
AMZN,2025-11-11,248.41,249.75,247.23,249.1,23564100
AMZN,2025-11-12,250.24,250.37,243.75,244.2,31190100
AMZN,2025-11-13,243.05,243.75,236.5,237.58,41401700
AMZN,2025-11-14,235.06,238.73,232.89,234.69,38956700
AMZN,2025-11-17,233.25,234.6,229.19,232.87,59919000
AMZN,2025-11-18,228.1,230.2,222.42,222.55,60608400
AMZN,2025-11-19,223.74,223.74,218.52,222.69,58335600
AMZN,2025-11-20,227.05,227.41,216.74,217.14,50309000
AMZN,2025-11-21,216.35,222.21,215.18,220.69,68490500
AMZN,2025-11-24,222.56,227.33,222.27,226.28,54318400
AMZN,2025-11-25,226.38,230.52,223.8,229.67,39379300
AMZN,2025-11-26,230.74,231.75,228.77,229.16,38497900
AMZN,2025-11-28,231.24,233.29,230.22,233.22,20292300
AMZN,2025-12-01,233.22,235.8,232.25,233.88,42904000
AMZN,2025-12-02,235.01,238.97,233.55,234.42,45785400
AMZN,2025-12-03,233.35,233.38,230.61,232.38,35495100
AMZN,2025-12-04,232.77,233.5,226.8,229.11,45683200
AMZN,2025-12-05,230.32,231.24,228.55,229.53,33117400
AMZN,2025-12-08,229.59,230.83,226.27,226.89,35019200
AMZN,2025-12-09,226.84,228.57,225.11,227.92,25841700
AMZN,2025-12-10,228.81,232.42,228.46,231.78,38790700
AMZN,2025-12-11,230.71,232.11,228.69,230.28,28249600
AMZN,2025-12-12,229.87,230.08,225.12,226.19,35639100
AMZN,2025-12-15,227.93,227.93,221.5,222.54,47286100
AMZN,2025-12-16,223.04,223.66,221.13,222.56,39298900
AMZN,2025-12-17,224.66,225.19,220.99,221.27,44034400
AMZN,2025-12-18,225.71,229.23,224.41,226.76,50272400
AMZN,2025-12-19,226.76,229.13,225.58,227.35,85544400
AMZN,2025-12-22,228.61,229.48,226.71,228.43,32261300
AMZN,2025-12-23,229.06,232.45,228.73,232.14,29230200
AMZN,2025-12-24,232.13,232.95,231.33,232.38,11420500
AMZN,2025-12-26,232.04,232.99,231.18,232.52,15994700
AMZN,2025-12-29,231.94,232.6,230.77,232.07,19797900
AMZN,2025-12-30,231.21,232.77,230.2,232.53,21910500
AMZN,2025-12-31,232.91,232.99,230.12,230.82,24383700
AMZN,2026-01-02,231.34,235.46,224.7,226.5,51456200
AMZN,2026-01-05,228.84,234.0,227.18,233.06,49733300
AMZN,2026-01-06,232.1,243.18,232.07,240.93,53764700
AMZN,2026-01-07,239.61,245.29,239.52,241.56,42236500
AMZN,2026-01-08,243.06,246.41,241.88,246.29,39509800
AMZN,2026-01-09,244.57,247.86,242.24,247.38,34560000
AMZN,2026-01-12,246.73,248.94,245.96,246.47,35867800
AMZN,2026-01-13,246.53,247.66,240.25,242.6,38371800
AMZN,2026-01-14,241.15,241.28,236.22,236.65,41410600
AMZN,2026-01-15,239.31,240.65,236.63,238.18,43003600
AMZN,2026-01-16,239.09,239.57,236.41,239.12,45888300
AMZN,2026-01-20,233.76,235.09,229.34,231.0,47737900
AMZN,2026-01-21,231.09,232.3,226.88,231.31,47276100
AMZN,2026-01-22,234.05,235.72,230.9,234.34,31913300
AMZN,2026-01-23,234.96,240.45,234.57,239.16,33778500
AMZN,2026-01-26,239.98,240.95,237.54,238.42,32825500
AMZN,2026-01-27,239.69,244.88,238.08,244.68,38029200
AMZN,2026-01-28,246.37,247.78,241.53,243.01,40882700
AMZN,2026-01-29,242.82,243.0,236.74,241.73,47229600
AMZN,2026-01-30,239.89,243.32,237.64,239.3,46585000
AMZN,2026-02-02,238.31,245.63,238.17,242.96,37546100
AMZN,2026-02-03,244.98,246.35,235.45,238.62,53831300
AMZN,2026-02-04,238.86,238.86,231.82,232.99,51299900
AMZN,2026-02-05,224.91,226.31,220.38,222.69,103509200
AMZN,2026-02-06,202.7,211.44,200.31,210.32,179210900
AMZN,2026-02-09,208.97,212.81,203.35,208.72,91178400
AMZN,2026-02-10,208.8,212.65,206.41,206.96,67175000
AMZN,2026-02-11,208.06,208.57,202.49,204.08,65545500
AMZN,2026-02-12,203.96,203.96,197.56,199.6,83975400
AMZN,2026-02-13,198.88,201.16,197.28,198.79,66321600
AMZN,2026-02-17,198.13,201.74,196.0,201.15,69879200
AMZN,2026-02-18,202.07,206.86,201.51,204.79,51003300
AMZN,2026-02-19,203.8,205.64,202.81,204.86,35669600
AMZN,2026-02-20,204.76,211.17,203.75,210.11,65881600
AMZN,2026-02-23,208.1,208.43,203.11,205.27,53581500
AMZN,2026-02-24,205.47,210.36,203.25,208.56,41137200
AMZN,2026-02-25,210.46,211.59,208.93,210.64,41346400
AMZN,2026-02-26,210.73,211.05,205.35,207.92,47756800
AMZN,2026-02-27,206.83,210.33,205.2,210.0,57422800
AMZN,2026-03-02,204.55,209.73,203.46,208.39,46001000
AMZN,2026-03-03,203.1,209.18,202.48,208.73,43184900
AMZN,2026-03-04,210.47,217.54,210.15,216.82,54731100
AMZN,2026-03-05,215.98,220.47,215.59,218.94,60943400
AMZN,2026-03-06,214.99,217.32,212.53,213.21,51152700
AMZN,2026-03-09,210.45,213.82,207.11,213.49,54642900
AMZN,2026-03-10,214.19,215.65,212.43,214.33,35678800
AMZN,2026-03-11,215.71,217.0,211.35,212.65,34199300
AMZN,2026-03-12,210.39,211.71,208.15,209.53,44349500
AMZN,2026-03-13,209.61,210.56,206.22,207.67,35662100
AMZN,2026-03-16,208.35,212.72,207.45,211.74,42209300
AMZN,2026-03-17,212.82,215.7,212.43,215.2,44969900
AMZN,2026-03-18,213.93,215.14,208.83,209.87,37846600
AMZN,2026-03-19,207.06,209.12,206.05,208.76,36440600
AMZN,2026-03-20,207.4,207.54,204.32,205.37,63694600
AMZN,2026-03-23,209.79,212.8,209.51,210.14,44277400
AMZN,2026-03-24,207.95,209.35,206.64,207.24,35351400
AMZN,2026-03-25,211.56,213.07,209.9,211.71,36388800
AMZN,2026-03-26,210.61,212.89,207.12,207.54,46746000
AMZN,2026-03-27,206.46,206.6,199.14,199.34,56009800
AMZN,2026-03-30,201.48,203.8,199.98,200.95,46373800
AMZN,2026-03-31,204.85,210.28,204.14,208.27,58470100
AMZN,2026-04-01,210.44,213.58,208.19,210.57,45955400
AMZN,2026-04-02,206.54,212.21,204.9,209.77,31453000
AMZN,2026-04-06,209.8,212.95,209.59,212.79,25385500
AMZN,2026-04-07,211.24,213.97,209.08,213.77,28154600
AMZN,2026-04-08,223.79,226.1,219.62,221.25,51092700
AMZN,2026-04-09,225.23,233.8,223.27,233.65,65964200
AMZN,2026-04-10,235.3,240.43,235.21,238.38,56912800
AMZN,2026-04-13,237.45,240.0,235.75,239.89,42166200
AMZN,2026-04-14,241.78,252.18,241.78,249.02,72685000
AMZN,2026-04-15,249.25,250.44,247.2,248.5,43045200
AMZN,2026-04-16,248.51,250.0,244.2,249.7,41895700
AMZN,2026-04-17,254.99,256.18,250.11,250.56,52029300
AMZN,2026-04-20,249.19,250.18,245.37,248.28,39463100
AMZN,2026-04-21,255.09,255.09,249.1,249.91,42922400
AMZN,2026-04-22,252.44,255.94,250.33,255.36,36065100
AMZN,2026-04-23,255.39,258.79,253.07,255.08,39091400
AMZN,2026-04-24,259.98,264.5,257.69,263.99,53777400
AMZN,2026-04-27,263.46,264.15,260.34,261.12,44906800
AMZN,2026-04-28,258.39,261.03,256.63,259.7,42204400
AMZN,2026-04-29,257.99,265.91,257.7,263.04,72367900
AMZN,2026-04-30,273.17,273.88,256.16,265.06,100974900
AMZN,2026-05-01,265.58,273.32,262.74,268.26,50825200
AMZN,2026-05-04,268.8,276.1,268.8,272.05,49083700
AMZN,2026-05-05,276.08,278.56,272.38,273.55,41908500
AMZN,2026-05-06,272.89,277.8,272.21,274.99,44552000
AMZN,2026-05-07,275.02,276.63,270.49,271.17,35892900
AMZN,2026-05-08,271.63,274.0,269.95,272.68,34732700
AMZN,2026-05-11,269.84,273.63,268.48,268.99,38176700
AMZN,2026-05-12,266.71,267.65,262.63,265.82,36776200
AMZN,2026-05-13,264.43,270.72,263.2,270.13,39670900
AMZN,2026-05-14,269.15,270.78,266.63,267.22,31338400
AMZN,2026-05-15,262.5,264.36,260.89,264.14,40770300
AMZN,2026-05-18,263.87,268.85,262.53,264.86,33690800
AMZN,2026-05-19,262.04,262.25,255.19,259.34,40340700
AMZN,2026-05-20,260.05,265.58,259.53,265.01,34933200
AMZN,2026-05-21,263.5,269.49,261.37,268.46,36591700
AMZN,2026-05-22,268.66,269.79,266.24,266.32,27535500
AMZN,2026-05-26,267.94,269.3,262.07,265.29,38028100
AMZN,2026-05-27,266.15,272.41,265.7,271.85,40061900
AMZN,2026-05-28,272.27,274.5,267.44,274.0,40630400
AMZN,2026-05-29,271.29,274.75,269.64,270.64,54749600
AMZN,2026-06-01,266.29,266.63,260.7,261.26,53604400
AMZN,2026-06-02,257.16,261.2,254.37,256.52,41811000
AMZN,2026-06-03,254.7,257.09,247.71,250.02,51394200
AMZN,2026-06-04,253.12,255.83,251.75,253.79,35609800
AMZN,2026-06-05,254.26,256.38,245.78,246.03,55607800
AMZN,2026-06-08,246.68,249.42,243.36,245.22,33899500
AMZN,2026-06-09,247.73,250.43,240.4,244.19,44425400
AMZN,2026-06-10,243.61,244.07,237.45,238.0,38590200
AMZN,2026-06-11,237.93,242.14,235.18,241.51,41335400
AMZN,2026-06-12,243.21,243.36,233.59,238.55,51186600
AMZN,2026-06-15,245.02,247.81,244.73,246.02,41711600
AMZN,2026-06-16,248.0,249.51,245.45,246.0,35187400
AMZN,2026-06-17,244.9,245.91,236.0,237.5,44780800
AMZN,2026-06-18,240.12,245.73,236.02,244.39,75624400
AMZN,2026-06-22,240.08,242.0,232.24,232.79,68388500
AMZN,2026-06-23,232.55,236.87,232.0,234.11,60492600
AMZN,2026-06-24,233.85,242.42,232.95,234.27,70282600
AMZN,2026-06-25,232.02,232.32,225.55,227.01,77674100
AMZN,2026-06-26,227.21,233.9,226.13,232.69,248372100
AMZN,2026-06-29,234.22,249.71,233.8,240.14,77619200
AMZN,2026-06-30,237.35,241.54,237.17,238.34,66228300
AMZN,2026-07-01,239.75,244.9,234.9,241.7,53829900
AMZN,2026-07-02,241.61,246.72,241.08,242.67,48246400
AMZN,2026-07-06,243.8,246.04,240.88,244.16,40044000
AMZN,2026-07-07,246.98,248.93,242.7,245.98,40579600
AMZN,2026-07-08,244.27,244.8,240.52,243.62,29653000
AMZN,2026-07-09,239.82,247.5,238.25,247.04,38091700
AMZN,2026-07-10,249.55,251.03,244.41,245.34,31654000
AMZN,2026-07-13,244.68,249.65,244.18,247.31,34636100
AMZN,2026-07-14,245.55,248.56,243.8,247.49,30108100
AMZN,2026-07-15,249.75,256.48,249.75,254.96,45240600
AMZN,2026-07-16,255.12,258.08,248.0,249.89,45343700
AMZN,2026-07-17,244.46,250.24,243.59,247.23,43572400
AMZN,2026-07-20,248.76,252.89,248.0,249.99,32406500
AMZN,2026-07-21,249.11,249.34,246.42,247.55,27732100
AMZN,2026-07-22,248.27,248.45,242.45,244.85,34112700
AMZN,2026-07-23,236.26,238.35,232.05,233.66,47465300
AMZN,2026-07-24,234.38,234.95,231.34,232.11,35017400
AMZN,2026-07-27,235.67,235.89,230.99,231.39,34999500
AMZN,2026-07-28,232.85,233.11,228.1,230.86,44521600
AMZN,2026-07-29,229.32,232.82,226.16,226.65,44957500
AMZN,2026-07-30,233.35,239.82,231.06,235.5,101839800
AMZN,2026-07-31,265.0,273.23,262.01,271.58,129054800
AMZN,2026-08-03,278.29,287.2,278.0,284.02,90830200
AMZN,2026-08-04,276.06,281.07,275.82,277.42,69748100
AMZN,2026-08-05,281.59,282.79,270.73,272.65,45119800
AMZN,2026-08-06,272.77,275.48,271.06,272.26,30672900
AMZN,2026-08-07,272.87,278.31,272.75,274.48,33833300
KO,2021-08-10,56.84,57.17,56.66,56.8,10906900
KO,2021-08-11,56.89,57.18,56.71,56.73,8370700
KO,2021-08-12,56.73,56.98,56.73,56.84,6169200
KO,2021-08-13,56.81,57.3,56.77,57.23,7714200
KO,2021-08-16,57.2,57.49,57.03,57.48,7972000
KO,2021-08-17,57.46,57.56,57.01,57.28,10346400
KO,2021-08-18,57.19,57.23,56.42,56.5,13873700
KO,2021-08-19,56.06,56.98,55.95,56.86,9223700
KO,2021-08-20,56.84,57.03,56.58,56.64,10543600
KO,2021-08-23,56.67,56.75,56.38,56.44,8912800
KO,2021-08-24,56.64,56.64,55.9,56.01,12067200
KO,2021-08-25,56.06,56.17,55.73,56.07,11270700
KO,2021-08-26,55.95,55.98,55.51,55.54,10331500
KO,2021-08-27,55.66,55.79,55.45,55.65,8844100
KO,2021-08-30,55.69,56.2,55.64,56.18,10034700
KO,2021-08-31,56.16,56.52,56.0,56.31,14185700
KO,2021-09-01,56.38,56.8,56.28,56.69,9518900
KO,2021-09-02,56.77,57.03,56.41,56.77,11653200
KO,2021-09-03,56.46,56.77,56.25,56.73,13220400
KO,2021-09-07,56.6,56.69,55.51,55.67,20035300
KO,2021-09-08,55.61,56.48,55.61,56.42,12040100
KO,2021-09-09,56.18,56.42,55.8,55.86,12545400
KO,2021-09-10,56.01,56.13,55.52,55.61,10573700
KO,2021-09-13,55.74,56.4,55.74,56.07,20274300
KO,2021-09-14,55.92,55.98,55.55,55.69,13918900
KO,2021-09-15,55.68,56.0,55.42,55.88,15746000
KO,2021-09-16,55.72,55.99,54.82,55.35,17430400
KO,2021-09-17,55.02,55.19,54.37,54.44,33370200
KO,2021-09-20,54.11,54.4,53.73,54.06,27542500
KO,2021-09-21,54.39,54.82,53.94,54.05,16418200
KO,2021-09-22,54.51,54.56,54.06,54.13,12719700
KO,2021-09-23,54.26,54.62,54.0,54.04,13836200
KO,2021-09-24,54.0,54.24,53.86,53.89,9682200
KO,2021-09-27,53.85,54.25,53.57,53.61,12429500
KO,2021-09-28,53.46,53.46,52.43,52.64,19926100
KO,2021-09-29,52.64,53.16,52.56,52.96,13941500
KO,2021-09-30,53.17,53.33,52.43,52.47,17672000
KO,2021-10-01,52.78,53.2,52.57,53.02,16277400
KO,2021-10-04,53.06,53.53,52.4,52.99,18973400
KO,2021-10-05,53.02,53.47,52.93,53.08,17173100
KO,2021-10-06,52.77,53.77,52.51,53.71,21284500
KO,2021-10-07,53.99,54.28,53.81,53.88,13774400
KO,2021-10-08,54.0,54.39,53.9,54.12,13786800
KO,2021-10-11,54.21,54.39,54.01,54.23,12378500
KO,2021-10-12,54.42,54.83,54.22,54.23,19474400
KO,2021-10-13,54.17,54.43,53.79,54.24,12143300
KO,2021-10-14,54.39,54.81,54.31,54.61,13704000
KO,2021-10-15,54.64,54.88,54.29,54.48,17867000
KO,2021-10-18,54.35,54.39,53.86,53.94,15861800
KO,2021-10-19,54.04,54.2,53.77,54.15,11068500
KO,2021-10-20,54.18,54.76,54.11,54.63,12474800
KO,2021-10-21,54.6,54.67,54.21,54.35,14388300
KO,2021-10-22,54.39,54.53,54.07,54.45,12828600
KO,2021-10-25,54.38,54.47,54.02,54.23,11855000
KO,2021-10-26,54.32,54.58,54.23,54.47,12086700
KO,2021-10-27,55.97,56.08,55.27,55.52,24019800
KO,2021-10-28,55.75,56.11,55.62,56.04,15928000
KO,2021-10-29,55.87,56.47,55.78,56.37,24463700
KO,2021-11-01,56.39,56.4,55.9,56.17,11651100
KO,2021-11-02,56.47,56.5,55.97,56.1,11498900
KO,2021-11-03,56.0,56.33,55.78,56.29,10788300
KO,2021-11-04,56.11,56.63,56.03,56.6,10820200
KO,2021-11-05,56.84,57.16,56.59,56.84,12886700
KO,2021-11-08,56.75,56.89,56.13,56.33,12828000
KO,2021-11-09,56.41,56.52,56.09,56.49,10155800
KO,2021-11-10,56.54,56.92,56.29,56.72,8813600
KO,2021-11-11,56.83,56.88,56.57,56.74,7257700
KO,2021-11-12,56.75,56.99,56.55,56.61,10162500
KO,2021-11-15,56.53,56.68,56.27,56.62,10289200
KO,2021-11-16,56.62,56.94,56.19,56.22,13756500
KO,2021-11-17,56.04,56.05,55.65,55.91,13288700
KO,2021-11-18,55.83,55.93,55.14,55.41,15380100
KO,2021-11-19,55.44,55.49,54.9,55.13,15813700
KO,2021-11-22,55.1,56.02,55.08,55.47,16905600
KO,2021-11-23,55.66,56.11,55.5,55.88,13835900
KO,2021-11-24,55.71,55.84,55.03,55.43,12598900
KO,2021-11-26,54.59,54.75,53.58,53.73,14754300
KO,2021-11-29,54.05,54.73,53.93,54.58,22712500
KO,2021-11-30,53.6,53.63,52.44,52.45,30485200
KO,2021-12-01,52.98,53.52,52.28,52.3,18719600
KO,2021-12-02,52.6,53.34,52.51,53.07,17074200
KO,2021-12-03,53.33,53.61,52.98,53.54,21064400
KO,2021-12-06,54.31,55.25,54.14,54.91,26624100
KO,2021-12-07,55.02,55.42,54.85,55.21,23832700
KO,2021-12-08,55.12,55.35,54.36,55.0,18026300
KO,2021-12-09,54.75,55.13,54.59,54.86,13846400
KO,2021-12-10,55.25,56.32,55.07,56.28,23153600
KO,2021-12-13,56.98,57.93,56.96,57.76,31362800
KO,2021-12-14,57.4,58.17,57.4,57.8,24806600
KO,2021-12-15,57.93,58.25,57.65,58.06,24923800
KO,2021-12-16,57.98,58.88,57.9,58.65,24696900
KO,2021-12-17,58.49,58.92,57.7,57.73,51874400
KO,2021-12-20,57.2,57.78,57.0,57.54,20879500
KO,2021-12-21,57.61,57.97,57.53,57.77,15864900
KO,2021-12-22,57.71,58.19,57.49,58.18,12447400
KO,2021-12-23,58.52,58.61,57.94,58.22,11027300
KO,2021-12-27,58.0,58.69,58.0,58.65,9860000
KO,2021-12-28,58.4,58.94,58.3,58.88,8979900
KO,2021-12-29,58.95,59.1,58.66,58.95,9996000
KO,2021-12-30,59.06,59.23,58.76,58.78,7703900
KO,2021-12-31,58.75,59.35,58.7,59.21,10021300
KO,2022-01-03,58.82,59.31,58.38,59.3,20187300
KO,2022-01-04,59.73,60.54,59.59,60.29,26141600
KO,2022-01-05,60.09,61.2,60.05,60.79,22507300
KO,2022-01-06,60.47,61.12,60.44,60.47,17902300
KO,2022-01-07,60.28,60.72,60.06,60.33,12307900
KO,2022-01-10,60.55,60.82,60.18,60.43,20954300
KO,2022-01-11,60.43,60.49,59.84,60.45,19369600
KO,2022-01-12,60.53,60.69,60.19,60.54,15753800
KO,2022-01-13,60.54,61.04,60.39,60.9,14318000
KO,2022-01-14,60.94,61.45,60.36,61.39,19729600
KO,2022-01-18,61.06,61.19,60.45,60.9,21976700
KO,2022-01-19,60.66,61.18,60.56,61.0,18654700
KO,2022-01-20,61.0,61.44,60.72,60.75,23002400
KO,2022-01-21,61.08,61.3,60.4,60.45,26643200
KO,2022-01-24,59.9,60.35,58.57,59.96,30185100
KO,2022-01-25,59.36,60.05,58.69,59.82,19027100
KO,2022-01-26,59.79,60.35,59.21,59.6,19190200
KO,2022-01-27,59.88,60.93,59.5,59.65,18893800
KO,2022-01-28,59.39,60.89,58.94,60.84,19101500
KO,2022-01-31,60.3,61.14,60.15,61.01,22045300
KO,2022-02-01,60.91,61.14,60.16,60.56,20841700
KO,2022-02-02,60.62,61.27,60.56,61.18,20225600
KO,2022-02-03,60.94,61.78,60.59,61.61,19440500
KO,2022-02-04,61.49,61.68,60.57,60.96,17403700
KO,2022-02-07,61.38,61.72,60.86,61.6,17846400
KO,2022-02-08,61.83,62.33,61.74,62.0,18771700
KO,2022-02-09,62.17,62.32,60.9,61.04,23595600
KO,2022-02-10,60.36,62.3,60.2,61.38,23561500
KO,2022-02-11,61.77,61.98,60.15,60.29,22781400
KO,2022-02-14,60.16,60.79,59.28,60.68,23641300
KO,2022-02-15,60.96,61.78,60.63,60.91,13408700
KO,2022-02-16,60.86,61.4,60.56,60.9,15484700
KO,2022-02-17,60.55,62.28,60.41,62.12,21468700
KO,2022-02-18,62.12,62.82,61.99,62.54,21975000
KO,2022-02-22,62.43,62.64,61.72,62.28,21731400
KO,2022-02-23,62.24,62.33,61.34,61.59,19248500
KO,2022-02-24,59.97,60.62,59.22,60.51,27207400
KO,2022-02-25,60.94,62.9,60.92,62.85,21487800
KO,2022-02-28,61.65,62.34,61.41,62.24,25879100
KO,2022-03-01,62.14,62.75,61.51,61.97,15871100
KO,2022-03-02,62.23,62.88,61.78,62.43,17319100
KO,2022-03-03,62.61,63.02,62.29,62.47,21262800
KO,2022-03-04,61.46,62.59,61.2,62.57,17163000
KO,2022-03-07,62.01,62.07,60.72,61.08,29151400
KO,2022-03-08,61.45,61.54,58.59,58.66,30242100
KO,2022-03-09,59.82,59.84,58.66,58.96,23022700
KO,2022-03-10,58.48,58.66,57.5,57.88,20887300
KO,2022-03-11,57.96,58.85,57.86,57.92,19855600
KO,2022-03-14,57.97,59.04,57.97,58.54,17799400
KO,2022-03-15,59.08,59.89,58.98,59.62,18607200
KO,2022-03-16,59.78,59.94,58.61,59.46,17347300
KO,2022-03-17,59.46,60.14,59.23,60.09,15586200
KO,2022-03-18,60.3,60.3,59.71,60.1,30197800
KO,2022-03-21,60.5,61.1,60.25,60.58,17440100
KO,2022-03-22,60.93,60.95,60.06,60.8,17559500
KO,2022-03-23,60.75,60.98,60.0,60.4,15529200
KO,2022-03-24,60.64,61.02,60.46,60.98,13151300
KO,2022-03-25,61.12,61.61,61.05,61.53,12259800
KO,2022-03-28,61.53,61.94,61.21,61.92,11485200
KO,2022-03-29,62.21,62.53,61.74,62.16,14720600
KO,2022-03-30,62.01,62.21,61.56,62.21,13641000
KO,2022-03-31,62.22,62.64,62.0,62.0,16822900
KO,2022-04-01,62.33,62.95,62.09,62.87,12644900
KO,2022-04-04,62.6,62.79,61.72,62.54,11505800
KO,2022-04-05,62.4,63.24,62.37,62.47,15721200
KO,2022-04-06,62.77,63.26,62.3,63.1,19267400
KO,2022-04-07,63.13,63.67,62.71,63.44,13960800
KO,2022-04-08,63.48,64.04,63.16,63.83,12703500
KO,2022-04-11,63.91,64.3,63.64,63.81,12720100
KO,2022-04-12,64.38,64.81,63.89,64.56,18089900
KO,2022-04-13,64.44,64.87,64.23,64.73,11883000
KO,2022-04-14,64.96,65.57,64.82,65.02,16388400
KO,2022-04-18,64.77,65.18,64.18,64.44,11679400
KO,2022-04-19,64.5,65.25,64.44,65.07,11993800
KO,2022-04-20,65.44,66.24,65.4,65.96,14827100
KO,2022-04-21,65.98,67.0,65.72,66.21,15120400
KO,2022-04-22,66.08,66.34,65.18,65.25,14902200
KO,2022-04-25,67.0,67.2,64.78,65.94,25082000
KO,2022-04-26,65.52,66.37,65.04,65.05,21982600
KO,2022-04-27,65.0,66.28,65.0,65.56,16971000
KO,2022-04-28,64.66,66.28,64.5,66.19,22010600
KO,2022-04-29,65.87,66.03,64.49,64.61,20137100
KO,2022-05-02,65.28,65.31,62.58,63.44,24970300
KO,2022-05-03,63.72,63.94,62.67,63.08,21686300
KO,2022-05-04,63.0,65.12,62.94,65.03,19780200
KO,2022-05-05,64.69,65.03,64.01,64.51,20155200
KO,2022-05-06,64.2,65.31,64.07,64.74,18984000
KO,2022-05-09,64.47,65.36,64.04,64.61,20055300
KO,2022-05-10,64.5,65.32,63.85,64.01,21322200
KO,2022-05-11,64.33,65.2,63.96,64.31,19648400
KO,2022-05-12,64.16,64.53,63.21,64.51,22574700
KO,2022-05-13,64.81,65.8,64.12,65.72,16167000
KO,2022-05-16,65.44,66.38,65.44,65.96,13223200
KO,2022-05-17,66.1,66.1,65.01,65.78,21300600
KO,2022-05-18,65.42,65.52,60.96,61.2,31437300
KO,2022-05-19,60.96,60.96,59.66,60.0,31493900
KO,2022-05-20,60.49,61.24,59.66,60.98,29133800
KO,2022-05-23,61.65,63.1,61.59,62.86,19406900
KO,2022-05-24,62.88,64.19,62.75,64.02,16154200
KO,2022-05-25,64.0,64.47,63.6,64.07,15360500
KO,2022-05-26,64.07,65.1,63.96,64.3,16159800
KO,2022-05-27,64.26,64.83,64.14,64.68,17709000
KO,2022-05-31,64.08,64.32,63.05,63.38,43159000
KO,2022-06-01,63.42,63.68,62.13,63.07,15408300
KO,2022-06-02,63.18,63.74,62.11,63.73,14586000
KO,2022-06-03,63.57,63.63,62.81,62.97,13539900
KO,2022-06-06,63.33,63.77,62.66,62.87,15112800
KO,2022-06-07,62.38,63.37,62.22,63.25,17886300
KO,2022-06-08,62.99,63.21,62.56,62.89,10211500
KO,2022-06-09,62.87,63.35,61.78,61.8,13382200
KO,2022-06-10,61.01,61.89,60.46,61.41,14967600
KO,2022-06-13,60.75,62.29,60.67,61.34,23064200
KO,2022-06-14,60.73,60.89,58.66,59.23,24620000
KO,2022-06-15,60.0,60.64,58.97,59.67,19684700
KO,2022-06-16,58.64,59.52,58.25,59.07,15053800
KO,2022-06-17,59.7,60.13,59.13,59.43,34781900
KO,2022-06-21,59.49,60.88,59.01,60.7,17705000
KO,2022-06-22,60.6,61.45,60.32,61.15,15207100
KO,2022-06-23,61.3,61.91,61.23,61.88,17190900
KO,2022-06-24,62.11,63.06,62.11,63.04,18147100
KO,2022-06-27,62.98,63.29,62.63,62.91,12142100
KO,2022-06-28,63.08,63.76,62.11,62.28,13150100
KO,2022-06-29,62.54,63.11,62.43,62.73,11795500
KO,2022-06-30,62.32,63.11,62.16,62.91,15514200
KO,2022-07-01,63.12,64.45,62.82,64.38,15143200
KO,2022-07-05,64.18,64.18,62.42,63.28,15921200
KO,2022-07-06,63.6,64.09,63.19,63.41,13450500
KO,2022-07-07,63.26,63.58,62.7,62.91,14828400
KO,2022-07-08,63.03,63.42,62.88,63.14,11311500
KO,2022-07-11,62.99,63.46,62.59,62.94,12702100
KO,2022-07-12,63.0,63.45,62.47,62.67,14731100
KO,2022-07-13,62.33,63.0,61.98,62.38,13145300
KO,2022-07-14,61.33,62.25,61.3,62.18,14433000
KO,2022-07-15,62.75,62.97,62.07,62.5,21968400
KO,2022-07-18,62.52,62.56,61.51,61.65,10780800
KO,2022-07-19,62.09,62.65,61.93,62.53,10998200
KO,2022-07-20,62.4,62.58,61.15,61.5,11010500
KO,2022-07-21,61.26,61.88,60.79,61.36,11959600
KO,2022-07-22,61.38,61.87,61.32,61.59,11644700
KO,2022-07-25,61.55,62.3,61.31,62.19,14941700
KO,2022-07-26,62.75,63.8,62.53,63.21,20118000
KO,2022-07-27,62.88,63.19,61.79,63.01,12142900
KO,2022-07-28,62.92,64.25,62.89,64.06,10837000
KO,2022-07-29,63.71,64.29,63.63,64.17,13734200
KO,2022-08-01,64.09,65.04,64.03,64.52,12831500
KO,2022-08-02,64.59,64.6,63.43,63.64,15241900
KO,2022-08-03,63.55,64.1,63.31,63.92,11317000
KO,2022-08-04,63.64,63.73,62.92,63.67,11795600
KO,2022-08-05,63.63,63.63,62.67,63.38,10445400
KO,2022-08-08,63.5,63.81,62.75,62.97,9165200
KO,2022-08-09,63.18,63.31,62.85,63.05,7910900
KO,2022-08-10,63.63,63.79,63.1,63.65,8857300
KO,2022-08-11,63.69,63.99,63.08,63.22,8507800
KO,2022-08-12,63.43,63.76,63.09,63.7,9489300
KO,2022-08-15,63.64,64.69,63.57,64.5,9863300
KO,2022-08-16,64.57,65.23,64.33,65.03,9569600
KO,2022-08-17,64.83,65.22,64.76,64.88,8144000
KO,2022-08-18,64.96,65.35,64.71,65.22,6532000
KO,2022-08-19,65.21,65.47,64.96,65.17,8921100
KO,2022-08-22,64.84,64.92,63.99,64.2,9087900
KO,2022-08-23,63.82,64.37,63.68,64.27,8443800
KO,2022-08-24,64.24,64.58,64.05,64.36,6844700
KO,2022-08-25,64.36,64.71,63.9,64.67,7913900
KO,2022-08-26,64.73,64.8,62.98,63.11,10089500
KO,2022-08-29,62.69,63.03,62.41,62.73,9115900
KO,2022-08-30,62.91,62.91,61.99,62.15,8456800
KO,2022-08-31,62.38,62.53,61.7,61.71,14633600
KO,2022-09-01,61.58,62.04,61.29,62.0,14939700
KO,2022-09-02,62.39,62.77,60.9,61.15,11809800
KO,2022-09-06,61.29,61.97,60.99,61.18,12181800
KO,2022-09-07,61.32,62.49,61.32,62.31,13290700
KO,2022-09-08,62.08,62.3,61.34,62.12,17193500
KO,2022-09-09,62.17,62.88,61.86,62.32,11855900
KO,2022-09-12,62.43,62.81,62.27,62.5,13026900
KO,2022-09-13,62.2,62.22,60.28,60.47,18532800
KO,2022-09-14,60.64,61.08,60.44,60.79,12881600
KO,2022-09-15,60.4,60.4,59.36,59.53,11451900
KO,2022-09-16,59.66,59.8,59.11,59.54,20493500
KO,2022-09-19,59.39,60.1,59.23,59.99,12596200
KO,2022-09-20,59.68,60.03,59.32,59.9,11984600
KO,2022-09-21,60.14,60.7,59.39,59.4,14165300
KO,2022-09-22,59.55,59.73,59.2,59.26,11657600
KO,2022-09-23,58.96,59.1,58.0,58.6,14824000
KO,2022-09-26,58.49,58.57,57.69,57.87,18670100
KO,2022-09-27,58.08,58.37,56.31,56.38,23829300
KO,2022-09-28,56.66,57.25,55.91,56.98,21480100
KO,2022-09-29,57.09,57.29,56.0,56.57,14570700
KO,2022-09-30,56.87,57.13,56.0,56.02,16124600
KO,2022-10-03,56.36,56.85,56.06,56.65,16277600
KO,2022-10-04,56.95,57.81,56.46,56.78,18861400
KO,2022-10-05,56.5,56.65,55.51,56.24,14324900
KO,2022-10-06,56.0,56.1,54.87,55.03,17192800
KO,2022-10-07,54.99,55.09,54.25,54.51,11479800
KO,2022-10-10,54.6,54.96,54.02,54.39,10239100
KO,2022-10-11,54.46,55.22,54.24,54.48,14303900
KO,2022-10-12,55.23,56.04,55.04,55.14,18377400
KO,2022-10-13,54.48,56.08,54.26,55.87,16220700
KO,2022-10-14,56.29,56.47,54.94,54.98,15997900
KO,2022-10-17,55.63,56.22,55.57,55.69,13721400
KO,2022-10-18,56.31,56.78,56.1,56.44,11823100
KO,2022-10-19,56.31,56.54,55.73,55.96,10182300
KO,2022-10-20,55.77,55.92,54.96,55.08,16905100
KO,2022-10-21,55.0,56.11,54.99,55.96,15034100
KO,2022-10-24,56.64,57.73,56.57,57.57,17416700
KO,2022-10-25,59.04,59.11,57.75,58.95,28829900
KO,2022-10-26,59.01,59.78,58.86,59.39,15831400
KO,2022-10-27,59.77,59.84,59.38,59.53,16026100
KO,2022-10-28,59.57,60.91,59.47,60.76,12888900
KO,2022-10-31,60.51,60.57,59.67,59.85,14016400
KO,2022-11-01,60.03,60.29,59.37,59.64,10659500
KO,2022-11-02,59.64,60.23,58.77,58.81,14549200
KO,2022-11-03,58.11,59.0,58.1,58.78,9194000
KO,2022-11-04,59.3,59.59,58.56,59.26,9725900
KO,2022-11-07,59.26,59.77,59.24,59.49,8849700
KO,2022-11-08,59.75,59.79,58.94,59.6,10081600
KO,2022-11-09,59.59,59.64,58.75,58.77,10115200
KO,2022-11-10,60.25,61.04,59.68,60.88,16804800
KO,2022-11-11,61.37,61.45,60.21,61.32,18972100
KO,2022-11-14,61.32,61.72,60.71,60.73,16361000
KO,2022-11-15,61.13,61.45,60.0,60.63,13295800
KO,2022-11-16,60.79,61.03,60.29,60.52,14199500
KO,2022-11-17,60.19,60.74,60.13,60.71,11212600
KO,2022-11-18,60.99,61.37,60.8,61.14,10415600
KO,2022-11-21,61.41,62.21,61.2,62.08,15399400
KO,2022-11-22,62.47,62.5,62.05,62.35,12319600
KO,2022-11-23,62.49,62.79,62.3,62.63,8990400
KO,2022-11-25,62.73,62.81,62.38,62.69,5165500
KO,2022-11-28,62.69,63.1,62.56,62.7,12267500
KO,2022-11-29,62.52,62.57,61.98,62.48,10969600
KO,2022-11-30,62.01,63.68,61.75,63.61,30433900
KO,2022-12-01,63.61,64.11,63.43,63.79,12001400
KO,2022-12-02,63.61,64.52,63.4,64.35,13643500
KO,2022-12-05,63.41,63.8,63.26,63.47,9185100
KO,2022-12-06,63.52,63.88,63.23,63.44,10099500
KO,2022-12-07,63.45,63.72,63.25,63.54,12307600
KO,2022-12-08,63.6,63.85,63.35,63.81,9946200
KO,2022-12-09,63.61,63.84,63.09,63.14,13914900
KO,2022-12-12,63.3,64.01,63.01,63.97,11647900
KO,2022-12-13,64.59,64.7,63.8,63.99,17521600
KO,2022-12-14,64.19,64.65,63.57,63.99,12826700
KO,2022-12-15,63.59,63.89,62.49,63.11,12212300
KO,2022-12-16,62.75,63.14,62.33,62.75,33631500
KO,2022-12-19,62.83,63.41,62.47,62.84,10919700
KO,2022-12-20,62.82,63.15,62.75,62.79,10286500
KO,2022-12-21,63.07,64.05,63.07,63.8,10411300
KO,2022-12-22,63.42,63.59,62.65,63.34,9666700
KO,2022-12-23,63.5,63.87,63.2,63.82,6463300
KO,2022-12-27,63.93,64.29,63.71,64.21,7320700
KO,2022-12-28,64.46,64.65,63.49,63.57,7159400
KO,2022-12-29,63.8,64.15,63.7,63.95,7169300
KO,2022-12-30,63.92,63.92,63.17,63.61,7650200
KO,2023-01-03,63.56,63.56,62.18,62.95,12180500
KO,2023-01-04,63.15,63.33,62.51,62.92,13387900
KO,2023-01-05,62.6,62.8,62.08,62.2,9814700
KO,2023-01-06,62.91,63.67,62.58,63.4,9990000
KO,2023-01-09,63.3,63.72,62.58,62.61,9442600
KO,2023-01-10,62.6,62.73,61.92,62.13,10134600
KO,2023-01-11,62.38,62.56,61.41,62.01,10823000
KO,2023-01-12,62.11,62.18,60.97,61.21,13907300
KO,2023-01-13,60.7,61.46,60.59,61.43,13986400
KO,2023-01-17,61.73,62.38,61.56,61.68,18327800
KO,2023-01-18,61.51,61.59,59.68,59.81,19679400
KO,2023-01-19,59.73,60.64,59.71,59.72,14894500
KO,2023-01-20,59.72,60.09,59.4,60.08,14237700
KO,2023-01-23,60.28,60.57,60.05,60.23,12613400
KO,2023-01-24,60.08,61.85,59.8,60.55,10103300
KO,2023-01-25,60.2,60.94,59.89,60.93,11265800
KO,2023-01-26,60.81,61.1,60.57,60.81,11884800
KO,2023-01-27,60.84,60.96,60.37,60.49,14087000
KO,2023-01-30,60.54,61.17,60.46,60.64,15632000
KO,2023-01-31,60.98,61.34,60.51,61.32,14344400
KO,2023-02-01,61.14,61.58,60.62,61.33,12535400
KO,2023-02-02,60.8,61.02,59.91,60.28,16947200
KO,2023-02-03,60.35,60.42,59.23,59.83,15404400
KO,2023-02-06,59.79,60.34,59.72,60.17,11330900
KO,2023-02-07,59.67,60.24,59.54,60.07,14922700
KO,2023-02-08,59.92,59.92,59.59,59.72,11012000
KO,2023-02-09,60.15,60.32,59.6,59.62,12515300
KO,2023-02-10,59.72,59.9,58.88,59.62,14420700
KO,2023-02-13,59.9,60.76,59.73,60.6,16191800
KO,2023-02-14,60.21,60.9,59.56,59.59,20505700
KO,2023-02-15,59.9,59.93,59.23,59.59,13171400
KO,2023-02-16,59.23,59.82,58.95,59.22,16538300
KO,2023-02-17,59.5,60.23,59.38,60.12,16814700
KO,2023-02-21,59.99,60.23,59.72,59.8,14278300
KO,2023-02-22,59.85,60.36,59.75,59.98,12409600
KO,2023-02-23,60.01,60.42,59.81,60.09,12222800
KO,2023-02-24,59.68,59.91,59.39,59.84,9736200
KO,2023-02-27,60.18,60.3,59.74,59.82,8849800
KO,2023-02-28,59.7,59.7,59.14,59.51,16082200
KO,2023-03-01,59.13,59.18,58.37,58.86,13275800
KO,2023-03-02,58.84,59.78,58.8,59.72,11758300
KO,2023-03-03,59.55,59.68,59.21,59.44,13101800
KO,2023-03-06,59.26,60.38,59.22,60.36,16282700
KO,2023-03-07,60.49,60.57,59.75,60.01,13961200
KO,2023-03-08,60.04,60.33,59.73,60.04,10851600
KO,2023-03-09,60.54,60.54,59.28,59.46,13900900
KO,2023-03-10,59.7,60.14,58.99,59.21,13745800
KO,2023-03-13,59.29,60.87,59.25,59.81,21956000
KO,2023-03-14,60.0,60.46,59.35,60.03,19496900
KO,2023-03-15,59.43,60.48,59.24,60.43,21089900
KO,2023-03-16,60.09,60.34,59.7,60.3,15658300
KO,2023-03-17,60.31,60.35,59.64,60.02,27351200
KO,2023-03-20,60.16,60.6,59.97,60.6,12904100
KO,2023-03-21,60.57,60.75,59.88,60.32,13716500
KO,2023-03-22,60.4,60.87,60.03,60.05,10494200
KO,2023-03-23,60.09,60.39,59.72,59.92,15479000
KO,2023-03-24,60.25,61.02,59.91,60.9,12975600
KO,2023-03-27,61.14,61.48,60.95,61.35,12777400
KO,2023-03-28,61.39,61.74,61.27,61.42,10925700
KO,2023-03-29,61.72,61.95,61.59,61.86,9441000
KO,2023-03-30,61.88,62.09,61.66,61.85,9870700
KO,2023-03-31,62.06,62.25,61.87,62.03,14440900
KO,2023-04-03,62.3,62.52,61.86,62.4,12300700
KO,2023-04-04,62.39,62.74,62.08,62.21,11433400
KO,2023-04-05,62.53,63.02,62.5,62.8,12789600
KO,2023-04-06,62.86,63.04,62.38,62.84,9644200
KO,2023-04-10,62.49,62.69,62.02,62.69,7952600
KO,2023-04-11,62.65,62.71,62.4,62.58,9913000
KO,2023-04-12,62.48,63.03,62.31,62.69,9593700
KO,2023-04-13,62.76,63.16,62.48,63.15,9871400
KO,2023-04-14,63.05,63.15,62.78,63.05,8946000
KO,2023-04-17,63.32,63.53,63.14,63.46,9452400
KO,2023-04-18,63.51,63.6,63.19,63.56,9035700
KO,2023-04-19,63.73,63.83,63.43,63.68,9769500
KO,2023-04-20,63.63,64.0,63.44,63.96,10706400
KO,2023-04-21,64.0,64.27,63.8,64.05,12931100
KO,2023-04-24,64.75,64.99,63.62,63.95,15532300
KO,2023-04-25,64.17,64.17,63.63,63.85,12818900
KO,2023-04-26,63.56,63.77,63.39,63.55,13179600
KO,2023-04-27,63.53,63.76,63.11,63.68,13795800
KO,2023-04-28,63.61,64.16,63.48,64.15,13687600
KO,2023-05-01,64.15,64.69,64.06,64.3,9091500
KO,2023-05-02,64.14,64.14,63.27,64.01,10948400
KO,2023-05-03,64.02,64.18,63.58,63.65,11084600
KO,2023-05-04,63.74,63.93,63.51,63.72,11938300
KO,2023-05-05,63.64,64.21,63.63,64.02,9039000
KO,2023-05-08,63.81,64.06,63.61,63.92,7240700
KO,2023-05-09,63.64,63.75,63.28,63.39,9067700
KO,2023-05-10,63.32,63.64,62.99,63.5,10134000
KO,2023-05-11,63.58,63.93,63.01,63.86,9581500
KO,2023-05-12,63.86,64.19,63.7,64.11,8740800
KO,2023-05-15,64.22,64.25,63.71,63.94,8150000
KO,2023-05-16,63.9,63.9,63.16,63.22,9129600
KO,2023-05-17,63.4,63.42,62.73,63.15,11583000
KO,2023-05-18,63.01,63.04,62.57,62.8,13595100
KO,2023-05-19,63.04,63.1,62.61,62.83,14251400
KO,2023-05-22,62.79,62.87,61.44,61.51,15055400
KO,2023-05-23,61.51,61.67,61.17,61.4,13932700
KO,2023-05-24,61.38,61.43,60.72,60.88,11090100
KO,2023-05-25,60.47,60.73,60.15,60.41,14463600
KO,2023-05-26,60.45,60.64,60.11,60.26,12570300
KO,2023-05-30,60.09,60.2,59.52,59.78,15634200
KO,2023-05-31,59.92,60.28,59.37,59.66,59432200
KO,2023-06-01,59.94,60.17,59.77,60.0,13402700
KO,2023-06-02,60.27,61.32,60.08,61.16,15259800
KO,2023-06-05,61.0,61.44,60.55,60.75,12915600
KO,2023-06-06,60.95,60.99,60.12,60.31,10943500
KO,2023-06-07,60.01,60.36,59.82,60.22,16817900
KO,2023-06-08,60.13,60.41,59.98,60.37,15585900
KO,2023-06-09,60.27,60.67,60.17,60.47,12581500
KO,2023-06-12,60.59,60.65,60.02,60.21,14208900
KO,2023-06-13,60.21,60.67,60.04,60.45,13397800
KO,2023-06-14,60.73,61.08,60.6,60.86,14099700
KO,2023-06-15,60.61,61.3,60.34,61.23,15271400
KO,2023-06-16,61.6,62.17,61.48,61.67,26738000
KO,2023-06-20,61.59,61.96,61.24,61.26,13971800
KO,2023-06-21,61.31,61.72,60.98,61.43,13948700
KO,2023-06-22,61.81,62.1,61.59,61.85,15193400
KO,2023-06-23,61.94,61.97,61.18,61.2,25112100
KO,2023-06-26,61.21,61.29,60.39,61.22,12856100
KO,2023-06-27,61.22,61.36,60.98,61.09,9068500
KO,2023-06-28,60.88,61.04,60.4,60.52,11173200
KO,2023-06-29,60.22,60.35,59.77,60.02,17142300
KO,2023-06-30,60.0,60.35,59.87,60.22,19739200
KO,2023-07-03,60.2,60.63,60.03,60.58,9694500
KO,2023-07-05,60.28,61.1,60.16,61.03,14716600
KO,2023-07-06,60.73,61.02,60.5,60.56,12603900
KO,2023-07-07,60.31,60.5,59.73,59.76,14574000
KO,2023-07-10,59.97,60.15,59.14,59.31,15480600
KO,2023-07-11,59.46,59.56,58.84,59.52,15967700
KO,2023-07-12,59.75,60.05,59.45,59.84,14241300
KO,2023-07-13,60.12,60.46,59.98,60.35,11269800
KO,2023-07-14,60.14,61.04,60.09,60.9,11634200
KO,2023-07-17,60.76,61.1,60.49,60.81,10014300
KO,2023-07-18,60.96,61.25,60.41,60.57,11152900
KO,2023-07-19,60.77,61.79,60.68,61.64,12936000
KO,2023-07-20,61.68,62.41,61.67,62.39,11563000
KO,2023-07-21,62.46,62.68,62.24,62.44,12815100
KO,2023-07-24,62.42,62.81,62.4,62.46,10251100
KO,2023-07-25,62.3,62.39,62.05,62.25,13422700
KO,2023-07-26,61.86,63.17,61.39,63.05,17145500
KO,2023-07-27,63.05,63.27,62.38,62.44,11517100
KO,2023-07-28,62.59,62.77,62.22,62.48,9721800
KO,2023-07-31,62.45,62.45,61.73,61.93,15577900
KO,2023-08-01,62.09,62.36,61.62,61.77,9281600
KO,2023-08-02,61.56,62.59,61.56,61.96,11059400
KO,2023-08-03,61.87,62.12,61.53,61.64,8037400
KO,2023-08-04,61.68,61.89,60.62,60.71,9359300
KO,2023-08-07,60.79,61.33,60.74,61.19,6982600
KO,2023-08-08,61.19,61.35,60.62,60.92,7956100
KO,2023-08-09,60.91,61.63,60.75,61.06,7904100
KO,2023-08-10,61.35,61.73,60.79,60.92,7870300
KO,2023-08-11,60.84,61.2,60.69,61.17,8483900
KO,2023-08-14,61.32,61.48,60.75,60.88,7176300
KO,2023-08-15,60.69,60.9,60.37,60.47,7187400
KO,2023-08-16,60.54,60.82,60.4,60.48,8372300
KO,2023-08-17,60.58,61.02,60.45,60.61,12873500
KO,2023-08-18,60.54,61.09,60.37,60.95,11083800
KO,2023-08-21,60.86,60.93,60.32,60.43,8648500
KO,2023-08-22,60.34,60.58,59.98,60.06,9411500
KO,2023-08-23,60.2,60.44,60.16,60.27,7749500
KO,2023-08-24,60.27,60.88,60.09,60.11,8955100
KO,2023-08-25,60.41,60.57,60.01,60.39,7629200
KO,2023-08-28,60.55,60.73,60.37,60.56,6254300
KO,2023-08-29,60.56,60.63,60.15,60.5,8189600
KO,2023-08-30,60.64,60.74,60.29,60.47,9447900
KO,2023-08-31,60.3,60.47,59.81,59.83,14663500
KO,2023-09-01,60.0,60.13,59.12,59.31,11262300
KO,2023-09-05,59.25,59.32,58.67,58.82,12474600
KO,2023-09-06,58.62,58.83,58.42,58.78,13923500
KO,2023-09-07,58.95,59.16,58.3,58.33,17628600
KO,2023-09-08,58.3,58.41,58.01,58.33,14312300
KO,2023-09-11,58.4,58.99,58.23,58.88,14767400
KO,2023-09-12,58.99,59.0,58.19,58.3,12292700
KO,2023-09-13,58.4,58.68,58.34,58.44,12641400
KO,2023-09-14,58.24,58.59,58.19,58.46,12311600
KO,2023-09-15,58.41,58.64,57.75,57.94,55727500
KO,2023-09-18,57.98,58.35,57.63,58.3,13617400
KO,2023-09-19,58.26,58.39,57.92,58.18,11998900
KO,2023-09-20,58.3,58.83,58.08,58.44,14766600
KO,2023-09-21,58.37,58.42,57.42,57.54,15941800
KO,2023-09-22,57.85,57.97,57.5,57.6,14644100
KO,2023-09-25,57.4,57.49,56.74,57.0,12358800
KO,2023-09-26,56.73,56.9,56.4,56.53,11194700
KO,2023-09-27,56.42,56.53,55.68,55.95,13766300
KO,2023-09-28,56.23,56.32,55.7,55.81,12484800
KO,2023-09-29,56.14,56.27,55.62,55.98,12271600
KO,2023-10-02,55.91,56.01,55.08,55.48,11792500
KO,2023-10-03,55.16,55.43,54.78,54.88,13604200
KO,2023-10-04,54.89,55.28,54.71,55.04,12100500
KO,2023-10-05,54.74,54.95,52.24,52.38,29878100
KO,2023-10-06,52.04,53.29,51.55,53.14,30298900
KO,2023-10-09,52.96,53.15,52.11,52.88,15704700
KO,2023-10-10,54.13,54.33,53.56,54.03,20909700
KO,2023-10-11,54.22,54.28,53.02,53.71,21138900
KO,2023-10-12,53.76,53.83,52.43,52.81,19330400
KO,2023-10-13,52.74,53.42,52.64,52.89,14494600
KO,2023-10-16,53.02,53.56,52.84,53.43,12816800
KO,2023-10-17,53.31,54.1,53.21,54.07,16457200
KO,2023-10-18,54.1,54.53,53.92,54.05,12809500
KO,2023-10-19,54.16,54.76,53.86,54.35,16202200
KO,2023-10-20,54.53,55.02,54.44,54.57,15686400
KO,2023-10-23,54.38,54.89,54.05,54.08,21212700
KO,2023-10-24,55.65,56.17,55.3,55.64,25290800
KO,2023-10-25,55.76,56.22,55.56,56.12,16701000
KO,2023-10-26,56.37,56.63,55.72,55.78,16228400
KO,2023-10-27,55.55,56.14,55.1,55.24,13626500
KO,2023-10-30,55.43,56.28,55.42,56.15,15014300
KO,2023-10-31,56.57,56.72,56.15,56.49,16639400
KO,2023-11-01,56.8,56.88,56.26,56.44,14110800
KO,2023-11-02,56.5,57.15,56.36,57.09,13087200
KO,2023-11-03,57.4,57.59,56.7,56.74,13958700
KO,2023-11-06,56.78,57.28,56.74,56.97,12673200
KO,2023-11-07,56.92,57.4,56.73,57.18,10449300
KO,2023-11-08,57.32,57.47,56.92,57.09,13744000
KO,2023-11-09,57.03,57.14,56.37,56.66,12021100
KO,2023-11-10,56.87,56.93,56.06,56.72,11678900
KO,2023-11-13,56.62,57.1,56.6,56.93,12798200
KO,2023-11-14,57.02,57.24,56.81,57.1,12697100
KO,2023-11-15,57.3,57.34,56.75,57.21,10201900
KO,2023-11-16,57.25,57.53,56.81,57.15,16010400
KO,2023-11-17,57.19,57.34,56.7,57.26,14475800
KO,2023-11-20,57.05,57.58,56.96,57.4,13051000
KO,2023-11-21,57.46,58.04,57.33,58.03,13891600
KO,2023-11-22,58.26,58.54,58.13,58.42,11320600
KO,2023-11-24,58.46,58.75,58.34,58.57,4816000
KO,2023-11-27,58.54,58.69,58.27,58.46,16246500
KO,2023-11-28,58.4,58.83,58.36,58.58,13739600
KO,2023-11-29,58.58,58.67,58.1,58.23,11263600
KO,2023-11-30,57.96,58.46,57.6,58.44,22727500
KO,2023-12-01,58.27,58.69,58.24,58.64,15371200
KO,2023-12-04,58.59,58.96,58.44,58.57,14942200
KO,2023-12-05,58.55,58.83,58.42,58.66,11891500
KO,2023-12-06,58.56,58.73,58.21,58.6,14868500
KO,2023-12-07,58.67,58.89,58.39,58.74,11587900
KO,2023-12-08,58.74,58.75,58.37,58.61,11178700
KO,2023-12-11,58.83,59.09,58.5,59.04,14524800
KO,2023-12-12,59.2,59.42,58.9,59.42,12899000
KO,2023-12-13,59.45,60.02,59.26,59.93,16196800
KO,2023-12-14,59.97,60.04,58.77,59.04,22478300
KO,2023-12-15,58.83,59.17,57.8,58.6,65177400
KO,2023-12-18,58.8,59.49,58.62,59.02,16717700
KO,2023-12-19,59.0,59.2,58.64,58.83,14612200
KO,2023-12-20,58.5,58.67,57.57,57.61,17701000
KO,2023-12-21,57.85,58.07,57.47,57.99,11725100
KO,2023-12-22,58.12,58.46,58.02,58.32,9029400
KO,2023-12-26,58.06,58.71,58.06,58.56,6422500
KO,2023-12-27,58.64,58.77,58.4,58.71,8560100
KO,2023-12-28,58.65,58.87,58.53,58.75,8400100
KO,2023-12-29,58.74,58.98,58.63,58.93,9244300
KO,2024-01-02,58.8,59.88,58.67,59.82,16322600
KO,2024-01-03,59.93,60.2,59.76,59.96,14830600
KO,2024-01-04,60.05,60.26,59.66,59.76,12912900
KO,2024-01-05,59.8,59.95,59.09,59.67,10412800
KO,2024-01-08,59.68,60.18,59.42,60.11,11554600
KO,2024-01-09,59.99,60.14,59.62,60.0,10493700
KO,2024-01-10,60.22,60.41,59.98,60.2,12258000
KO,2024-01-11,60.25,60.26,59.69,59.81,13754200
KO,2024-01-12,60.08,60.46,59.87,60.39,13218000
KO,2024-01-16,60.39,60.43,59.85,59.99,11826900
KO,2024-01-17,59.86,60.21,59.82,59.99,8982100
KO,2024-01-18,59.69,60.23,59.53,60.16,10397700
KO,2024-01-19,60.26,60.28,59.64,59.83,14392600
KO,2024-01-22,59.76,60.07,59.44,59.57,14314300
KO,2024-01-23,59.53,60.0,59.46,59.85,14481600
KO,2024-01-24,59.8,59.81,58.89,58.91,16370500
KO,2024-01-25,59.01,59.17,58.66,59.16,14899700
KO,2024-01-26,59.25,59.49,59.13,59.37,13025100
KO,2024-01-29,59.34,59.79,59.17,59.73,14547100
KO,2024-01-30,59.85,60.02,59.45,59.9,22061500
KO,2024-01-31,60.1,60.45,59.29,59.49,22837000
KO,2024-02-01,59.57,61.01,59.36,60.98,15870900
KO,2024-02-02,60.82,60.87,60.23,60.54,17544900
KO,2024-02-05,60.38,60.38,59.88,60.04,12759600
KO,2024-02-06,59.96,60.05,59.68,59.94,12775200
KO,2024-02-07,60.07,60.21,59.94,59.99,10259900
KO,2024-02-08,59.89,59.97,59.41,59.83,12874800
KO,2024-02-09,59.47,59.58,59.03,59.56,15235300
KO,2024-02-12,59.66,59.76,58.96,59.7,13516800
KO,2024-02-13,59.5,60.66,58.79,59.35,24195700
KO,2024-02-14,59.17,59.59,59.04,59.29,15872500
KO,2024-02-15,59.42,59.59,59.13,59.4,13695800
KO,2024-02-16,59.35,59.62,58.96,59.39,13947100
KO,2024-02-20,59.6,60.84,59.51,60.7,18339300
KO,2024-02-21,60.99,61.28,60.83,61.24,14373000
KO,2024-02-22,60.99,61.25,60.5,61.15,12982800
KO,2024-02-23,61.09,61.62,61.0,61.2,13612900
KO,2024-02-26,61.24,61.27,60.66,60.71,10336100
KO,2024-02-27,60.54,60.78,60.12,60.34,9931100
KO,2024-02-28,60.37,60.49,60.06,60.4,8076500
KO,2024-02-29,60.35,60.64,59.9,60.02,18152700
KO,2024-03-01,59.9,59.9,59.34,59.53,10927600
KO,2024-03-04,59.23,59.95,59.22,59.81,10150200
KO,2024-03-05,59.91,60.11,59.42,59.52,12310000
KO,2024-03-06,59.52,60.0,59.38,59.55,12378800
KO,2024-03-07,59.69,59.77,59.24,59.44,13686900
KO,2024-03-08,59.3,59.79,58.97,59.52,13239000
KO,2024-03-11,59.78,60.29,59.58,60.24,14114300
KO,2024-03-12,60.32,60.75,60.21,60.5,12684600
KO,2024-03-13,60.88,61.21,60.8,61.12,13909500
KO,2024-03-14,60.58,60.8,60.4,60.5,13996600
KO,2024-03-15,60.02,60.45,59.64,59.88,36849900
KO,2024-03-18,59.89,60.4,59.8,60.13,15856700
KO,2024-03-19,60.24,60.35,60.06,60.23,15030600
KO,2024-03-20,60.18,60.81,60.16,60.75,15258800
KO,2024-03-21,60.56,60.99,60.32,60.47,13067100
KO,2024-03-22,60.52,60.79,60.43,60.49,11502800
KO,2024-03-25,60.48,60.71,60.12,60.4,13144700
KO,2024-03-26,60.5,60.71,60.38,60.54,13277400
KO,2024-03-27,60.79,61.43,60.7,61.03,12551200
KO,2024-03-28,61.14,61.26,61.0,61.18,13683500
KO,2024-04-01,61.18,61.3,60.63,60.68,11668700
KO,2024-04-02,60.45,60.73,60.11,60.15,13017300
KO,2024-04-03,60.05,60.39,59.78,59.83,13672900
KO,2024-04-04,60.09,60.15,59.17,59.3,14320700
KO,2024-04-05,59.25,59.68,58.91,59.51,10157800
KO,2024-04-08,59.4,59.47,59.07,59.27,10284500
KO,2024-04-09,59.48,59.74,59.13,59.72,10779100
KO,2024-04-10,59.32,59.39,58.69,58.92,11861900
KO,2024-04-11,59.15,59.37,58.79,59.05,11109000
KO,2024-04-12,58.95,59.01,58.13,58.28,12250900
KO,2024-04-15,58.61,58.81,58.04,58.14,12425000
KO,2024-04-16,58.25,58.38,57.93,58.06,11236800
KO,2024-04-17,58.28,58.56,58.1,58.51,13805100
KO,2024-04-18,58.62,58.98,58.54,58.91,11125900
KO,2024-04-19,59.1,60.36,59.0,60.17,21207900
KO,2024-04-22,60.14,60.63,59.72,60.55,15624500
KO,2024-04-23,60.53,60.68,60.13,60.64,13689100
KO,2024-04-24,60.32,61.65,59.84,61.55,19548300
KO,2024-04-25,61.87,62.59,61.37,61.74,19048500
KO,2024-04-26,61.55,61.93,61.35,61.74,10994300
KO,2024-04-29,61.92,62.05,61.53,62.04,13409300
KO,2024-04-30,62.14,62.83,61.47,61.77,19349200
KO,2024-05-01,61.8,62.57,61.21,61.93,16729800
KO,2024-05-02,62.18,62.4,61.72,61.99,10991300
KO,2024-05-03,61.99,62.33,61.64,62.17,11628700
KO,2024-05-06,62.3,62.38,61.9,62.35,9310700
KO,2024-05-07,62.76,62.82,62.25,62.62,9807000
KO,2024-05-08,62.85,62.97,62.48,62.85,10484400
KO,2024-05-09,62.81,63.15,62.75,62.88,9113700
KO,2024-05-10,62.92,63.36,62.79,63.26,8371700
KO,2024-05-13,63.24,63.62,63.18,63.58,10137600
KO,2024-05-14,63.58,63.76,62.8,63.1,10852200
KO,2024-05-15,63.06,63.39,63.0,63.13,9838900
KO,2024-05-16,63.24,63.73,63.07,63.32,10228000
KO,2024-05-17,63.34,63.37,62.94,63.03,11539000
KO,2024-05-20,62.93,63.01,62.46,62.57,11000900
KO,2024-05-21,62.82,62.98,62.44,62.91,9796200
KO,2024-05-22,62.71,63.02,62.66,63.0,7419400
KO,2024-05-23,62.49,62.88,62.05,62.09,9834300
KO,2024-05-24,62.22,62.42,61.97,62.0,8203100
KO,2024-05-28,61.79,62.13,61.4,61.82,12347000
KO,2024-05-29,61.47,61.88,61.07,61.7,11861800
KO,2024-05-30,61.85,62.08,61.6,61.97,9433800
KO,2024-05-31,61.99,63.03,61.69,62.93,19816600
KO,2024-06-03,62.71,63.09,62.45,62.93,9369000
KO,2024-06-04,63.2,63.97,62.94,63.94,11895600
KO,2024-06-05,63.99,64.07,63.35,63.92,9632500
KO,2024-06-06,63.92,64.36,63.84,64.15,8658500
KO,2024-06-07,64.09,64.22,63.81,63.91,9523100
KO,2024-06-10,63.94,63.99,63.37,63.59,15685300
KO,2024-06-11,63.59,63.65,63.07,63.55,8396000
KO,2024-06-12,63.69,63.69,62.69,62.88,9569600
KO,2024-06-13,62.86,63.04,62.45,62.99,9668900
KO,2024-06-14,62.38,62.69,62.09,62.55,8179200
KO,2024-06-17,62.37,62.9,62.18,62.62,10532700
KO,2024-06-18,62.53,62.82,62.44,62.63,10651700
KO,2024-06-20,62.4,62.74,61.95,62.18,13306300
KO,2024-06-21,62.18,63.1,62.18,62.77,28278100
KO,2024-06-24,62.99,64.06,62.91,63.97,13212500
KO,2024-06-25,63.94,64.07,63.51,63.84,10235300
KO,2024-06-26,63.4,64.11,63.23,64.05,9402500
KO,2024-06-27,64.05,64.27,63.62,63.91,8494100
KO,2024-06-28,63.9,64.06,63.52,63.65,17358800
KO,2024-07-01,64.03,64.3,63.12,63.28,10033400
KO,2024-07-02,63.26,63.38,62.86,63.15,8878200
KO,2024-07-03,63.19,63.67,62.93,63.33,9154200
KO,2024-07-05,63.33,63.79,63.0,63.76,11735500
KO,2024-07-08,63.59,63.59,62.84,62.96,11235100
KO,2024-07-09,63.06,63.23,62.59,62.69,11657500
KO,2024-07-10,62.72,62.86,62.29,62.83,11930400
KO,2024-07-11,62.64,63.46,62.4,63.1,11431600
KO,2024-07-12,63.46,64.11,63.39,63.7,9201500
KO,2024-07-15,63.79,63.94,63.35,63.41,8207500
KO,2024-07-16,63.43,64.31,63.39,64.27,9025100
KO,2024-07-17,64.47,65.39,64.41,65.21,12508200
KO,2024-07-18,64.8,65.81,64.72,65.19,11128200
KO,2024-07-19,65.64,65.64,64.82,65.29,13775700
KO,2024-07-22,65.25,65.29,64.32,64.77,11794200
KO,2024-07-23,65.43,66.04,64.85,64.96,11810300
KO,2024-07-24,65.09,65.97,64.83,65.81,13244600
KO,2024-07-25,66.04,66.89,65.86,66.07,16328600
KO,2024-07-26,66.07,67.11,66.01,67.05,13530100
KO,2024-07-29,66.88,67.03,66.39,66.83,12140200
KO,2024-07-30,66.48,67.83,66.36,67.68,13258000
KO,2024-07-31,67.5,67.61,66.61,66.74,15576800
KO,2024-08-01,67.0,68.11,66.7,67.96,16495900
KO,2024-08-02,68.53,69.67,67.69,69.33,22514800
KO,2024-08-05,68.99,69.55,67.73,68.1,25484300
KO,2024-08-06,68.15,68.84,67.77,68.05,12969100
KO,2024-08-07,68.05,69.18,67.83,68.46,13365300
KO,2024-08-08,68.0,68.86,67.85,68.73,15240900
KO,2024-08-09,68.7,68.79,68.25,68.68,12080400
KO,2024-08-12,68.45,68.54,67.83,68.17,11012300
KO,2024-08-13,68.08,68.61,68.01,68.46,9877600
KO,2024-08-14,68.23,68.89,68.13,68.58,14328000
KO,2024-08-15,68.62,68.92,68.5,68.65,11285100
KO,2024-08-16,68.84,69.3,68.64,69.18,12651200
KO,2024-08-19,69.35,69.42,68.85,68.98,9843900
KO,2024-08-20,68.99,69.39,68.77,69.38,11957400
KO,2024-08-21,69.48,70.13,69.33,69.57,8792400
KO,2024-08-22,69.92,69.92,68.79,69.33,12509200
KO,2024-08-23,69.4,69.85,68.94,69.79,11834700
KO,2024-08-26,69.83,70.92,69.73,70.84,12912200
KO,2024-08-27,71.32,71.53,71.05,71.5,16988400
KO,2024-08-28,71.61,71.81,71.3,71.75,13272600
KO,2024-08-29,71.9,72.22,71.23,72.05,17201700
KO,2024-08-30,72.2,72.57,71.78,72.47,18624200
KO,2024-09-03,72.44,73.29,72.25,73.01,14755800
KO,2024-09-04,73.3,73.53,71.91,72.56,18140800
KO,2024-09-05,72.62,72.68,70.98,71.17,23866100
KO,2024-09-06,70.99,71.67,70.89,71.14,17485700
KO,2024-09-09,71.23,72.31,70.98,71.85,12939300
KO,2024-09-10,71.97,72.42,71.52,71.55,10277600
KO,2024-09-11,71.36,71.37,70.57,71.08,11418200
KO,2024-09-12,71.0,71.38,70.66,71.23,12337800
KO,2024-09-13,70.84,71.47,70.48,71.41,11073800
KO,2024-09-16,71.77,72.24,71.62,72.1,10786500
KO,2024-09-17,71.9,72.35,71.72,71.8,12974400
KO,2024-09-18,71.89,72.38,71.27,71.75,10719700
KO,2024-09-19,71.56,71.94,70.6,70.62,13635600
KO,2024-09-20,70.41,71.8,70.38,71.64,48578500
KO,2024-09-23,71.55,72.2,71.18,71.73,11613000
KO,2024-09-24,71.22,71.82,70.6,71.33,13330600
KO,2024-09-25,71.71,71.92,71.31,71.45,12329100
KO,2024-09-26,70.86,71.61,70.84,71.4,10815200
KO,2024-09-27,71.54,72.2,71.46,71.79,11175700
KO,2024-09-30,72.0,72.2,71.69,71.86,18015300
KO,2024-10-01,72.1,72.75,71.63,71.71,13294500
KO,2024-10-02,71.39,71.43,70.41,71.01,11155500
KO,2024-10-03,70.86,70.99,70.2,70.52,9374800
KO,2024-10-04,69.96,70.28,69.72,70.17,12684800
KO,2024-10-07,70.05,70.1,68.87,69.01,14512000
KO,2024-10-08,69.04,69.44,68.86,69.18,13549700
KO,2024-10-09,69.19,69.74,69.07,69.57,9037700
KO,2024-10-10,69.83,69.91,68.99,69.25,8635200
KO,2024-10-11,69.46,69.59,69.0,69.57,8786300
KO,2024-10-14,69.57,70.47,69.47,70.34,7659300
KO,2024-10-15,70.46,71.21,70.16,70.34,10358700
KO,2024-10-16,70.09,70.7,69.97,70.57,7937300
KO,2024-10-17,70.63,70.69,69.58,69.9,14674600
KO,2024-10-18,69.87,70.55,69.61,70.44,15087500
KO,2024-10-21,70.0,70.33,69.31,69.45,11981200
KO,2024-10-22,69.0,69.75,68.68,69.45,18603300
KO,2024-10-23,66.99,68.7,66.58,68.01,24655200
KO,2024-10-24,67.65,68.04,66.95,67.3,17568800
KO,2024-10-25,67.07,67.7,66.79,66.92,11138100
KO,2024-10-28,66.96,67.4,66.6,66.67,10761400
KO,2024-10-29,66.29,66.34,65.52,65.56,16525900
KO,2024-10-30,65.51,66.54,65.32,65.92,14177800
KO,2024-10-31,65.81,65.99,65.26,65.31,13383700
KO,2024-11-01,65.47,65.66,64.89,65.01,12163100
KO,2024-11-04,65.08,65.42,64.65,65.11,10984500
KO,2024-11-05,64.64,65.47,64.64,65.37,8780200
KO,2024-11-06,64.42,64.86,63.18,63.7,22899300
KO,2024-11-07,64.29,64.39,63.6,63.66,14856100
KO,2024-11-08,63.91,64.24,63.74,63.92,14719300
KO,2024-11-11,63.99,64.12,63.25,63.36,13980900
KO,2024-11-12,63.68,63.75,63.12,63.2,15021000
KO,2024-11-13,63.05,63.26,62.49,63.0,13177600
KO,2024-11-14,63.11,63.11,62.43,62.55,15910800
KO,2024-11-15,62.49,62.63,61.39,61.74,26284300
KO,2024-11-18,61.85,62.14,61.56,61.86,16062100
KO,2024-11-19,61.9,62.62,61.63,62.59,16254800
KO,2024-11-20,62.7,63.01,62.02,62.99,18904900
KO,2024-11-21,63.15,63.81,62.95,63.76,17292300
KO,2024-11-22,64.24,64.48,63.65,63.92,19562200
KO,2024-11-25,64.32,64.71,63.84,64.38,36805300
KO,2024-11-26,64.31,64.64,64.06,64.55,14473300
KO,2024-11-27,64.96,65.1,64.25,64.43,13263400
KO,2024-11-29,64.02,64.25,63.77,64.08,10648400
KO,2024-12-02,64.05,64.19,63.35,63.65,16500100
KO,2024-12-03,63.72,64.08,63.03,63.52,24874500
KO,2024-12-04,63.28,63.35,61.9,62.21,28137700
KO,2024-12-05,62.47,63.12,62.1,62.92,21040400
KO,2024-12-06,62.83,63.36,62.51,62.53,15581100
KO,2024-12-09,62.69,62.93,61.9,62.6,22348300
KO,2024-12-10,62.7,63.04,61.79,62.91,14949400
KO,2024-12-11,63.0,63.63,62.4,62.64,32819000
KO,2024-12-12,63.55,63.92,63.22,63.84,17542100
KO,2024-12-13,63.57,63.84,63.11,63.12,13429000
KO,2024-12-16,63.23,63.86,62.35,62.55,24559700
KO,2024-12-17,62.45,63.55,62.32,63.4,21902400
KO,2024-12-18,62.81,63.64,62.79,62.85,20946100
KO,2024-12-19,62.7,63.17,62.4,62.45,21300600
KO,2024-12-20,62.47,63.06,62.28,62.55,42458100
KO,2024-12-23,62.5,62.76,61.53,62.38,13010800
KO,2024-12-24,62.2,62.84,62.01,62.84,5019100
KO,2024-12-26,62.62,62.74,62.4,62.57,7943800
KO,2024-12-27,62.45,62.95,62.21,62.45,8542800
KO,2024-12-30,62.34,62.34,61.68,62.03,8972200
KO,2024-12-31,62.02,62.43,61.8,62.26,9256700
KO,2025-01-02,62.35,62.75,61.62,61.84,12991000
KO,2025-01-03,61.9,62.08,61.62,61.75,10403200
KO,2025-01-06,61.5,61.57,60.66,60.81,17924200
KO,2025-01-07,61.11,61.72,60.62,60.84,17799600
KO,2025-01-08,60.99,61.77,60.93,61.71,14412400
KO,2025-01-10,61.58,61.65,60.73,61.07,22425000
KO,2025-01-13,61.13,61.85,60.71,61.65,18016200
KO,2025-01-14,61.66,62.07,61.3,62.04,16658300
KO,2025-01-15,62.33,62.62,61.68,61.77,16187200
KO,2025-01-16,61.42,62.3,61.32,62.25,12585500
KO,2025-01-17,62.31,62.77,62.17,62.71,17948900
KO,2025-01-21,62.9,63.23,62.3,62.42,19817100
KO,2025-01-22,62.12,62.29,61.66,61.78,18191900
KO,2025-01-23,61.8,61.98,61.37,61.53,16528400
KO,2025-01-24,61.72,62.01,61.44,61.92,19244600
KO,2025-01-27,62.87,64.18,62.47,63.87,20742900
KO,2025-01-28,63.51,64.04,62.28,62.36,14956000
KO,2025-01-29,62.56,63.36,62.55,62.83,11325600
KO,2025-01-30,63.85,64.29,63.23,64.05,13201000
KO,2025-01-31,63.7,63.93,63.39,63.48,12096800
KO,2025-02-03,63.18,63.63,62.43,63.35,12067900
KO,2025-02-04,63.61,63.63,62.35,62.67,15678000
KO,2025-02-05,62.72,63.29,62.59,63.12,10686800
KO,2025-02-06,63.62,63.74,62.91,63.36,13423400
KO,2025-02-07,63.43,63.92,63.27,63.84,13184700
KO,2025-02-10,64.1,64.65,63.66,64.55,16154300
KO,2025-02-11,67.5,67.67,66.41,67.6,30589100
KO,2025-02-12,66.87,68.82,66.87,68.71,26033800
KO,2025-02-13,69.0,69.61,68.76,69.5,24393100
KO,2025-02-14,69.36,70.03,68.76,68.87,20779100
KO,2025-02-18,68.55,69.37,68.42,69.05,15569100
KO,2025-02-19,69.21,70.13,69.17,70.07,16032300
KO,2025-02-20,69.71,70.07,69.42,70.04,13398000
KO,2025-02-21,70.32,71.6,70.13,71.35,21662300
KO,2025-02-24,70.84,71.73,70.33,70.59,21418400
KO,2025-02-25,70.86,71.77,70.73,71.49,21555600
KO,2025-02-26,71.27,71.28,70.53,70.8,14531200
KO,2025-02-27,70.72,71.54,70.42,70.87,16789500
KO,2025-02-28,71.45,71.57,70.56,71.21,22167400
KO,2025-03-03,70.24,72.36,69.73,72.32,21717600
KO,2025-03-04,72.07,72.65,69.88,70.19,25411900
KO,2025-03-05,69.9,70.74,69.84,70.08,23933600
KO,2025-03-06,70.41,70.53,69.45,70.46,21694000
KO,2025-03-07,69.65,71.82,69.65,71.43,28393300
KO,2025-03-10,71.96,73.22,71.32,71.45,25251200
KO,2025-03-11,71.88,72.04,70.61,71.04,28076400
KO,2025-03-12,70.37,70.73,69.74,69.94,18923300
KO,2025-03-13,70.25,70.25,69.28,69.62,15746600
KO,2025-03-14,68.51,69.26,68.38,69.16,14205100
KO,2025-03-17,69.24,70.17,69.08,70.12,15634800
KO,2025-03-18,70.11,70.19,69.3,69.38,12657600
KO,2025-03-19,68.55,69.38,68.54,69.28,14780000
KO,2025-03-20,69.31,69.81,69.09,69.71,16295300
KO,2025-03-21,69.71,69.97,68.18,68.67,47479500
KO,2025-03-24,68.8,69.08,68.33,68.95,12575400
KO,2025-03-25,68.95,69.08,68.6,68.81,12513900
KO,2025-03-26,68.92,70.35,68.9,70.02,14478200
KO,2025-03-27,70.18,70.99,70.07,70.74,11663400
KO,2025-03-28,70.81,71.32,69.53,70.37,17412900
KO,2025-03-31,70.73,71.94,70.49,71.62,24016900
KO,2025-04-01,71.68,71.91,71.19,71.87,15309100
KO,2025-04-02,71.96,72.36,71.05,71.33,14606500
KO,2025-04-03,72.48,73.95,72.32,73.18,24959600
KO,2025-04-04,72.42,73.01,69.79,69.93,26517300
KO,2025-04-07,66.23,69.38,66.05,68.37,34258400
KO,2025-04-08,68.96,69.98,67.76,68.42,22774400
KO,2025-04-09,67.92,70.47,67.28,69.95,27918700
KO,2025-04-10,70.19,71.21,68.98,70.76,22450200
KO,2025-04-11,70.91,71.85,70.54,71.43,19988200
KO,2025-04-14,71.3,72.66,70.93,72.45,13930200
KO,2025-04-15,72.62,72.63,71.72,71.86,14965500
KO,2025-04-16,72.36,72.67,71.39,71.68,15276200
KO,2025-04-17,71.9,73.43,71.72,73.0,20754500
KO,2025-04-21,73.38,73.47,71.82,72.77,16037200
KO,2025-04-22,73.0,74.38,72.92,73.9,15613500
KO,2025-04-23,73.29,73.95,72.38,73.3,16353900
KO,2025-04-24,73.02,73.43,72.3,72.52,16893900
KO,2025-04-25,72.65,72.92,71.13,71.91,16316000
KO,2025-04-28,72.08,72.26,71.31,71.79,15997500
KO,2025-04-29,71.19,72.71,70.28,72.35,16244100
KO,2025-04-30,73.35,73.48,71.69,72.55,21074700
KO,2025-05-01,72.0,72.04,71.23,71.29,18034200
KO,2025-05-02,71.5,71.82,71.1,71.65,12629600
KO,2025-05-05,71.67,71.8,71.01,71.7,11932700
KO,2025-05-06,71.68,71.9,71.16,71.72,12705500
KO,2025-05-07,71.72,72.69,71.67,72.4,15018200
KO,2025-05-08,72.2,72.47,71.13,71.17,14371100
KO,2025-05-09,70.99,71.15,70.46,70.52,11228900
KO,2025-05-12,70.15,70.33,68.7,69.53,21539000
KO,2025-05-13,69.59,69.69,68.87,68.96,14389100
KO,2025-05-14,68.88,69.34,68.58,69.16,16286800
KO,2025-05-15,69.7,71.73,69.6,71.61,19817100
KO,2025-05-16,71.86,72.26,71.43,72.0,18441200
KO,2025-05-19,72.03,72.17,71.64,71.93,13282800
KO,2025-05-20,71.8,72.13,71.43,71.69,12137800
KO,2025-05-21,71.69,72.08,71.58,71.85,12094400
KO,2025-05-22,71.84,71.99,70.96,71.14,11101800
KO,2025-05-23,71.54,71.98,70.69,71.77,12822100
KO,2025-05-27,71.74,72.22,71.56,71.78,10666100
KO,2025-05-28,71.7,71.9,71.05,71.15,8710900
KO,2025-05-29,71.0,71.66,70.46,71.49,10291100
KO,2025-05-30,71.61,72.47,71.61,72.1,28019500
KO,2025-06-02,72.03,72.04,71.36,72.0,10202700
KO,2025-06-03,71.71,71.78,70.47,71.16,20139800
KO,2025-06-04,71.26,71.85,70.68,71.37,13565900
KO,2025-06-05,71.38,71.46,70.83,70.91,13531400
KO,2025-06-06,71.08,71.48,70.94,71.35,9524000
KO,2025-06-09,71.35,71.83,71.09,71.77,12281300
KO,2025-06-10,71.9,72.69,71.76,72.35,12265000
KO,2025-06-11,72.27,72.36,71.76,72.07,12718500
KO,2025-06-12,72.25,72.4,71.6,72.24,12806900
KO,2025-06-13,71.77,71.88,70.73,71.02,17467200
KO,2025-06-16,71.2,71.62,70.24,70.52,15045900
KO,2025-06-17,70.38,70.46,69.58,69.62,15437000
KO,2025-06-18,70.0,70.0,69.09,69.21,16227600
KO,2025-06-20,69.09,69.56,68.78,68.84,40859400
KO,2025-06-23,69.14,69.81,68.97,69.74,21822800
KO,2025-06-24,69.94,70.35,69.69,70.21,15216100
KO,2025-06-25,69.93,70.02,69.43,69.63,12540400
KO,2025-06-26,69.7,69.92,69.15,69.47,14454100
KO,2025-06-27,69.59,70.56,69.47,70.33,23470700
KO,2025-06-30,70.13,70.79,70.09,70.75,15429000
KO,2025-07-01,70.99,72.45,70.9,71.67,21729300
KO,2025-07-02,71.69,71.83,70.74,70.91,13050200
KO,2025-07-03,71.04,71.4,70.45,71.35,9440500
KO,2025-07-07,71.37,71.37,70.8,71.01,16984700
KO,2025-07-08,70.68,70.68,69.88,70.24,17115500
KO,2025-07-09,70.16,70.25,68.97,69.48,33704100
KO,2025-07-10,69.29,69.85,69.16,69.77,14608400
KO,2025-07-11,69.57,70.16,69.25,69.87,12916700
KO,2025-07-14,69.8,70.08,69.27,69.47,13983200
KO,2025-07-15,69.51,69.55,69.15,69.36,12639800
KO,2025-07-16,69.35,69.5,68.79,69.27,13178300
KO,2025-07-17,69.81,70.69,69.51,70.59,20464700
KO,2025-07-18,70.44,70.7,69.83,69.85,14928000
KO,2025-07-21,70.19,70.62,69.93,70.07,17811700
KO,2025-07-22,69.45,70.26,68.69,69.66,22339900
KO,2025-07-23,69.66,69.74,68.6,69.16,21030000
KO,2025-07-24,69.26,69.55,68.99,69.1,12511400
KO,2025-07-25,69.13,69.23,68.75,69.17,12574800
KO,2025-07-28,68.74,68.9,68.06,68.09,13668800
KO,2025-07-29,68.34,69.42,68.15,69.38,16223400
KO,2025-07-30,69.11,69.33,68.53,68.75,10448200
KO,2025-07-31,68.15,68.65,67.74,67.89,17193400
KO,2025-08-01,68.6,69.04,68.27,68.86,16107500
KO,2025-08-04,68.72,69.08,68.31,68.96,10701500
KO,2025-08-05,68.9,69.49,68.75,69.05,11993400
KO,2025-08-06,69.12,69.8,68.63,69.51,10783000
KO,2025-08-07,69.46,70.72,69.33,70.43,15790800
KO,2025-08-08,70.36,70.87,70.08,70.34,9232700
KO,2025-08-11,70.3,70.86,69.96,70.75,10909400
KO,2025-08-12,70.82,71.06,70.22,70.71,11061100
KO,2025-08-13,70.69,70.77,70.23,70.46,10356500
KO,2025-08-14,70.38,70.46,69.39,69.55,10722400
KO,2025-08-15,69.74,70.39,69.57,69.92,12381100
KO,2025-08-18,69.98,70.05,69.05,69.13,14094900
KO,2025-08-19,69.3,70.22,69.24,70.13,13862200
KO,2025-08-20,70.74,71.71,70.41,70.7,17530800
KO,2025-08-21,70.6,70.91,70.33,70.66,8840400
KO,2025-08-22,70.96,71.02,69.92,70.13,12999600
KO,2025-08-25,70.11,70.23,68.72,68.93,13634600
KO,2025-08-26,69.04,69.08,68.58,68.73,17964200
KO,2025-08-27,68.82,68.87,68.47,68.83,11562700
KO,2025-08-28,68.88,68.9,68.28,68.36,16209900
KO,2025-08-29,68.67,69.14,68.43,68.99,14601100
KO,2025-09-02,68.96,69.34,68.26,69.06,24770100
KO,2025-09-03,68.66,69.1,67.37,68.99,33581500
KO,2025-09-04,69.11,69.46,68.11,68.25,16736000
KO,2025-09-05,68.01,68.58,67.87,67.96,23978000
KO,2025-09-08,67.86,67.88,67.16,67.43,21671700
KO,2025-09-09,67.28,68.11,67.28,67.86,14120600
KO,2025-09-10,67.79,68.09,67.21,67.82,16041900
KO,2025-09-11,67.92,68.17,67.58,67.62,15128700
KO,2025-09-12,67.6,67.72,66.94,67.01,18712400
KO,2025-09-15,66.68,66.78,66.1,66.21,15986100
KO,2025-09-16,66.35,66.51,66.06,66.24,18555900
KO,2025-09-17,66.41,67.13,66.41,67.04,17372300
KO,2025-09-18,66.8,67.04,66.35,66.46,17722900
KO,2025-09-19,66.49,66.73,66.05,66.43,31192900
KO,2025-09-22,66.16,66.59,66.08,66.21,13298700
KO,2025-09-23,66.35,66.76,65.9,66.71,15072800
KO,2025-09-24,66.41,66.78,65.96,66.45,14759300
KO,2025-09-25,66.75,66.92,65.95,65.98,14395000
KO,2025-09-26,66.07,66.33,65.5,65.67,17821600
KO,2025-09-29,65.67,66.1,65.35,66.04,14818500
KO,2025-09-30,66.07,66.64,65.96,66.32,13815000
KO,2025-10-01,66.51,66.83,66.29,66.78,14877500
KO,2025-10-02,66.53,66.65,65.86,66.1,14350700
KO,2025-10-03,66.1,66.99,66.04,66.65,12249200
KO,2025-10-06,66.49,66.5,65.84,66.1,14333300
KO,2025-10-07,66.22,67.26,65.87,66.79,13328300
KO,2025-10-08,66.67,66.87,66.06,66.12,12606700
KO,2025-10-09,66.29,66.8,66.12,66.37,12705200
KO,2025-10-10,66.52,67.4,66.38,67.04,17991700
KO,2025-10-13,66.23,66.8,66.0,66.8,13690000
KO,2025-10-14,66.87,67.57,66.75,67.51,14245600
KO,2025-10-15,67.27,67.72,66.92,67.08,11193700
KO,2025-10-16,67.18,68.11,67.16,67.59,15707200
KO,2025-10-17,68.0,68.5,67.8,68.44,15541800
KO,2025-10-20,68.43,68.64,67.92,68.44,17786800
KO,2025-10-21,70.57,71.39,70.23,71.22,33651300
KO,2025-10-22,71.36,71.62,70.51,70.81,18293000
KO,2025-10-23,70.81,70.93,69.72,69.94,13989400
KO,2025-10-24,69.91,70.05,69.65,69.71,15688200
KO,2025-10-27,69.78,70.12,69.25,70.06,13800000
KO,2025-10-28,70.05,70.9,69.95,70.16,12730500
KO,2025-10-29,69.92,70.03,68.16,68.35,19789600
KO,2025-10-30,68.45,69.29,68.39,68.98,14751700
KO,2025-10-31,68.55,69.07,67.9,68.9,16742700
KO,2025-11-03,68.8,68.89,67.66,67.97,15660400
KO,2025-11-04,68.47,68.73,68.16,68.66,12743800
KO,2025-11-05,68.66,68.83,68.18,68.51,12850100
KO,2025-11-06,68.3,69.14,67.92,69.06,15906700
KO,2025-11-07,69.81,70.87,69.41,70.55,25108300
KO,2025-11-10,70.01,70.66,69.44,70.52,15318000
KO,2025-11-11,70.98,71.75,70.66,71.61,16160200
KO,2025-11-12,71.49,71.89,71.34,71.51,13612600
KO,2025-11-13,71.42,71.67,71.0,71.07,14002800
KO,2025-11-14,71.41,71.64,70.6,71.16,13172000
KO,2025-11-17,71.2,71.53,70.62,70.68,14772300
KO,2025-11-18,70.99,71.34,70.57,71.22,12838900
KO,2025-11-19,71.2,71.45,70.81,71.11,12401500
KO,2025-11-20,70.95,71.48,70.61,71.21,15396500
KO,2025-11-21,71.68,73.19,71.49,72.95,26492500
KO,2025-11-24,73.16,73.16,71.57,72.59,39818600
KO,2025-11-25,72.8,72.93,72.14,72.61,17451200
KO,2025-11-26,72.6,73.09,72.39,72.88,11795100
KO,2025-11-28,73.0,73.23,72.76,73.12,7423000
KO,2025-12-01,72.6,72.91,71.93,71.95,14388100
KO,2025-12-02,71.8,71.8,70.43,70.67,19871300
KO,2025-12-03,70.88,71.4,70.61,70.81,17001700
KO,2025-12-04,70.83,71.34,70.37,70.45,17710000
KO,2025-12-05,70.32,70.71,69.87,70.0,13978200
KO,2025-12-08,69.84,70.38,69.49,70.25,17775100
KO,2025-12-09,70.37,70.63,69.83,70.09,13010600
KO,2025-12-10,70.39,70.53,69.78,70.21,29789400
KO,2025-12-11,70.55,70.69,68.79,69.11,23124200
KO,2025-12-12,69.11,70.62,69.04,70.52,18444500
KO,2025-12-15,70.43,71.32,70.32,70.97,18660100
KO,2025-12-16,71.3,71.3,70.32,70.37,17370000
KO,2025-12-17,70.57,70.92,70.31,70.67,13672700
KO,2025-12-18,70.27,70.8,70.17,70.36,15524800
KO,2025-12-19,70.06,70.77,70.03,70.06,36911100
KO,2025-12-22,69.93,70.22,69.66,70.21,12828500
KO,2025-12-23,70.2,70.26,69.69,69.87,9471000
KO,2025-12-24,69.9,70.16,69.75,70.11,4515300
KO,2025-12-26,69.95,70.16,69.73,69.87,5711400
KO,2025-12-29,70.0,70.42,69.85,70.16,9686900
KO,2025-12-30,70.0,70.24,69.8,70.07,8610900
KO,2025-12-31,70.07,70.16,69.88,69.91,8127800
KO,2026-01-02,69.85,69.87,68.98,69.12,12151300
KO,2026-01-05,68.92,68.92,67.92,67.94,21186600
KO,2026-01-06,68.01,68.25,67.59,67.84,21019900
KO,2026-01-07,67.99,68.07,67.27,67.54,20223400
KO,2026-01-08,67.54,69.46,67.45,69.37,19237000
KO,2026-01-09,69.43,70.66,69.12,70.51,19638600
KO,2026-01-12,70.9,70.97,70.24,70.5,20582500
KO,2026-01-13,70.42,71.24,70.27,71.24,18324800
KO,2026-01-14,71.17,71.71,70.81,71.44,16739100
KO,2026-01-15,71.59,71.6,70.37,70.48,15464100
KO,2026-01-16,70.29,70.74,70.04,70.44,20027500
KO,2026-01-20,70.0,71.78,69.79,71.75,22152200
KO,2026-01-21,71.98,72.24,70.83,72.01,21660600
KO,2026-01-22,71.83,72.04,71.44,71.87,13962800
KO,2026-01-23,72.02,73.06,71.78,72.88,18307100
KO,2026-01-26,72.86,73.3,72.54,72.56,14017400
KO,2026-01-27,72.44,73.56,72.27,73.55,13239200
KO,2026-01-28,73.21,73.62,72.57,73.06,14633700
KO,2026-01-29,73.18,74.09,73.14,73.43,20862100
KO,2026-01-30,73.71,74.9,73.54,74.81,26420500
KO,2026-02-02,75.01,75.7,74.4,75.33,19301500
KO,2026-02-03,75.27,77.5,75.13,76.89,27007100
KO,2026-02-04,77.27,78.11,77.08,77.35,28607300
KO,2026-02-05,77.82,78.86,77.59,78.51,21633500
KO,2026-02-06,78.5,79.2,78.26,79.03,18512400
KO,2026-02-09,78.67,79.11,77.54,77.97,23415600
KO,2026-02-10,76.63,77.51,76.01,76.81,28848200
KO,2026-02-11,76.88,79.05,76.58,78.6,22649700
KO,2026-02-12,78.98,80.41,78.79,79.0,26043500
KO,2026-02-13,78.45,79.4,78.13,78.68,16711900
KO,2026-02-17,78.99,79.64,78.74,79.56,16260200
KO,2026-02-18,79.5,79.84,78.92,79.49,16304900
KO,2026-02-19,79.46,79.67,78.59,78.91,14924700
KO,2026-02-20,79.33,79.84,78.89,79.84,17175100
KO,2026-02-23,79.52,80.85,79.5,80.56,17157700
KO,2026-02-24,80.54,81.09,79.85,80.72,16448500
KO,2026-02-25,80.4,80.69,79.56,80.47,18086900
KO,2026-02-26,80.75,80.89,80.02,80.5,12843200
KO,2026-02-27,80.94,82.0,80.82,81.56,28483500
KO,2026-03-02,81.25,81.4,80.15,80.22,18137200
KO,2026-03-03,79.86,80.08,78.56,79.34,20549300
KO,2026-03-04,79.29,79.47,77.75,78.1,21011800
KO,2026-03-05,77.68,77.72,76.5,77.03,23165700
KO,2026-03-06,76.8,77.19,76.35,77.04,15516000
KO,2026-03-09,76.62,78.07,76.53,77.8,18554100
KO,2026-03-10,77.48,78.41,77.1,77.88,17243900
KO,2026-03-11,77.71,77.71,76.6,77.63,11546800
KO,2026-03-12,77.42,78.16,76.9,77.61,16842200
KO,2026-03-13,77.47,78.05,77.19,77.34,11974500
KO,2026-03-16,78.0,78.43,77.74,77.82,11761200
KO,2026-03-17,78.0,78.3,77.45,77.58,14900100
KO,2026-03-18,77.08,77.13,75.85,75.97,13134600
KO,2026-03-19,76.0,76.45,75.53,75.55,13023300
KO,2026-03-20,75.57,76.05,74.39,74.75,33298700
KO,2026-03-23,75.34,75.45,74.55,75.11,15054900
KO,2026-03-24,74.86,75.69,74.63,74.67,15653700
KO,2026-03-25,74.59,75.65,74.07,75.25,14787900
KO,2026-03-26,75.19,75.75,74.65,74.69,11202100
KO,2026-03-27,74.82,76.05,74.7,75.71,17461000
KO,2026-03-30,75.93,77.0,75.72,76.27,18502800
KO,2026-03-31,76.53,77.02,75.51,76.05,18301800
KO,2026-04-01,76.15,76.36,75.26,76.08,15834300
KO,2026-04-02,76.58,76.96,76.12,76.72,14573400
KO,2026-04-06,76.64,77.28,76.22,77.22,8259900
KO,2026-04-07,77.2,77.6,75.63,75.91,12769200
KO,2026-04-08,75.81,77.37,75.32,77.29,12331300
KO,2026-04-09,76.65,78.29,76.37,78.18,14311000
KO,2026-04-10,77.98,78.17,77.31,77.47,11081400
KO,2026-04-13,77.32,77.45,75.83,76.41,12696200
KO,2026-04-14,75.97,76.62,75.8,75.9,12397600
KO,2026-04-15,75.74,75.74,74.72,75.31,16212100
KO,2026-04-16,75.03,75.84,74.9,75.18,11501900
KO,2026-04-17,74.95,76.06,74.8,75.74,15033900
KO,2026-04-20,75.82,76.22,75.36,75.48,10141800
KO,2026-04-21,75.48,75.53,74.62,74.7,11806900
KO,2026-04-22,74.9,75.38,74.55,74.63,9352300
KO,2026-04-23,75.44,76.66,75.16,76.28,12060300
KO,2026-04-24,76.71,77.01,76.17,76.63,12008700
KO,2026-04-27,76.71,76.71,75.4,75.44,15812200
KO,2026-04-28,79.52,80.32,78.08,78.35,30710700
KO,2026-04-29,78.37,79.28,78.19,78.87,18294700
KO,2026-04-30,78.8,79.12,78.33,78.76,15142200
KO,2026-05-01,79.29,79.64,78.04,78.58,12610400
KO,2026-05-04,78.06,78.77,77.73,78.19,12672400
KO,2026-05-05,78.19,78.78,77.74,78.48,11637500
KO,2026-05-06,78.78,79.33,78.57,79.23,14060300
KO,2026-05-07,78.79,79.15,78.1,78.43,16531400
KO,2026-05-08,78.57,79.2,78.12,78.42,12447200
KO,2026-05-11,78.16,78.73,77.84,78.66,10967900
KO,2026-05-12,79.0,80.32,78.28,80.03,19883100
KO,2026-05-13,79.87,81.03,79.84,80.26,12357000
KO,2026-05-14,80.73,80.92,79.91,80.45,10642000
KO,2026-05-15,81.36,81.36,80.45,80.82,17527200
KO,2026-05-18,80.87,81.39,80.39,81.2,12375500
KO,2026-05-19,81.41,82.66,81.26,81.92,16595200
KO,2026-05-20,82.17,82.4,81.52,81.55,16999700
KO,2026-05-21,81.79,81.8,80.72,81.17,15708400
KO,2026-05-22,81.18,81.68,80.92,81.48,8240200
KO,2026-05-26,80.84,81.6,80.24,80.46,13004200
KO,2026-05-27,81.1,82.51,80.8,81.62,13209600
KO,2026-05-28,81.32,81.76,80.34,80.41,14691400
KO,2026-05-29,80.04,80.33,78.91,79.01,32477000
KO,2026-06-01,78.58,79.2,78.43,78.64,12776300
KO,2026-06-02,78.88,79.2,78.25,78.41,12533200
KO,2026-06-03,78.29,79.03,78.11,78.76,14964300
KO,2026-06-04,79.78,80.04,76.81,76.82,19361600
KO,2026-06-05,77.51,80.74,77.48,79.48,25708100
KO,2026-06-08,79.31,79.93,79.1,79.54,12828900
KO,2026-06-09,79.55,81.76,79.38,81.34,20591600
KO,2026-06-10,82.68,83.85,82.12,83.59,20880500
KO,2026-06-11,83.92,84.04,82.49,82.53,14264500
KO,2026-06-12,82.71,82.89,81.87,82.62,11757700
KO,2026-06-15,81.08,81.2,80.25,80.91,20055200
KO,2026-06-16,81.15,81.39,79.84,80.28,17565100
KO,2026-06-17,79.95,80.33,78.99,79.93,17055400
KO,2026-06-18,79.87,80.01,78.74,79.39,46857900
KO,2026-06-22,79.25,80.06,79.06,79.53,21205900
KO,2026-06-23,81.33,81.33,79.83,80.31,16854000
KO,2026-06-24,80.89,81.58,80.56,80.6,20632600
KO,2026-06-25,80.53,81.38,79.97,80.42,16021400
KO,2026-06-26,80.96,82.81,80.7,82.63,53357500
KO,2026-06-29,82.83,83.62,82.21,82.65,15015800
KO,2026-06-30,82.5,82.54,81.01,81.27,16422100
KO,2026-07-01,81.7,81.98,80.96,81.29,21734800
KO,2026-07-02,81.63,84.14,81.4,84.14,18308400
KO,2026-07-06,84.1,84.56,82.32,82.96,18992600
KO,2026-07-07,84.6,85.68,83.64,84.05,17835200
KO,2026-07-08,84.17,84.83,83.27,83.4,14160000
KO,2026-07-09,82.09,82.82,81.71,82.63,15782500
KO,2026-07-10,82.73,83.74,82.41,83.49,10694600
KO,2026-07-13,83.9,84.68,83.67,84.25,12085800
KO,2026-07-14,84.17,84.63,83.08,83.08,13775400
KO,2026-07-15,82.93,83.24,82.23,82.45,18383800
KO,2026-07-16,83.5,84.95,83.28,84.92,17889900
KO,2026-07-17,85.37,85.56,80.83,81.56,32903000
KO,2026-07-20,81.55,82.37,81.3,82.12,14967200
KO,2026-07-21,81.97,82.4,81.32,81.97,12949400
KO,2026-07-22,82.85,82.92,81.96,82.2,11701300
KO,2026-07-23,81.67,81.87,80.88,81.17,13755600
KO,2026-07-24,81.57,82.33,80.9,82.25,11980400
KO,2026-07-27,83.08,84.14,82.5,84.07,19937600
KO,2026-07-28,88.3,90.22,86.25,88.27,34982900
KO,2026-07-29,88.65,90.92,88.64,89.08,21711700
KO,2026-07-30,87.63,88.64,87.21,88.49,17616100
KO,2026-07-31,87.66,88.0,86.82,87.59,14725900
KO,2026-08-03,88.48,88.48,86.63,86.86,23197100
KO,2026-08-04,85.79,86.68,85.16,86.56,17085700
KO,2026-08-05,87.05,87.15,86.19,86.83,15868600
KO,2026-08-06,87.86,87.97,86.42,86.85,13568500
KO,2026-08-07,86.51,87.17,86.19,87.05,11217500
