ticker,data,abertura,maxima,minima,fechamento,volume
PETR4.SA,2024-08-02,36.72,36.8,35.73,35.73,36483900
PETR4.SA,2024-08-05,34.8,35.7,34.6,35.7,44765900
PETR4.SA,2024-08-06,35.6,36.66,35.34,36.32,36009000
PETR4.SA,2024-08-07,36.7,36.75,36.0,36.27,25020500
PETR4.SA,2024-08-08,36.35,36.95,36.16,36.85,29870300
PETR4.SA,2024-08-09,36.13,36.95,35.58,36.51,66082100
PETR4.SA,2024-08-12,36.8,37.81,36.8,37.34,39655100
PETR4.SA,2024-08-13,37.53,37.63,36.97,37.11,28557200
PETR4.SA,2024-08-14,37.19,38.0,37.16,37.76,37955500
PETR4.SA,2024-08-15,38.05,38.56,38.0,38.34,33409000
PETR4.SA,2024-08-16,38.17,38.77,38.03,38.5,35472700
PETR4.SA,2024-08-19,38.6,38.79,38.4,38.44,28138200
PETR4.SA,2024-08-20,38.5,38.68,37.89,38.29,27322600
PETR4.SA,2024-08-21,38.68,38.79,37.94,38.06,38491900
PETR4.SA,2024-08-22,37.28,37.3,36.86,37.12,26334300
PETR4.SA,2024-08-23,37.37,37.53,36.89,36.89,29239000
PETR4.SA,2024-08-26,37.86,39.61,37.71,39.57,102270300
PETR4.SA,2024-08-27,39.25,39.37,38.95,39.04,35073100
PETR4.SA,2024-08-28,38.94,39.86,38.78,39.6,43284500
PETR4.SA,2024-08-29,39.65,39.83,39.28,39.33,25356600
PETR4.SA,2024-08-30,39.22,39.65,38.88,39.37,84437200
PETR4.SA,2024-09-02,39.33,39.4,38.89,39.0,15288400
PETR4.SA,2024-09-03,38.79,38.82,38.38,38.53,35866300
PETR4.SA,2024-09-04,38.74,38.92,38.52,38.54,28851300
PETR4.SA,2024-09-05,38.65,38.89,38.3,38.3,26206600
PETR4.SA,2024-09-06,38.37,38.45,37.47,37.55,32971700
PETR4.SA,2024-09-09,37.84,38.25,37.61,37.96,30521800
PETR4.SA,2024-09-10,37.92,37.92,37.0,37.33,37263500
PETR4.SA,2024-09-11,37.76,37.83,36.87,37.29,32907000
PETR4.SA,2024-09-12,37.29,37.32,36.75,36.87,22103300
PETR4.SA,2024-09-13,37.11,37.55,36.59,36.7,34729600
PETR4.SA,2024-09-16,37.24,37.72,37.16,37.21,22614800
PETR4.SA,2024-09-17,37.17,37.19,36.7,37.04,23443700
PETR4.SA,2024-09-18,36.91,36.93,36.15,36.15,38777000
PETR4.SA,2024-09-19,36.57,36.78,36.19,36.27,25059700
PETR4.SA,2024-09-20,36.27,36.4,36.07,36.26,48336200
PETR4.SA,2024-09-23,36.39,36.96,36.22,36.63,28218500
PETR4.SA,2024-09-24,37.23,37.31,36.72,36.78,35104100
PETR4.SA,2024-09-25,37.1,37.43,36.96,37.05,38655300
PETR4.SA,2024-09-26,36.92,36.92,35.97,36.25,58048200
PETR4.SA,2024-09-27,36.38,36.38,35.93,36.11,34537400
PETR4.SA,2024-09-30,36.16,36.28,35.92,36.01,21146300
PETR4.SA,2024-10-01,36.01,37.52,35.83,36.97,49748200
PETR4.SA,2024-10-02,37.75,37.93,37.35,37.48,32014500
PETR4.SA,2024-10-03,37.44,38.04,37.21,37.94,31033000
PETR4.SA,2024-10-04,38.15,38.2,37.67,37.84,22526800
PETR4.SA,2024-10-07,38.04,38.38,37.9,38.37,36418000
PETR4.SA,2024-10-08,37.47,37.75,37.45,37.6,34142000
PETR4.SA,2024-10-09,37.37,37.52,37.01,37.22,30789800
PETR4.SA,2024-10-10,37.4,37.74,37.32,37.65,20630100
PETR4.SA,2024-10-11,37.6,37.65,37.32,37.62,16343000
PETR4.SA,2024-10-14,37.47,37.9,37.35,37.71,22279000
PETR4.SA,2024-10-15,37.21,37.41,37.06,37.4,28204600
PETR4.SA,2024-10-16,37.55,37.58,37.19,37.21,23041200
PETR4.SA,2024-10-17,37.21,37.21,36.69,36.93,22174300
PETR4.SA,2024-10-18,36.98,37.07,36.41,36.83,32000800
PETR4.SA,2024-10-21,37.0,37.05,36.2,36.25,28390000
PETR4.SA,2024-10-22,36.2,36.3,35.99,36.11,29144300
PETR4.SA,2024-10-23,35.91,35.94,35.57,35.66,30769100
PETR4.SA,2024-10-24,35.85,36.03,35.56,35.9,23058900
PETR4.SA,2024-10-25,35.96,36.49,35.85,36.15,32585900
PETR4.SA,2024-10-28,35.49,36.13,35.34,36.09,27507100
PETR4.SA,2024-10-29,36.33,36.42,35.8,36.01,26090200
PETR4.SA,2024-10-30,36.12,36.37,35.85,35.85,26144700
PETR4.SA,2024-10-31,35.87,36.05,35.63,35.91,25597000
PETR4.SA,2024-11-01,36.2,36.37,35.3,35.42,30605300
PETR4.SA,2024-11-04,35.9,35.95,35.38,35.5,24003600
PETR4.SA,2024-11-05,35.5,35.6,35.03,35.39,23990600
PETR4.SA,2024-11-06,35.05,35.46,35.04,35.4,28440800
PETR4.SA,2024-11-07,35.49,35.89,35.27,35.51,34081200
PETR4.SA,2024-11-08,35.85,36.32,35.54,36.18,49865100
PETR4.SA,2024-11-11,35.99,36.42,35.9,36.25,21446300
PETR4.SA,2024-11-12,36.36,37.11,36.34,36.93,39412300
PETR4.SA,2024-11-13,36.95,37.07,36.53,36.88,34090000
PETR4.SA,2024-11-14,36.92,37.33,36.86,37.27,30262100
PETR4.SA,2024-11-18,37.2,38.3,37.2,38.2,39004100
PETR4.SA,2024-11-19,38.1,38.3,37.65,37.8,26002700
PETR4.SA,2024-11-21,37.97,38.13,37.55,37.91,36048400
PETR4.SA,2024-11-22,38.71,39.83,38.47,39.42,85234900
PETR4.SA,2024-11-25,39.38,39.86,39.15,39.18,41119500
PETR4.SA,2024-11-26,39.36,39.51,39.06,39.13,35188200
PETR4.SA,2024-11-27,39.2,39.36,38.75,38.99,30600700
PETR4.SA,2024-11-28,38.81,39.3,38.38,38.59,33113500
PETR4.SA,2024-11-29,38.5,39.22,38.41,38.9,44011700
PETR4.SA,2024-12-02,38.9,39.4,38.77,39.15,31711800
PETR4.SA,2024-12-03,39.4,39.5,39.08,39.5,22536200
PETR4.SA,2024-12-04,39.5,39.86,38.98,39.25,31584400
PETR4.SA,2024-12-05,39.39,39.81,39.21,39.64,25214200
PETR4.SA,2024-12-06,39.64,39.7,38.96,39.03,31118500
PETR4.SA,2024-12-09,39.38,40.17,39.36,40.04,28548700
PETR4.SA,2024-12-10,40.3,40.43,40.11,40.19,21837600
PETR4.SA,2024-12-11,40.35,40.76,39.95,40.59,46900900
PETR4.SA,2024-12-12,38.72,38.89,38.12,38.34,38310600
PETR4.SA,2024-12-13,38.6,38.73,37.92,38.1,23235400
PETR4.SA,2024-12-16,38.19,38.26,37.83,37.94,21349400
PETR4.SA,2024-12-17,37.94,38.49,37.83,38.3,39617200
PETR4.SA,2024-12-18,38.28,38.4,37.31,37.31,58126400
PETR4.SA,2024-12-19,37.66,37.93,36.98,37.16,43268400
PETR4.SA,2024-12-20,37.16,37.35,36.71,36.85,59277400
PETR4.SA,2024-12-23,37.0,37.05,36.72,36.86,43785600
PETR4.SA,2024-12-26,35.63,36.0,35.6,35.77,22920700
PETR4.SA,2024-12-27,36.0,36.0,35.61,35.66,24167200
PETR4.SA,2024-12-30,35.78,36.37,35.77,36.19,22355600
PETR4.SA,2025-01-02,36.42,37.09,36.19,36.77,30046800
PETR4.SA,2025-01-03,36.88,37.04,36.32,36.38,23314200
PETR4.SA,2025-01-06,36.6,36.69,36.06,36.21,23760200
PETR4.SA,2025-01-07,36.55,37.25,36.3,36.98,37753300
PETR4.SA,2025-01-08,36.99,37.12,36.43,36.68,24483500
PETR4.SA,2025-01-09,36.7,36.97,36.7,36.84,11526600
PETR4.SA,2025-01-10,37.25,37.52,36.9,36.94,40328800
PETR4.SA,2025-01-13,37.3,37.53,36.97,37.07,22897100
PETR4.SA,2025-01-14,37.11,37.13,36.58,36.82,29173100
PETR4.SA,2025-01-15,36.93,37.32,36.8,37.29,32512700
PETR4.SA,2025-01-16,37.21,37.24,36.77,37.05,26733200
PETR4.SA,2025-01-17,37.01,37.4,36.85,37.2,39941100
PETR4.SA,2025-01-20,37.22,37.43,37.11,37.29,13912800
PETR4.SA,2025-01-21,37.1,37.35,36.72,37.3,23612200
PETR4.SA,2025-01-22,37.36,37.63,37.03,37.09,21832200
PETR4.SA,2025-01-23,37.12,37.41,36.7,36.83,26725700
PETR4.SA,2025-01-24,36.88,36.9,36.4,36.64,16216500
PETR4.SA,2025-01-27,36.57,37.3,36.47,37.18,29809700
PETR4.SA,2025-01-28,37.4,37.49,36.88,37.13,27621700
PETR4.SA,2025-01-29,37.2,37.33,36.76,36.9,18204400
PETR4.SA,2025-01-30,37.04,37.51,36.8,37.39,30916000
PETR4.SA,2025-01-31,37.39,38.37,37.25,37.69,37044800
PETR4.SA,2025-02-03,37.76,37.81,37.38,37.5,24877600
PETR4.SA,2025-02-04,37.3,37.35,36.82,37.13,34290300
PETR4.SA,2025-02-05,37.05,37.07,36.75,36.86,20539800
PETR4.SA,2025-02-06,36.84,37.12,36.7,36.79,17512400
PETR4.SA,2025-02-07,36.86,37.03,36.37,36.58,21438700
PETR4.SA,2025-02-10,36.81,37.03,36.72,36.83,17483300
PETR4.SA,2025-02-11,37.01,37.09,36.68,36.83,16624300
PETR4.SA,2025-02-12,36.65,36.75,36.11,36.28,37364500
PETR4.SA,2025-02-13,36.2,36.33,36.02,36.32,15351300
PETR4.SA,2025-02-14,36.44,37.58,36.4,37.44,40322000
PETR4.SA,2025-02-17,37.64,37.92,37.47,37.67,22615200
PETR4.SA,2025-02-18,37.72,38.44,37.71,38.36,44062600
PETR4.SA,2025-02-19,38.11,38.66,37.87,38.44,32648200
PETR4.SA,2025-02-20,38.42,38.57,38.31,38.5,26641200
PETR4.SA,2025-02-21,38.53,38.53,38.17,38.39,30115200
PETR4.SA,2025-02-24,38.5,38.51,37.8,38.12,27830300
PETR4.SA,2025-02-25,38.12,38.44,37.83,37.95,31960900
PETR4.SA,2025-02-26,38.25,38.25,37.75,37.95,27420200
PETR4.SA,2025-02-27,36.36,36.74,35.48,36.61,129693500
PETR4.SA,2025-02-28,36.49,36.55,35.81,35.93,55476800
PETR4.SA,2025-03-05,35.02,35.11,34.55,34.62,48552000
PETR4.SA,2025-03-06,34.81,35.12,34.03,34.26,47749600
PETR4.SA,2025-03-07,34.29,34.93,34.23,34.63,28074700
PETR4.SA,2025-03-10,34.58,34.62,34.0,34.62,35037200
PETR4.SA,2025-03-11,34.75,34.9,33.91,34.1,28805400
PETR4.SA,2025-03-12,34.16,34.4,33.96,34.1,20149100
PETR4.SA,2025-03-13,34.18,34.54,34.04,34.44,19263600
PETR4.SA,2025-03-14,34.6,35.76,34.37,35.5,41529400
PETR4.SA,2025-03-17,35.61,36.41,35.6,36.16,31175900
PETR4.SA,2025-03-18,36.19,36.41,35.91,36.19,15086400
PETR4.SA,2025-03-19,36.27,36.33,36.03,36.16,21180500
PETR4.SA,2025-03-20,36.16,36.48,35.76,36.24,46921900
PETR4.SA,2025-03-21,36.22,37.03,36.18,36.8,61175700
PETR4.SA,2025-03-24,36.7,36.94,36.5,36.75,20348000
PETR4.SA,2025-03-25,36.85,37.52,36.63,37.04,28036100
PETR4.SA,2025-03-26,37.15,37.63,37.15,37.39,26870300
PETR4.SA,2025-03-27,37.43,37.97,37.39,37.67,28444400
PETR4.SA,2025-03-28,37.65,37.88,37.09,37.43,22057700
PETR4.SA,2025-03-31,37.35,37.64,37.08,37.16,26049400
PETR4.SA,2025-04-01,37.3,37.97,37.2,37.3,19075600
PETR4.SA,2025-04-02,37.27,37.3,36.83,37.2,16959200
PETR4.SA,2025-04-03,36.15,36.3,35.61,36.0,65896000
PETR4.SA,2025-04-04,34.74,35.01,33.81,34.55,87263200
PETR4.SA,2025-04-07,33.92,34.55,33.11,33.18,85724900
PETR4.SA,2025-04-08,33.7,33.94,31.88,32.0,62128500
PETR4.SA,2025-04-09,31.31,33.58,31.04,33.3,106391600
PETR4.SA,2025-04-10,33.0,33.02,31.2,31.23,71250600
PETR4.SA,2025-04-11,31.5,32.3,30.78,31.85,65329400
PETR4.SA,2025-04-14,32.6,32.88,31.44,31.73,56015200
PETR4.SA,2025-04-15,31.73,31.87,30.98,31.0,58276900
PETR4.SA,2025-04-16,31.29,31.47,30.85,31.0,73227700
PETR4.SA,2025-04-17,30.67,31.18,30.46,30.85,65752700
PETR4.SA,2025-04-22,30.8,31.25,30.33,30.92,41683900
PETR4.SA,2025-04-23,31.35,31.78,30.5,30.57,71566500
PETR4.SA,2025-04-24,30.81,30.84,30.06,30.43,61589200
PETR4.SA,2025-04-25,30.34,30.73,30.2,30.52,35581500
PETR4.SA,2025-04-28,30.56,30.78,30.25,30.4,27362000
PETR4.SA,2025-04-29,30.3,30.81,30.15,30.56,33041100
PETR4.SA,2025-04-30,30.41,30.58,29.96,29.99,52798300
PETR4.SA,2025-05-02,30.2,30.81,29.97,30.81,33146600
PETR4.SA,2025-05-05,30.57,30.62,29.66,29.66,59011700
PETR4.SA,2025-05-06,30.11,30.39,29.96,30.15,52751300
PETR4.SA,2025-05-07,30.3,30.3,29.9,30.29,35050400
PETR4.SA,2025-05-08,30.59,31.03,30.45,30.71,44665000
PETR4.SA,2025-05-09,31.1,31.18,30.64,30.91,25075600
PETR4.SA,2025-05-12,31.9,32.17,31.65,31.65,53493600
PETR4.SA,2025-05-13,31.77,32.25,31.35,32.13,56165300
PETR4.SA,2025-05-14,32.0,32.12,31.7,31.91,28060100
PETR4.SA,2025-05-15,31.7,32.09,31.59,31.87,32468300
PETR4.SA,2025-05-16,31.84,32.16,31.66,32.02,48111800
PETR4.SA,2025-05-19,31.84,32.1,31.7,31.98,30200500
PETR4.SA,2025-05-20,32.05,32.41,31.95,32.11,33485800
PETR4.SA,2025-05-21,32.21,32.39,31.69,31.75,28724100
PETR4.SA,2025-05-22,31.64,31.65,31.21,31.33,42207300
PETR4.SA,2025-05-23,31.09,31.4,30.87,31.4,25732400
PETR4.SA,2025-05-26,31.46,31.53,31.14,31.3,21277100
PETR4.SA,2025-05-27,31.52,31.67,31.36,31.53,34361500
PETR4.SA,2025-05-28,31.67,31.72,31.43,31.43,30516200
PETR4.SA,2025-05-29,31.48,31.5,31.05,31.24,20778800
PETR4.SA,2025-05-30,31.15,31.27,30.9,30.9,45127700
PETR4.SA,2025-06-02,31.64,31.65,31.01,31.08,35111000
PETR4.SA,2025-06-03,29.88,30.3,29.39,30.18,59828700
PETR4.SA,2025-06-04,30.24,30.45,29.27,29.35,41952900
PETR4.SA,2025-06-05,29.5,29.64,29.21,29.36,23774000
PETR4.SA,2025-06-06,29.45,29.83,29.36,29.67,28069300
PETR4.SA,2025-06-09,29.22,29.47,28.86,29.17,43834800
PETR4.SA,2025-06-10,29.41,30.22,29.35,30.05,46241800
PETR4.SA,2025-06-11,30.3,31.16,30.3,31.05,52432400
PETR4.SA,2025-06-12,30.8,31.91,30.73,31.75,51729500
PETR4.SA,2025-06-13,33.11,33.17,32.17,32.53,74902600
PETR4.SA,2025-06-16,32.53,32.93,32.07,32.21,45972200
PETR4.SA,2025-06-17,32.38,33.09,32.37,32.94,57633400
PETR4.SA,2025-06-18,32.96,33.21,32.49,32.91,49342900
PETR4.SA,2025-06-20,32.73,33.16,32.63,32.82,85062700
PETR4.SA,2025-06-23,33.29,33.34,31.81,32.0,54592400
PETR4.SA,2025-06-24,31.29,31.84,31.14,31.37,48728300
PETR4.SA,2025-06-25,31.32,31.54,31.21,31.21,23127700
PETR4.SA,2025-06-26,31.35,31.6,31.31,31.46,17227000
PETR4.SA,2025-06-27,31.39,31.45,31.14,31.21,16482100
PETR4.SA,2025-06-30,31.21,31.49,31.1,31.38,23091100
PETR4.SA,2025-07-01,31.45,31.57,31.26,31.49,17014100
PETR4.SA,2025-07-02,31.58,32.24,31.48,32.05,28311600
PETR4.SA,2025-07-03,32.0,32.39,31.94,32.16,14322300
PETR4.SA,2025-07-04,32.0,32.31,31.97,32.12,9356900
PETR4.SA,2025-07-07,32.12,32.26,31.9,32.06,17938800
PETR4.SA,2025-07-08,32.07,32.59,32.03,32.52,28778300
PETR4.SA,2025-07-09,32.57,32.63,32.06,32.32,22338900
PETR4.SA,2025-07-10,32.01,32.43,31.72,32.24,23102800
PETR4.SA,2025-07-11,32.2,32.7,32.15,32.63,23946700
PETR4.SA,2025-07-14,32.63,32.77,32.12,32.2,24106300
PETR4.SA,2025-07-15,32.24,32.38,31.81,31.95,18688300
PETR4.SA,2025-07-16,31.9,31.95,31.47,31.79,27588900
PETR4.SA,2025-07-17,31.77,31.77,31.4,31.47,27497600
PETR4.SA,2025-07-18,31.4,31.6,30.6,30.99,57635000
PETR4.SA,2025-07-21,30.89,31.28,30.77,31.05,16412000
PETR4.SA,2025-07-22,31.05,31.58,30.99,31.35,24557100
PETR4.SA,2025-07-23,31.35,32.03,31.3,31.99,27418600
PETR4.SA,2025-07-24,31.93,32.02,31.65,31.94,17856300
PETR4.SA,2025-07-25,31.99,32.18,31.91,31.98,13341000
PETR4.SA,2025-07-28,32.16,32.43,31.68,32.02,27972800
PETR4.SA,2025-07-29,32.19,32.6,31.99,32.44,33284000
PETR4.SA,2025-07-30,32.3,32.83,32.27,32.77,27110400
PETR4.SA,2025-07-31,32.45,32.75,32.42,32.64,23544900
PETR4.SA,2025-08-01,32.8,32.91,32.04,32.21,24191800
PETR4.SA,2025-08-04,32.21,32.27,31.96,32.16,15215600
PETR4.SA,2025-08-05,32.13,32.41,32.03,32.31,20635500
PETR4.SA,2025-08-06,32.6,32.94,32.19,32.35,32854600
PETR4.SA,2025-08-07,32.64,32.85,32.43,32.53,21111400
PETR4.SA,2025-08-08,31.5,32.05,30.53,30.53,107235300
PETR4.SA,2025-08-11,30.71,31.03,30.58,30.72,28045800
PETR4.SA,2025-08-12,30.79,31.27,30.65,30.8,37973300
PETR4.SA,2025-08-13,30.8,30.86,30.41,30.57,38340700
PETR4.SA,2025-08-14,30.73,30.73,30.02,30.18,43087500
PETR4.SA,2025-08-15,30.1,30.22,29.74,30.17,55416100
PETR4.SA,2025-08-18,30.25,30.55,30.02,30.36,31498100
PETR4.SA,2025-08-19,30.2,30.23,29.85,30.04,39294300
PETR4.SA,2025-08-20,30.12,30.36,30.1,30.22,23706600
PETR4.SA,2025-08-21,30.22,30.43,30.01,30.29,23327000
PETR4.SA,2025-08-22,29.89,30.47,29.8,30.47,49813600
PETR4.SA,2025-08-25,30.47,30.78,30.42,30.65,21075300
PETR4.SA,2025-08-26,30.48,30.58,30.23,30.43,21789700
PETR4.SA,2025-08-27,30.45,30.68,30.36,30.66,16349100
PETR4.SA,2025-08-28,30.78,31.13,30.71,30.93,25802500
PETR4.SA,2025-08-29,30.93,31.35,30.85,31.1,27713400
PETR4.SA,2025-09-01,31.2,31.37,31.05,31.17,9889700
PETR4.SA,2025-09-02,31.0,31.44,31.0,31.33,19812000
PETR4.SA,2025-09-03,31.12,31.35,30.92,31.06,29788800
PETR4.SA,2025-09-04,31.0,31.32,30.93,31.06,24816500
PETR4.SA,2025-09-05,31.08,31.09,30.19,30.59,46121900
PETR4.SA,2025-09-08,30.83,30.97,30.51,30.71,18164200
PETR4.SA,2025-09-09,30.86,31.15,30.81,30.95,31283900
PETR4.SA,2025-09-10,30.96,31.54,30.92,31.51,35949600
PETR4.SA,2025-09-11,31.3,31.48,31.27,31.39,17607900
PETR4.SA,2025-09-12,31.45,31.7,31.16,31.18,19318400
PETR4.SA,2025-09-15,31.3,31.55,31.06,31.45,21978400
PETR4.SA,2025-09-16,31.6,31.68,31.34,31.53,19154700
PETR4.SA,2025-09-17,31.54,31.79,31.46,31.72,29148100
PETR4.SA,2025-09-18,31.77,31.82,31.19,31.41,25702900
PETR4.SA,2025-09-19,31.43,31.45,30.91,31.06,48871300
PETR4.SA,2025-09-22,31.0,31.47,30.84,31.37,22016100
PETR4.SA,2025-09-23,31.49,32.09,31.46,31.9,39895300
PETR4.SA,2025-09-24,32.16,32.63,32.06,32.62,36414400
PETR4.SA,2025-09-25,32.7,32.8,32.24,32.36,29556300
PETR4.SA,2025-09-26,32.49,32.74,32.15,32.25,27819700
PETR4.SA,2025-09-29,32.26,32.54,31.73,31.81,35720000
PETR4.SA,2025-09-30,31.69,31.9,31.16,31.46,48611500
PETR4.SA,2025-10-01,31.45,31.55,31.3,31.38,24817000
PETR4.SA,2025-10-02,31.38,31.41,31.02,31.08,25497100
PETR4.SA,2025-10-03,31.16,31.33,31.0,31.0,19756800
PETR4.SA,2025-10-06,31.2,31.23,30.7,30.72,21245400
PETR4.SA,2025-10-07,30.72,30.86,30.35,30.83,29068800
PETR4.SA,2025-10-08,31.08,31.08,30.5,30.65,17687400
PETR4.SA,2025-10-09,30.66,30.84,30.19,30.21,22879700
PETR4.SA,2025-10-10,30.1,30.16,29.87,29.94,50214400
PETR4.SA,2025-10-13,30.15,30.27,29.97,30.23,13890500
PETR4.SA,2025-10-14,29.95,30.46,29.88,30.02,28138200
PETR4.SA,2025-10-15,30.05,30.17,29.67,29.75,40261000
PETR4.SA,2025-10-16,29.74,29.81,29.41,29.45,28660900
PETR4.SA,2025-10-17,29.5,29.95,29.31,29.73,36238600
PETR4.SA,2025-10-20,29.7,29.9,29.48,29.75,31442800
PETR4.SA,2025-10-21,29.96,29.99,29.47,29.51,25509900
PETR4.SA,2025-10-22,29.76,30.03,29.62,29.85,27088800
PETR4.SA,2025-10-23,30.52,30.72,30.11,30.19,40060800
PETR4.SA,2025-10-24,30.3,30.45,29.81,29.84,24370300
PETR4.SA,2025-10-27,30.16,30.16,29.69,30.0,24771400
PETR4.SA,2025-10-28,29.9,30.35,29.76,29.99,25324800
PETR4.SA,2025-10-29,30.09,30.16,29.8,30.02,24854900
PETR4.SA,2025-10-30,29.92,30.16,29.76,29.89,22657200
PETR4.SA,2025-10-31,30.0,30.09,29.55,29.75,29516300
PETR4.SA,2025-11-03,29.88,30.47,29.8,30.1,54977300
PETR4.SA,2025-11-04,30.0,30.26,29.91,30.25,35035200
PETR4.SA,2025-11-05,30.25,30.95,30.21,30.85,40375900
PETR4.SA,2025-11-06,30.98,31.28,30.9,31.01,43435700
PETR4.SA,2025-11-07,31.22,32.18,30.85,32.18,97315600
PETR4.SA,2025-11-10,32.3,32.55,31.93,32.36,41064200
PETR4.SA,2025-11-11,32.54,33.44,32.45,33.2,68221300
PETR4.SA,2025-11-12,33.26,33.26,32.08,32.35,67646400
PETR4.SA,2025-11-13,32.36,32.94,32.32,32.49,38517200
PETR4.SA,2025-11-14,32.6,33.17,32.58,32.7,27371300
PETR4.SA,2025-11-17,32.76,33.08,32.73,32.88,63708200
PETR4.SA,2025-11-18,32.7,33.17,32.67,32.99,26520500
PETR4.SA,2025-11-19,32.8,32.98,32.54,32.82,48719300
PETR4.SA,2025-11-21,32.56,32.74,32.36,32.57,40869300
PETR4.SA,2025-11-24,32.56,32.75,32.36,32.54,38665600
PETR4.SA,2025-11-25,32.35,32.44,32.09,32.28,28431100
PETR4.SA,2025-11-26,32.38,32.41,32.1,32.23,25042100
PETR4.SA,2025-11-27,32.28,32.4,32.2,32.4,16087400
PETR4.SA,2025-11-28,32.27,32.31,31.29,31.79,60420500
PETR4.SA,2025-12-01,31.95,32.17,31.57,31.85,29489100
PETR4.SA,2025-12-02,31.93,32.07,31.44,32.07,25574100
PETR4.SA,2025-12-03,32.15,32.5,32.15,32.31,36630000
PETR4.SA,2025-12-04,32.49,32.75,32.45,32.52,33009700
PETR4.SA,2025-12-05,32.5,32.91,31.37,31.37,74495100
PETR4.SA,2025-12-08,31.57,31.99,31.49,31.66,30271600
PETR4.SA,2025-12-09,31.61,31.9,31.33,31.86,23863000
PETR4.SA,2025-12-10,31.88,31.99,31.54,31.94,22123700
PETR4.SA,2025-12-11,31.88,31.9,31.25,31.41,64927900
PETR4.SA,2025-12-12,31.41,31.72,31.34,31.59,39659900
PETR4.SA,2025-12-15,31.68,31.9,31.59,31.7,31898900
PETR4.SA,2025-12-16,31.53,31.53,30.61,30.74,52661900
PETR4.SA,2025-12-17,30.86,31.08,30.82,31.08,39337100
PETR4.SA,2025-12-18,31.2,31.28,30.83,30.9,34311000
PETR4.SA,2025-12-19,31.07,31.24,30.97,31.01,45807700
PETR4.SA,2025-12-22,31.25,31.53,31.1,31.1,35896900
PETR4.SA,2025-12-23,30.55,30.57,30.2,30.31,35703900
PETR4.SA,2025-12-26,30.31,30.43,30.12,30.41,20178600
PETR4.SA,2025-12-29,30.56,30.81,30.52,30.73,20588100
PETR4.SA,2025-12-30,30.8,30.96,30.65,30.82,16880600
PETR4.SA,2026-01-02,30.96,30.96,30.36,30.71,21625200
PETR4.SA,2026-01-05,30.7,30.77,29.73,30.2,48211400
PETR4.SA,2026-01-06,30.37,30.43,29.62,29.64,38095000
PETR4.SA,2026-01-07,29.67,29.83,29.53,29.83,28132900
PETR4.SA,2026-01-08,29.91,30.34,29.79,30.2,34125800
PETR4.SA,2026-01-09,30.17,30.74,30.14,30.3,27982800
PETR4.SA,2026-01-12,30.3,30.57,30.21,30.36,18947400
PETR4.SA,2026-01-13,30.36,31.32,30.36,31.14,54097100
PETR4.SA,2026-01-14,31.35,32.53,31.2,31.99,82309300
PETR4.SA,2026-01-15,31.5,31.93,31.44,31.79,26456600
PETR4.SA,2026-01-16,31.95,32.2,31.88,32.04,70947300
PETR4.SA,2026-01-19,31.96,32.21,31.91,32.17,12852900
PETR4.SA,2026-01-20,32.17,32.52,31.94,32.29,26300000
PETR4.SA,2026-01-21,32.5,33.55,32.43,33.43,93270900
PETR4.SA,2026-01-22,33.38,34.13,33.26,33.58,71516300
PETR4.SA,2026-01-23,33.95,35.48,33.88,35.04,68642600
PETR4.SA,2026-01-26,35.37,35.7,35.04,35.36,39869600
PETR4.SA,2026-01-27,35.51,36.45,35.37,36.13,47268200
PETR4.SA,2026-01-28,36.55,37.44,36.5,37.34,46054700
PETR4.SA,2026-01-29,38.0,38.58,37.57,37.7,58722800
PETR4.SA,2026-01-30,37.23,37.98,37.02,37.76,45794700
PETR4.SA,2026-02-02,36.78,37.24,36.62,37.24,38505600
PETR4.SA,2026-02-03,37.51,38.32,37.14,37.58,57152800
PETR4.SA,2026-02-04,37.45,37.68,36.97,37.52,37955800
PETR4.SA,2026-02-05,37.4,37.61,36.9,37.0,35933100
PETR4.SA,2026-02-06,37.21,37.27,36.45,36.65,27681100
PETR4.SA,2026-02-09,36.66,37.45,36.55,37.32,27089800
PETR4.SA,2026-02-10,37.32,37.58,36.91,37.35,24585300
PETR4.SA,2026-02-11,37.73,38.46,37.69,38.08,55863800
PETR4.SA,2026-02-12,38.05,38.05,36.8,37.11,39856000
PETR4.SA,2026-02-13,37.16,37.16,36.53,36.89,27507000
PETR4.SA,2026-02-18,37.07,37.39,36.85,37.19,32276700
PETR4.SA,2026-02-19,37.5,38.24,37.44,37.81,48355000
PETR4.SA,2026-02-20,37.67,37.97,37.45,37.97,51949800
PETR4.SA,2026-02-23,37.97,39.25,37.85,38.59,55061500
PETR4.SA,2026-02-24,38.86,39.66,38.86,39.57,43263600
PETR4.SA,2026-02-25,39.94,39.97,39.03,39.57,26012300
PETR4.SA,2026-02-26,39.3,39.8,38.97,39.61,29919100
PETR4.SA,2026-02-27,39.92,40.27,39.33,39.33,38799000
PETR4.SA,2026-03-02,41.3,41.53,40.52,41.13,83817000
PETR4.SA,2026-03-03,41.7,42.0,40.75,40.95,93893800
PETR4.SA,2026-03-04,40.95,41.17,39.93,40.5,50915600
PETR4.SA,2026-03-05,40.53,40.77,39.98,40.69,53107600
PETR4.SA,2026-03-06,41.9,43.12,41.42,42.16,87228000
PETR4.SA,2026-03-09,43.25,44.27,42.67,43.16,107124400
PETR4.SA,2026-03-10,42.31,43.1,42.03,42.93,56706200
PETR4.SA,2026-03-11,43.25,44.88,43.23,44.8,73234300
PETR4.SA,2026-03-12,45.39,46.09,44.2,45.0,86124400
PETR4.SA,2026-03-13,44.61,45.34,44.29,44.67,42520400
PETR4.SA,2026-03-16,44.88,45.99,44.8,45.86,40474100
PETR4.SA,2026-03-17,45.85,47.26,45.8,46.38,51025600
PETR4.SA,2026-03-18,46.7,47.15,46.55,47.0,55074700
PETR4.SA,2026-03-19,47.2,48.13,46.69,46.78,84865000
PETR4.SA,2026-03-20,46.79,47.25,44.92,45.67,78125700
PETR4.SA,2026-03-23,44.42,46.18,44.32,46.03,65252400
PETR4.SA,2026-03-24,46.4,47.95,46.37,47.27,57455300
PETR4.SA,2026-03-25,46.5,47.55,46.3,47.5,40532900
PETR4.SA,2026-03-26,47.6,48.47,47.52,48.02,59986800
PETR4.SA,2026-03-27,48.5,49.44,48.13,49.41,54170900
PETR4.SA,2026-03-30,49.75,50.69,49.49,49.67,51454300
PETR4.SA,2026-03-31,50.07,50.55,47.65,48.67,78931700
PETR4.SA,2026-04-01,47.7,48.07,46.77,47.37,66488400
PETR4.SA,2026-04-02,49.3,49.46,47.95,48.15,38536900
PETR4.SA,2026-04-06,47.99,49.0,47.88,48.94,27848100
PETR4.SA,2026-04-07,49.09,49.56,48.4,48.51,33362800
PETR4.SA,2026-04-08,44.7,46.64,44.53,46.61,87580500
PETR4.SA,2026-04-09,47.54,48.55,47.03,47.9,58206500
PETR4.SA,2026-04-10,47.53,49.03,47.53,49.03,42860900
PETR4.SA,2026-04-13,49.75,50.24,49.25,49.78,60941100
PETR4.SA,2026-04-14,49.61,49.65,47.67,47.88,58646800
PETR4.SA,2026-04-15,47.95,48.1,46.73,46.89,61852100
PETR4.SA,2026-04-16,47.29,48.68,46.76,48.58,54484300
PETR4.SA,2026-04-17,46.5,46.55,44.87,46.22,105186900
PETR4.SA,2026-04-20,47.24,47.48,46.51,47.02,41904500
PETR4.SA,2026-04-22,47.64,47.98,47.25,47.67,51063000
PETR4.SA,2026-04-23,47.36,48.08,46.9,47.77,38666800
PETR4.SA,2026-04-24,47.5,47.52,46.45,47.16,34880200
PETR4.SA,2026-04-27,47.22,48.17,47.17,47.37,31543600
PETR4.SA,2026-04-28,47.65,48.04,47.46,47.52,29389700
PETR4.SA,2026-04-29,48.1,49.3,48.0,48.96,47685000
PETR4.SA,2026-04-30,48.81,49.38,48.29,49.08,36666100
PETR4.SA,2026-05-04,49.28,49.85,48.92,49.34,41319600
PETR4.SA,2026-05-05,48.88,49.03,48.33,48.66,28066500
PETR4.SA,2026-05-06,46.71,47.49,46.59,47.27,62009100
PETR4.SA,2026-05-07,46.4,46.65,45.2,46.22,71214500
PETR4.SA,2026-05-08,46.39,46.55,45.67,45.67,32914200
PETR4.SA,2026-05-11,46.21,46.51,45.65,46.43,50622200
PETR4.SA,2026-05-12,46.25,46.25,45.4,45.68,81072700
PETR4.SA,2026-05-13,45.77,45.83,44.36,44.57,57251900
PETR4.SA,2026-05-14,44.46,45.37,44.38,45.0,47760000
PETR4.SA,2026-05-15,45.39,45.54,44.98,45.47,59380500
PETR4.SA,2026-05-18,45.1,46.46,44.47,46.44,57388200
PETR4.SA,2026-05-19,45.99,46.3,45.59,46.09,40943000
PETR4.SA,2026-05-20,45.77,46.41,44.54,44.6,52780200
PETR4.SA,2026-05-21,45.1,45.65,44.5,44.95,57725900
PETR4.SA,2026-05-22,44.74,44.75,43.87,44.48,39634300
PETR4.SA,2026-05-25,43.49,43.82,42.97,43.4,26720900
PETR4.SA,2026-05-26,43.36,43.8,43.16,43.44,36040500
PETR4.SA,2026-05-27,42.25,43.19,42.15,42.82,53745400
PETR4.SA,2026-05-28,43.1,43.18,42.25,42.51,37534800
PETR4.SA,2026-05-29,42.2,42.35,41.82,42.0,73281800
PETR4.SA,2026-06-01,42.4,43.02,41.96,42.37,73925300
PETR4.SA,2026-06-02,41.9,41.98,41.44,41.57,27318300
PETR4.SA,2026-06-03,41.65,41.87,41.25,41.25,42895100
PETR4.SA,2026-06-05,41.03,41.43,40.65,40.89,34730900
PETR4.SA,2026-06-08,41.2,41.32,40.83,41.22,34043600
PETR4.SA,2026-06-09,40.88,41.37,40.7,41.17,56680400
PETR4.SA,2026-06-10,41.21,42.04,41.01,41.65,44953200
PETR4.SA,2026-06-11,41.65,42.15,41.16,41.76,52321500
PETR4.SA,2026-06-12,41.06,41.53,40.82,41.18,34082200
PETR4.SA,2026-06-15,39.84,39.92,39.06,39.06,54174000
PETR4.SA,2026-06-16,38.45,38.78,38.2,38.54,36250100
PETR4.SA,2026-06-17,38.71,38.86,38.27,38.57,66882000
PETR4.SA,2026-06-18,38.3,39.09,37.41,38.85,53332600
PETR4.SA,2026-06-19,38.86,39.11,38.62,38.8,44775800
PETR4.SA,2026-06-22,38.75,39.21,38.48,39.17,35488200
PETR4.SA,2026-06-23,38.96,39.57,38.84,39.33,27398600
PETR4.SA,2026-06-24,38.9,38.98,38.13,38.29,59191400
PETR4.SA,2026-06-25,38.12,38.67,37.92,38.45,25152300
PETR4.SA,2026-06-26,38.07,38.25,37.93,38.06,23383000
PETR4.SA,2026-06-29,38.2,38.37,37.92,38.14,14924800
PETR4.SA,2026-06-30,38.17,38.18,37.74,37.8,31974300
PETR4.SA,2026-07-01,37.5,37.84,37.4,37.83,21094300
PETR4.SA,2026-07-02,37.89,38.46,37.65,37.96,21888800
PETR4.SA,2026-07-03,38.07,38.25,37.86,38.25,10369500
PETR4.SA,2026-07-06,37.95,38.02,37.61,37.77,20811400
PETR4.SA,2026-07-07,38.0,38.77,37.92,38.44,39823600
PETR4.SA,2026-07-08,39.65,39.75,39.0,39.65,40215300
PETR4.SA,2026-07-09,39.74,39.98,38.89,39.21,33386500
PETR4.SA,2026-07-10,39.64,39.97,39.34,39.65,27316800
PETR4.SA,2026-07-13,40.51,40.92,40.24,40.66,43045700
PETR4.SA,2026-07-14,41.2,41.31,40.11,40.66,32649500
PETR4.SA,2026-07-15,40.41,40.8,40.23,40.59,25608800
PETR4.SA,2026-07-16,40.38,40.86,39.89,39.89,20551700
PETR4.SA,2026-07-17,40.41,41.11,40.41,40.9,32168300
PETR4.SA,2026-07-20,41.2,41.44,40.47,41.15,26987600
PETR4.SA,2026-07-21,41.21,41.7,41.13,41.66,38631400
PETR4.SA,2026-07-22,42.1,42.74,41.97,42.58,38292200
PETR4.SA,2026-07-23,43.4,43.49,42.86,42.95,25257900
PETR4.SA,2026-07-24,42.37,42.91,42.15,42.21,29151600
PETR4.SA,2026-07-27,41.2,41.48,40.82,41.01,32902600
PETR4.SA,2026-07-28,41.02,41.77,40.89,41.21,29946800
PETR4.SA,2026-07-29,42.16,42.4,41.75,42.0,31465400
PETR4.SA,2026-07-30,42.0,42.84,41.82,42.84,25268900
PETR4.SA,2026-07-31,43.0,43.55,42.86,43.42,24997300
VALE3.SA,2024-08-02,60.64,60.85,59.36,59.41,35296000
VALE3.SA,2024-08-05,56.31,57.39,55.9,57.02,24635900
VALE3.SA,2024-08-06,56.74,57.52,56.3,57.31,23930200
VALE3.SA,2024-08-07,57.31,57.59,57.02,57.2,19243400
VALE3.SA,2024-08-08,57.03,57.5,56.82,56.85,14584800
VALE3.SA,2024-08-09,57.12,57.16,56.5,57.06,21989300
VALE3.SA,2024-08-12,57.1,57.11,56.52,56.77,18421500
VALE3.SA,2024-08-13,56.99,56.99,56.52,56.52,26100900
VALE3.SA,2024-08-14,55.96,56.09,55.48,56.0,51693500
VALE3.SA,2024-08-15,55.9,56.36,55.69,56.23,28153700
VALE3.SA,2024-08-16,55.95,56.09,55.53,56.08,44280200
VALE3.SA,2024-08-19,56.52,57.52,56.36,56.98,28349600
VALE3.SA,2024-08-20,57.38,57.59,56.81,57.2,19475800
VALE3.SA,2024-08-21,58.25,58.56,58.1,58.3,23200300
VALE3.SA,2024-08-22,58.24,58.38,57.85,58.38,17719100
VALE3.SA,2024-08-23,58.26,58.38,57.25,57.4,24018700
VALE3.SA,2024-08-26,58.5,58.55,58.05,58.05,17168700
VALE3.SA,2024-08-27,59.7,60.14,59.09,59.8,35232600
VALE3.SA,2024-08-28,59.37,59.5,58.68,59.37,21280300
VALE3.SA,2024-08-29,59.41,59.97,59.1,59.3,19175500
VALE3.SA,2024-08-30,59.12,59.73,59.08,59.58,36685200
VALE3.SA,2024-09-02,58.82,58.88,58.42,58.74,13155000
VALE3.SA,2024-09-03,57.95,57.95,56.47,56.55,29504400
VALE3.SA,2024-09-04,56.7,57.44,56.47,56.99,19501800
VALE3.SA,2024-09-05,56.89,57.64,56.73,57.4,16585500
VALE3.SA,2024-09-06,57.5,57.52,56.58,56.68,17917900
VALE3.SA,2024-09-09,57.11,57.34,56.67,56.68,10204400
VALE3.SA,2024-09-10,56.84,56.9,55.93,56.0,17580600
VALE3.SA,2024-09-11,56.74,57.65,56.71,57.59,25592400
VALE3.SA,2024-09-12,58.1,58.54,57.96,58.11,17929800
VALE3.SA,2024-09-13,58.1,59.0,58.03,58.5,15045100
VALE3.SA,2024-09-16,58.43,58.55,58.08,58.5,10548000
VALE3.SA,2024-09-17,58.37,58.55,57.9,58.22,12056600
VALE3.SA,2024-09-18,57.59,58.17,57.45,57.54,14429800
VALE3.SA,2024-09-19,58.57,58.85,58.17,58.23,19328400
VALE3.SA,2024-09-20,57.71,58.16,56.95,57.35,30842600
VALE3.SA,2024-09-23,57.09,57.86,56.6,57.53,18164700
VALE3.SA,2024-09-24,60.21,60.74,59.64,60.34,44910100
VALE3.SA,2024-09-25,60.72,61.25,60.42,60.61,21557700
VALE3.SA,2024-09-26,62.6,64.38,62.45,64.25,61449300
VALE3.SA,2024-09-27,64.7,65.04,63.17,63.96,37237900
VALE3.SA,2024-09-30,65.32,65.32,63.51,63.51,28980300
VALE3.SA,2024-10-01,63.5,64.25,63.15,63.82,18091500
VALE3.SA,2024-10-02,64.42,65.35,63.97,64.17,20310600
VALE3.SA,2024-10-03,63.63,63.8,62.43,62.94,26675400
VALE3.SA,2024-10-04,62.92,63.01,62.3,62.48,16268300
VALE3.SA,2024-10-07,62.9,63.74,62.44,63.03,22467400
VALE3.SA,2024-10-08,60.81,61.12,60.65,61.12,38028100
VALE3.SA,2024-10-09,60.67,61.06,60.25,60.96,22758400
VALE3.SA,2024-10-10,61.45,61.45,60.75,61.25,17192100
VALE3.SA,2024-10-11,60.99,62.27,60.98,62.13,20939400
VALE3.SA,2024-10-14,62.32,62.52,61.33,61.93,44954000
VALE3.SA,2024-10-15,61.1,61.2,60.57,61.17,25559300
VALE3.SA,2024-10-16,61.93,62.38,61.58,62.34,29731800
VALE3.SA,2024-10-17,61.02,61.32,60.64,60.76,20345200
VALE3.SA,2024-10-18,61.19,61.47,60.46,60.55,21823500
VALE3.SA,2024-10-21,61.35,61.38,60.27,60.33,19044900
VALE3.SA,2024-10-22,60.15,60.66,59.9,60.41,14814000
VALE3.SA,2024-10-23,59.89,59.9,59.15,59.35,18289900
VALE3.SA,2024-10-24,59.34,59.7,59.21,59.7,11331700
VALE3.SA,2024-10-25,60.57,62.47,60.52,61.73,38466000
VALE3.SA,2024-10-28,62.5,62.88,62.19,62.88,16572400
VALE3.SA,2024-10-29,63.25,63.44,62.65,62.66,14941700
VALE3.SA,2024-10-30,62.5,62.69,62.12,62.47,12263300
VALE3.SA,2024-10-31,62.34,62.59,61.8,62.06,16553300
VALE3.SA,2024-11-01,62.14,62.44,61.79,62.03,15236400
VALE3.SA,2024-11-04,62.4,62.87,62.12,62.67,12360000
VALE3.SA,2024-11-05,62.95,63.11,61.96,62.12,16368800
VALE3.SA,2024-11-06,61.3,61.63,60.74,61.42,19726800
VALE3.SA,2024-11-07,62.02,63.99,62.0,63.56,38173300
VALE3.SA,2024-11-08,61.99,62.05,59.7,60.63,48764700
VALE3.SA,2024-11-11,59.75,59.87,58.65,58.65,24483700
VALE3.SA,2024-11-12,58.58,58.59,57.2,57.32,26967600
VALE3.SA,2024-11-13,57.32,57.72,57.11,57.16,20354900
VALE3.SA,2024-11-14,57.16,57.34,56.84,56.84,17967600
VALE3.SA,2024-11-18,57.09,57.78,56.97,57.55,14300000
VALE3.SA,2024-11-19,57.8,57.98,57.46,57.68,12902100
VALE3.SA,2024-11-21,57.5,57.8,57.21,57.62,15428500
VALE3.SA,2024-11-22,57.44,58.27,57.25,58.18,12590500
VALE3.SA,2024-11-25,58.18,58.56,58.12,58.17,17444500
VALE3.SA,2024-11-26,58.29,58.49,57.15,57.43,21406600
VALE3.SA,2024-11-27,57.87,58.42,57.6,58.13,22121200
VALE3.SA,2024-11-28,57.9,58.8,57.27,57.53,20467000
VALE3.SA,2024-11-29,58.25,59.21,58.15,58.78,31023600
VALE3.SA,2024-12-02,58.85,59.38,58.69,58.92,18972100
VALE3.SA,2024-12-03,59.3,59.36,58.47,58.47,15957500
VALE3.SA,2024-12-04,58.4,58.48,56.96,57.33,25109200
VALE3.SA,2024-12-05,57.46,57.8,56.87,57.8,14160000
VALE3.SA,2024-12-06,57.47,57.66,56.75,56.81,17897900
VALE3.SA,2024-12-09,58.5,60.19,58.37,59.83,40440600
VALE3.SA,2024-12-10,59.74,59.94,59.29,59.77,13089300
VALE3.SA,2024-12-11,59.5,59.59,58.45,58.84,30138500
VALE3.SA,2024-12-12,57.4,57.68,56.67,56.71,28841800
VALE3.SA,2024-12-13,56.48,56.71,55.7,55.86,18532800
VALE3.SA,2024-12-16,55.85,56.54,55.34,55.83,18958500
VALE3.SA,2024-12-17,55.88,56.4,55.65,56.11,22987600
VALE3.SA,2024-12-18,55.77,55.87,54.76,54.81,34658200
VALE3.SA,2024-12-19,55.02,55.17,53.6,53.77,29529900
VALE3.SA,2024-12-20,53.42,54.62,53.33,54.62,64919500
VALE3.SA,2024-12-23,54.67,55.23,54.4,54.85,18587900
VALE3.SA,2024-12-26,54.85,55.4,54.4,55.01,13155800
VALE3.SA,2024-12-27,54.73,55.08,54.46,54.74,16635300
VALE3.SA,2024-12-30,54.9,55.19,54.55,54.55,11250900
VALE3.SA,2025-01-02,54.71,55.1,54.23,54.25,17623900
VALE3.SA,2025-01-03,53.9,54.0,52.88,53.24,23608700
VALE3.SA,2025-01-06,53.48,53.79,52.48,52.56,21689500
VALE3.SA,2025-01-07,52.63,52.89,51.94,52.05,22070200
VALE3.SA,2025-01-08,52.03,52.29,51.43,51.55,24423800
VALE3.SA,2025-01-09,52.05,52.25,51.14,51.23,15865200
VALE3.SA,2025-01-10,51.54,52.31,51.23,51.52,25833900
VALE3.SA,2025-01-13,52.0,52.31,50.87,51.51,30845300
VALE3.SA,2025-01-14,51.95,52.43,51.63,51.85,21379000
VALE3.SA,2025-01-15,52.14,52.68,51.63,52.6,35137700
VALE3.SA,2025-01-16,52.29,53.27,52.0,52.67,220262800
VALE3.SA,2025-01-17,53.15,54.49,52.98,54.49,54658700
VALE3.SA,2025-01-20,54.22,54.49,53.76,54.29,12317600
VALE3.SA,2025-01-21,54.29,54.32,53.25,54.02,28798700
VALE3.SA,2025-01-22,54.28,54.29,52.42,52.66,34645400
VALE3.SA,2025-01-23,52.95,52.99,51.84,52.32,25097300
VALE3.SA,2025-01-24,52.6,53.19,52.6,53.03,20520600
VALE3.SA,2025-01-27,52.89,53.98,52.57,53.96,24531300
VALE3.SA,2025-01-28,53.59,53.78,52.54,52.65,22932900
VALE3.SA,2025-01-29,52.8,53.51,52.63,52.8,19220300
VALE3.SA,2025-01-30,53.3,55.6,53.28,55.03,40562400
VALE3.SA,2025-01-31,54.99,55.21,54.0,54.17,25477600
VALE3.SA,2025-02-03,53.73,54.28,53.33,54.21,27216400
VALE3.SA,2025-02-04,54.13,54.71,53.81,54.02,32648700
VALE3.SA,2025-02-05,53.91,54.46,53.86,54.31,21674800
VALE3.SA,2025-02-06,55.4,55.64,54.97,55.13,32789000
VALE3.SA,2025-02-07,55.3,55.78,54.56,54.83,24395500
VALE3.SA,2025-02-10,54.87,55.4,54.84,55.4,15566300
VALE3.SA,2025-02-11,54.91,55.19,54.39,55.16,18198300
VALE3.SA,2025-02-12,55.01,55.29,54.7,54.79,35432600
VALE3.SA,2025-02-13,54.85,55.0,54.13,54.86,21749900
VALE3.SA,2025-02-14,55.22,55.81,55.0,55.67,49803200
VALE3.SA,2025-02-17,55.64,55.92,55.28,55.37,12391400
VALE3.SA,2025-02-18,55.6,55.97,55.51,55.74,27608200
VALE3.SA,2025-02-19,55.3,55.73,54.72,55.69,26472500
VALE3.SA,2025-02-20,56.8,58.16,56.48,57.74,76934000
VALE3.SA,2025-02-21,57.9,58.16,57.56,58.16,37134700
VALE3.SA,2025-02-24,58.1,58.57,57.48,57.63,19081700
VALE3.SA,2025-02-25,57.3,57.44,56.89,57.07,19554800
VALE3.SA,2025-02-26,57.37,57.69,56.72,56.72,25399100
VALE3.SA,2025-02-27,56.45,56.99,56.01,56.3,18658000
VALE3.SA,2025-02-28,55.94,56.14,55.15,55.15,46789400
VALE3.SA,2025-03-05,56.15,56.22,55.39,55.59,13843400
VALE3.SA,2025-03-06,55.64,56.52,55.55,56.2,17678400
VALE3.SA,2025-03-07,55.98,57.35,55.55,57.02,25480600
VALE3.SA,2025-03-10,54.23,54.55,53.25,53.99,23626600
VALE3.SA,2025-03-11,54.08,54.72,53.41,54.44,23060100
VALE3.SA,2025-03-12,54.5,54.5,53.15,53.76,18825700
VALE3.SA,2025-03-13,53.88,55.16,53.7,54.5,20584600
VALE3.SA,2025-03-14,55.2,56.41,55.16,56.29,31789300
VALE3.SA,2025-03-17,56.29,57.24,56.14,57.1,23191800
VALE3.SA,2025-03-18,57.2,57.56,56.62,57.52,18165300
VALE3.SA,2025-03-19,57.35,57.55,56.85,57.42,23211900
VALE3.SA,2025-03-20,57.04,57.49,56.78,57.24,17283200
VALE3.SA,2025-03-21,56.95,57.45,56.83,57.45,30524100
VALE3.SA,2025-03-24,57.95,58.24,56.96,57.15,18646500
VALE3.SA,2025-03-25,57.32,57.75,57.11,57.34,15615800
VALE3.SA,2025-03-26,57.4,58.04,57.39,57.69,29401600
VALE3.SA,2025-03-27,58.0,58.45,57.61,58.15,15345300
VALE3.SA,2025-03-28,58.1,58.38,57.56,57.56,31146000
VALE3.SA,2025-03-31,56.72,57.02,56.03,56.7,20469300
VALE3.SA,2025-04-01,57.1,57.93,56.95,57.19,12354800
VALE3.SA,2025-04-02,57.21,57.3,56.6,56.93,13197700
VALE3.SA,2025-04-03,56.0,56.44,54.76,54.87,32351100
VALE3.SA,2025-04-04,53.22,53.52,51.6,52.68,45819600
VALE3.SA,2025-04-07,51.71,53.48,51.17,52.05,35942800
VALE3.SA,2025-04-08,52.35,52.81,49.02,49.2,46815300
VALE3.SA,2025-04-09,49.15,52.06,48.77,51.85,56491900
VALE3.SA,2025-04-10,52.1,53.24,51.46,52.78,38010400
VALE3.SA,2025-04-11,52.56,54.15,52.56,53.66,22129900
VALE3.SA,2025-04-14,54.4,54.88,54.19,54.36,19994800
VALE3.SA,2025-04-15,54.38,54.65,53.53,53.81,17471900
VALE3.SA,2025-04-16,53.52,53.64,52.42,52.56,23105900
VALE3.SA,2025-04-17,52.78,53.32,52.56,52.88,23172400
VALE3.SA,2025-04-22,53.16,54.29,52.76,53.82,16780900
VALE3.SA,2025-04-23,54.9,55.35,54.4,54.46,18377400
VALE3.SA,2025-04-24,54.45,55.67,54.31,55.31,19621700
VALE3.SA,2025-04-25,54.5,54.62,53.64,53.85,26162200
VALE3.SA,2025-04-28,53.9,54.18,53.63,54.04,12001900
VALE3.SA,2025-04-29,54.21,54.34,53.84,53.84,11816200
VALE3.SA,2025-04-30,52.6,53.25,52.21,52.86,18774400
VALE3.SA,2025-05-02,53.26,53.56,52.55,52.8,17135800
VALE3.SA,2025-05-05,52.9,53.08,52.73,52.96,12201600
VALE3.SA,2025-05-06,52.99,53.58,52.92,53.0,12065000
VALE3.SA,2025-05-07,53.55,53.55,52.66,52.9,11240100
VALE3.SA,2025-05-08,52.9,53.3,52.67,52.74,15414600
VALE3.SA,2025-05-09,53.0,53.08,52.51,52.95,15558800
VALE3.SA,2025-05-12,54.56,55.2,54.28,54.28,26482400
VALE3.SA,2025-05-13,54.49,55.43,54.13,55.17,21187200
VALE3.SA,2025-05-14,55.5,55.69,54.84,54.9,16297800
VALE3.SA,2025-05-15,55.0,55.65,54.84,55.45,13955400
VALE3.SA,2025-05-16,55.2,55.67,54.81,55.49,18163800
VALE3.SA,2025-05-19,55.0,55.47,54.87,55.34,14475200
VALE3.SA,2025-05-20,55.33,55.53,55.09,55.35,10499200
VALE3.SA,2025-05-21,55.15,55.3,54.44,54.64,14486300
VALE3.SA,2025-05-22,54.62,54.64,53.97,54.23,18476000
VALE3.SA,2025-05-23,54.0,54.44,53.59,54.32,14747300
VALE3.SA,2025-05-26,53.94,54.09,53.8,54.01,7194500
VALE3.SA,2025-05-27,54.0,54.21,53.62,53.84,17943000
VALE3.SA,2025-05-28,53.74,53.79,53.19,53.41,17700600
VALE3.SA,2025-05-29,53.73,53.88,53.33,53.45,10246100
VALE3.SA,2025-05-30,53.35,53.39,52.05,52.1,28286100
VALE3.SA,2025-06-02,52.58,52.75,52.26,52.56,19267700
VALE3.SA,2025-06-03,51.93,52.64,51.87,52.53,12824900
VALE3.SA,2025-06-04,52.62,53.33,52.62,52.77,11714700
VALE3.SA,2025-06-05,53.0,53.66,52.87,52.91,12594000
VALE3.SA,2025-06-06,53.15,53.47,52.71,52.98,16638900
VALE3.SA,2025-06-09,52.89,53.29,52.62,53.29,13029200
VALE3.SA,2025-06-10,53.3,53.87,53.11,53.65,18890600
VALE3.SA,2025-06-11,53.81,53.81,52.99,53.18,13639700
VALE3.SA,2025-06-12,52.9,53.04,52.47,52.83,11136800
VALE3.SA,2025-06-13,52.07,52.51,51.96,52.13,13264900
VALE3.SA,2025-06-16,52.31,54.05,52.31,53.83,41210000
VALE3.SA,2025-06-17,53.63,53.89,51.38,51.41,43657300
VALE3.SA,2025-06-18,53.63,53.89,51.08,51.24,20499000
VALE3.SA,2025-06-20,51.24,51.28,49.92,49.92,39947200
VALE3.SA,2025-06-23,50.02,50.55,49.83,50.55,17288800
VALE3.SA,2025-06-24,50.74,50.75,50.14,50.54,18576300
VALE3.SA,2025-06-25,50.25,50.6,49.72,50.48,23319900
VALE3.SA,2025-06-26,50.84,52.3,50.84,52.0,40488400
VALE3.SA,2025-06-27,52.19,53.09,51.91,52.87,26016900
VALE3.SA,2025-06-30,52.79,53.03,52.44,52.65,19961900
VALE3.SA,2025-07-01,52.6,53.71,52.5,53.36,21844300
VALE3.SA,2025-07-02,53.81,55.7,53.8,55.3,63100200
VALE3.SA,2025-07-03,55.5,55.88,54.82,55.04,18256300
VALE3.SA,2025-07-04,55.03,55.2,54.75,55.2,5449600
VALE3.SA,2025-07-07,55.05,55.18,54.2,54.39,13174500
VALE3.SA,2025-07-08,54.52,55.59,54.36,54.58,26632000
VALE3.SA,2025-07-09,54.7,54.7,53.75,54.04,12209400
VALE3.SA,2025-07-10,55.34,57.12,55.2,55.28,46597200
VALE3.SA,2025-07-11,55.2,56.22,55.01,56.0,18313200
VALE3.SA,2025-07-14,55.86,55.91,54.87,55.36,15141300
VALE3.SA,2025-07-15,54.93,55.36,53.52,53.91,25029100
VALE3.SA,2025-07-16,54.1,54.52,53.91,54.4,26394100
VALE3.SA,2025-07-17,54.4,54.79,54.12,54.3,20252800
VALE3.SA,2025-07-18,54.05,54.78,53.97,54.56,23714000
VALE3.SA,2025-07-21,55.45,56.82,55.34,56.05,40484000
VALE3.SA,2025-07-22,56.95,57.97,56.91,57.5,40945900
VALE3.SA,2025-07-23,57.45,57.9,57.0,57.42,17914800
VALE3.SA,2025-07-24,56.94,57.29,56.29,56.53,21651200
VALE3.SA,2025-07-25,56.18,56.28,55.27,55.7,21918900
VALE3.SA,2025-07-28,54.94,55.32,54.64,55.16,19175100
VALE3.SA,2025-07-29,55.55,55.7,54.77,54.82,14648700
VALE3.SA,2025-07-30,54.32,54.69,53.33,53.84,35607800
VALE3.SA,2025-07-31,53.01,53.62,52.37,53.46,20790000
VALE3.SA,2025-08-01,54.24,54.9,53.57,53.75,40510900
VALE3.SA,2025-08-04,54.39,54.4,53.81,54.18,16198100
VALE3.SA,2025-08-05,54.17,54.97,54.11,54.11,21037600
VALE3.SA,2025-08-06,54.51,54.61,53.73,53.77,17954300
VALE3.SA,2025-08-07,54.1,54.49,53.9,54.16,20298800
VALE3.SA,2025-08-08,54.2,55.7,54.19,55.39,24205600
VALE3.SA,2025-08-11,55.48,55.99,55.3,55.33,22304000
VALE3.SA,2025-08-12,55.95,56.17,55.7,55.91,25851300
VALE3.SA,2025-08-13,54.3,54.5,53.94,54.09,19720000
VALE3.SA,2025-08-14,53.55,53.61,53.08,53.42,42823200
VALE3.SA,2025-08-15,53.46,53.58,53.0,53.32,34201900
VALE3.SA,2025-08-18,53.1,53.71,53.03,53.2,12733400
VALE3.SA,2025-08-19,53.51,53.68,53.0,53.24,17724400
VALE3.SA,2025-08-20,52.9,53.27,52.86,53.0,9687300
VALE3.SA,2025-08-21,53.02,53.53,52.95,53.45,10813800
VALE3.SA,2025-08-22,53.43,54.89,53.31,54.79,20706700
VALE3.SA,2025-08-25,55.17,55.4,54.74,54.92,10397400
VALE3.SA,2025-08-26,54.82,55.41,54.68,55.41,18891500
VALE3.SA,2025-08-27,55.22,55.53,55.12,55.38,8789100
VALE3.SA,2025-08-28,56.0,56.19,55.33,55.4,22059500
VALE3.SA,2025-08-29,55.49,55.83,55.45,55.56,13885400
VALE3.SA,2025-09-01,55.14,55.6,54.81,55.6,7765400
VALE3.SA,2025-09-02,55.11,55.56,55.04,55.39,9578500
VALE3.SA,2025-09-03,55.39,55.82,55.24,55.6,11832100
VALE3.SA,2025-09-04,55.85,56.16,55.55,55.71,8442100
VALE3.SA,2025-09-05,56.2,56.67,56.02,56.22,14014700
VALE3.SA,2025-09-08,56.23,56.62,56.23,56.36,9701900
VALE3.SA,2025-09-09,56.74,57.52,56.05,56.19,24300300
VALE3.SA,2025-09-10,56.47,57.05,56.28,56.58,13463700
VALE3.SA,2025-09-11,56.45,57.27,56.31,57.02,14107200
VALE3.SA,2025-09-12,56.7,57.43,56.7,57.0,12303800
VALE3.SA,2025-09-15,57.48,57.55,56.98,57.5,12457500
VALE3.SA,2025-09-16,57.77,58.06,57.19,57.7,15618500
VALE3.SA,2025-09-17,57.54,58.02,57.36,57.8,23116700
VALE3.SA,2025-09-18,57.84,58.08,57.4,57.69,17700400
VALE3.SA,2025-09-19,57.97,58.19,57.55,57.92,25374600
VALE3.SA,2025-09-22,57.82,58.44,57.81,58.0,21947300
VALE3.SA,2025-09-23,58.0,58.39,57.66,57.67,17652400
VALE3.SA,2025-09-24,57.95,58.14,57.67,57.89,13005700
VALE3.SA,2025-09-25,58.19,58.55,58.04,58.21,13631100
VALE3.SA,2025-09-26,57.74,57.94,56.54,57.09,29037000
VALE3.SA,2025-09-29,57.5,57.75,57.13,57.28,15580200
VALE3.SA,2025-09-30,57.67,57.78,57.09,57.58,18280700
VALE3.SA,2025-10-01,57.76,58.67,57.76,58.31,18278300
VALE3.SA,2025-10-02,58.36,58.86,58.08,58.7,14824500
VALE3.SA,2025-10-03,58.7,59.12,58.5,58.59,19240200
VALE3.SA,2025-10-06,58.81,59.97,58.8,59.59,26102900
VALE3.SA,2025-10-07,59.5,59.62,58.75,58.75,26072300
VALE3.SA,2025-10-08,59.12,59.39,58.89,59.2,24609500
VALE3.SA,2025-10-09,59.86,60.38,59.11,59.11,18184600
VALE3.SA,2025-10-10,59.57,59.8,58.87,58.87,22970400
VALE3.SA,2025-10-13,59.67,60.06,59.55,59.75,23294500
VALE3.SA,2025-10-14,59.3,60.13,59.22,59.75,19329000
VALE3.SA,2025-10-15,59.49,60.98,59.46,60.86,45104600
VALE3.SA,2025-10-16,60.61,60.93,60.07,60.3,21358500
VALE3.SA,2025-10-17,59.9,60.3,59.8,60.13,17325300
VALE3.SA,2025-10-20,60.14,61.35,60.14,60.9,17798400
VALE3.SA,2025-10-21,60.65,61.05,60.57,60.8,13432700
VALE3.SA,2025-10-22,61.21,62.24,61.18,61.88,25267300
VALE3.SA,2025-10-23,62.22,62.54,61.67,61.76,11217700
VALE3.SA,2025-10-24,61.99,62.13,61.33,61.73,11127600
VALE3.SA,2025-10-27,62.06,62.16,61.4,61.66,12018100
VALE3.SA,2025-10-28,61.66,62.54,61.58,62.2,15797400
VALE3.SA,2025-10-29,62.82,63.69,62.71,63.33,30844900
VALE3.SA,2025-10-30,63.11,64.0,62.93,63.81,25586000
VALE3.SA,2025-10-31,64.28,65.55,63.87,65.26,38988400
VALE3.SA,2025-11-03,65.1,65.39,64.65,65.35,16985400
VALE3.SA,2025-11-04,64.85,65.01,64.03,64.62,22055700
VALE3.SA,2025-11-05,64.62,66.17,64.5,65.73,22505400
VALE3.SA,2025-11-06,65.76,66.05,65.26,65.5,15939100
VALE3.SA,2025-11-07,64.85,64.86,64.02,64.78,20800300
VALE3.SA,2025-11-10,65.06,65.54,64.91,65.21,12689400
VALE3.SA,2025-11-11,65.21,65.66,64.76,65.04,25496500
VALE3.SA,2025-11-12,65.26,65.95,65.26,65.76,26550300
VALE3.SA,2025-11-13,65.76,66.45,65.31,65.67,19058500
VALE3.SA,2025-11-14,64.85,65.54,64.61,65.27,16374400
VALE3.SA,2025-11-17,65.6,65.77,64.91,65.22,20150800
VALE3.SA,2025-11-18,64.45,65.29,64.3,65.02,22468700
VALE3.SA,2025-11-19,65.02,65.26,64.7,64.95,16523800
VALE3.SA,2025-11-21,64.55,65.27,64.13,65.16,20272600
VALE3.SA,2025-11-24,65.01,65.52,64.78,65.09,20462800
VALE3.SA,2025-11-25,65.16,65.91,65.16,65.6,18275300
VALE3.SA,2025-11-26,65.99,66.89,65.92,66.58,33408500
VALE3.SA,2025-11-27,66.5,66.65,66.14,66.33,9739100
VALE3.SA,2025-11-28,67.7,67.81,67.04,67.4,46007200
VALE3.SA,2025-12-01,67.8,68.13,67.5,67.92,15657000
VALE3.SA,2025-12-02,68.1,68.72,67.76,68.48,22567200
VALE3.SA,2025-12-03,68.86,71.1,68.82,70.69,42361200
VALE3.SA,2025-12-04,70.7,72.39,70.69,71.92,38019900
VALE3.SA,2025-12-05,71.96,72.33,69.92,70.22,40196800
VALE3.SA,2025-12-08,70.42,70.86,69.49,69.74,20860900
VALE3.SA,2025-12-09,69.1,70.43,68.9,69.78,23081300
VALE3.SA,2025-12-10,70.25,71.35,70.25,71.06,24454800
VALE3.SA,2025-12-11,70.74,72.37,70.47,72.0,25687700
VALE3.SA,2025-12-12,67.75,68.98,67.72,68.61,36483700
VALE3.SA,2025-12-15,68.65,69.39,68.5,69.03,16841700
VALE3.SA,2025-12-16,69.33,70.03,69.26,69.29,21953000
VALE3.SA,2025-12-17,69.64,70.77,69.44,70.17,29375000
VALE3.SA,2025-12-18,70.6,71.12,70.31,70.35,18430200
VALE3.SA,2025-12-19,70.5,70.93,70.38,70.85,37147100
VALE3.SA,2025-12-22,71.03,73.37,70.81,72.92,27853000
VALE3.SA,2025-12-23,73.23,73.53,72.58,72.9,17140900
VALE3.SA,2025-12-26,72.86,73.35,72.62,73.12,16368800
VALE3.SA,2025-12-29,73.19,73.74,71.7,72.12,19963700
VALE3.SA,2025-12-30,72.5,72.84,71.91,71.96,17085400
VALE3.SA,2026-01-02,72.33,72.55,71.65,72.38,28418900
VALE3.SA,2026-01-05,72.4,73.5,72.3,73.12,24958100
VALE3.SA,2026-01-06,73.45,75.99,72.88,75.87,39536600
VALE3.SA,2026-01-07,76.1,77.34,75.62,76.32,41501600
VALE3.SA,2026-01-08,75.8,75.8,74.19,75.58,31894900
VALE3.SA,2026-01-09,74.9,75.71,74.2,74.72,24801200
VALE3.SA,2026-01-12,75.0,75.47,74.51,74.74,13129800
VALE3.SA,2026-01-13,74.47,76.05,74.28,75.35,24539200
VALE3.SA,2026-01-14,75.84,79.09,75.64,78.92,44225300
VALE3.SA,2026-01-15,78.9,79.64,78.51,78.85,35503900
VALE3.SA,2026-01-16,78.39,78.88,77.57,78.88,45910100
VALE3.SA,2026-01-19,78.52,78.65,77.87,78.57,10678500
VALE3.SA,2026-01-20,77.83,80.21,77.41,80.08,31198500
VALE3.SA,2026-01-21,80.99,82.8,80.5,82.5,83134600
VALE3.SA,2026-01-22,82.5,84.4,82.08,82.98,62515300
VALE3.SA,2026-01-23,83.75,85.74,83.69,85.02,25432600
VALE3.SA,2026-01-26,85.56,86.14,82.18,83.07,35741300
VALE3.SA,2026-01-27,83.59,86.13,83.35,84.9,30922500
VALE3.SA,2026-01-28,85.29,87.49,85.0,86.97,28473800
VALE3.SA,2026-01-29,88.0,89.5,86.81,87.41,42013200
VALE3.SA,2026-01-30,85.67,87.9,84.0,84.32,41681400
VALE3.SA,2026-02-02,84.42,85.85,84.04,84.82,22289400
VALE3.SA,2026-02-03,86.42,89.0,86.42,88.99,37709700
VALE3.SA,2026-02-04,88.51,89.59,87.55,89.43,51744400
VALE3.SA,2026-02-05,87.99,88.93,86.24,86.45,57049000
VALE3.SA,2026-02-06,86.41,87.56,85.2,85.63,28889600
VALE3.SA,2026-02-09,86.65,87.68,84.63,87.31,26531100
VALE3.SA,2026-02-10,86.72,87.74,86.25,87.05,14177200
VALE3.SA,2026-02-11,88.65,90.32,88.48,90.09,28395300
VALE3.SA,2026-02-12,89.85,91.62,89.08,89.23,51472200
VALE3.SA,2026-02-13,87.57,88.14,86.02,87.03,28644800
VALE3.SA,2026-02-18,85.1,85.15,83.56,83.92,20898700
VALE3.SA,2026-02-19,83.03,84.35,82.33,83.46,28410900
VALE3.SA,2026-02-20,83.8,86.81,83.42,86.81,40577200
VALE3.SA,2026-02-23,86.81,88.32,86.42,87.39,21193900
VALE3.SA,2026-02-24,87.4,88.71,87.4,87.73,19760700
VALE3.SA,2026-02-25,89.03,90.33,88.51,89.97,28707500
VALE3.SA,2026-02-26,88.94,89.38,87.04,89.21,24503100
VALE3.SA,2026-02-27,89.14,89.5,88.26,88.47,17328300
VALE3.SA,2026-03-02,87.92,89.16,87.29,88.16,13952600
VALE3.SA,2026-03-03,85.25,85.31,82.55,84.48,36088800
VALE3.SA,2026-03-04,85.39,85.63,83.58,84.09,17605800
VALE3.SA,2026-03-05,84.13,84.3,80.55,81.29,37872100
VALE3.SA,2026-03-06,80.9,81.2,78.4,78.86,29504600
VALE3.SA,2026-03-09,77.72,80.1,76.55,79.26,30576600
VALE3.SA,2026-03-10,80.16,80.99,79.67,80.56,17172800
VALE3.SA,2026-03-11,79.79,80.94,78.8,79.85,20865000
VALE3.SA,2026-03-12,79.77,79.77,77.66,79.24,29136500
VALE3.SA,2026-03-13,79.3,80.49,78.02,78.3,14416400
VALE3.SA,2026-03-16,79.39,80.2,78.81,78.84,13591400
VALE3.SA,2026-03-17,79.1,79.71,78.63,78.96,14222300
VALE3.SA,2026-03-18,78.65,78.67,77.05,77.13,19412200
VALE3.SA,2026-03-19,74.17,76.71,74.06,76.63,27262900
VALE3.SA,2026-03-20,76.21,76.7,74.71,75.55,44208900
VALE3.SA,2026-03-23,76.56,78.42,75.97,77.49,23384500
VALE3.SA,2026-03-24,76.98,78.41,76.56,78.1,15700300
VALE3.SA,2026-03-25,79.2,80.25,79.0,79.55,18658300
VALE3.SA,2026-03-26,78.13,79.59,78.01,78.91,13518900
VALE3.SA,2026-03-27,78.47,79.92,78.17,79.0,11101700
VALE3.SA,2026-03-30,80.25,81.06,79.29,79.5,18776700
VALE3.SA,2026-03-31,80.74,82.74,80.59,82.48,24956400
VALE3.SA,2026-04-01,83.31,84.04,82.58,83.0,28514000
VALE3.SA,2026-04-02,81.51,83.77,81.36,83.55,14019800
VALE3.SA,2026-04-06,84.04,84.22,82.8,83.09,8680700
VALE3.SA,2026-04-07,83.05,83.7,82.6,83.69,15312500
VALE3.SA,2026-04-08,86.5,86.72,84.73,85.59,24942400
VALE3.SA,2026-04-09,85.36,85.54,84.26,84.69,17973100
VALE3.SA,2026-04-10,85.0,86.39,84.58,85.59,24002400
VALE3.SA,2026-04-13,85.11,87.36,84.92,87.36,24661900
VALE3.SA,2026-04-14,87.5,88.54,87.18,88.3,18528400
VALE3.SA,2026-04-15,88.15,89.08,87.89,88.44,24527300
VALE3.SA,2026-04-16,88.89,89.39,87.1,87.44,13618900
VALE3.SA,2026-04-17,88.2,89.75,87.8,89.75,30119000
VALE3.SA,2026-04-20,88.8,89.44,88.03,88.73,16067700
VALE3.SA,2026-04-22,87.95,88.73,87.22,87.22,13222100
VALE3.SA,2026-04-23,86.64,87.17,85.71,85.97,12637500
VALE3.SA,2026-04-24,85.97,86.99,85.75,85.87,11436400
VALE3.SA,2026-04-27,86.15,86.3,84.89,85.5,8656600
VALE3.SA,2026-04-28,84.7,85.3,84.05,84.39,13687500
VALE3.SA,2026-04-29,82.8,82.91,79.25,79.44,43296200
VALE3.SA,2026-04-30,81.03,81.7,80.21,81.18,17593900
VALE3.SA,2026-05-04,81.18,81.36,78.65,78.66,18555600
VALE3.SA,2026-05-05,79.42,79.42,77.97,78.39,16295600
VALE3.SA,2026-05-06,80.35,81.64,80.1,81.23,17424200
VALE3.SA,2026-05-07,81.29,81.67,79.6,80.07,18912100
VALE3.SA,2026-05-08,80.57,81.79,80.36,80.8,16782600
VALE3.SA,2026-05-11,81.39,83.93,81.19,83.45,24868900
VALE3.SA,2026-05-12,83.15,83.99,81.74,83.25,16503000
VALE3.SA,2026-05-13,83.49,85.05,83.01,84.3,31641800
VALE3.SA,2026-05-14,85.0,85.41,82.63,82.87,31954300
VALE3.SA,2026-05-15,80.65,83.5,80.24,83.5,36318900
VALE3.SA,2026-05-18,83.0,83.6,81.06,81.83,22668800
VALE3.SA,2026-05-19,80.8,81.28,80.17,81.02,20334400
VALE3.SA,2026-05-20,81.45,82.21,80.85,82.0,15669300
VALE3.SA,2026-05-21,81.36,82.88,81.22,82.63,15156600
VALE3.SA,2026-05-22,82.33,83.14,81.85,83.1,11443900
VALE3.SA,2026-05-25,82.84,83.59,82.45,83.59,7059500
VALE3.SA,2026-05-26,83.23,84.12,82.3,83.07,10409000
VALE3.SA,2026-05-27,83.68,83.94,82.51,83.45,10613200
VALE3.SA,2026-05-28,83.15,84.05,82.24,83.96,12798900
VALE3.SA,2026-05-29,84.01,84.28,82.38,82.82,20839400
VALE3.SA,2026-06-01,82.13,82.25,80.58,81.7,16605900
VALE3.SA,2026-06-02,82.22,85.08,82.04,85.0,18457400
VALE3.SA,2026-06-03,83.61,83.79,81.79,81.79,19308800
VALE3.SA,2026-06-05,80.79,80.79,78.33,78.7,23008500
VALE3.SA,2026-06-08,78.92,79.28,77.32,78.07,15671500
VALE3.SA,2026-06-09,78.79,78.79,76.83,78.5,17523500
VALE3.SA,2026-06-10,77.92,78.15,77.2,77.7,12469100
VALE3.SA,2026-06-11,78.12,79.05,77.1,78.8,17725500
VALE3.SA,2026-06-12,78.66,79.8,78.13,79.17,12112600
VALE3.SA,2026-06-15,80.78,82.74,80.65,81.16,22329400
VALE3.SA,2026-06-16,80.74,82.19,80.6,81.44,19713900
VALE3.SA,2026-06-17,80.35,81.34,79.26,79.78,20268200
VALE3.SA,2026-06-18,79.5,80.38,78.88,79.94,19651900
VALE3.SA,2026-06-19,79.68,81.07,79.5,80.75,26305900
VALE3.SA,2026-06-22,80.55,81.58,80.11,80.91,18089300
VALE3.SA,2026-06-23,79.47,79.98,78.82,79.38,18415100
VALE3.SA,2026-06-24,78.56,78.86,77.16,77.73,22558900
VALE3.SA,2026-06-25,78.2,79.22,77.42,78.66,13882800
VALE3.SA,2026-06-26,78.18,78.88,77.91,78.15,25251100
VALE3.SA,2026-06-29,78.35,78.56,77.15,78.13,11791900
VALE3.SA,2026-06-30,78.1,78.29,77.25,77.88,11289500
VALE3.SA,2026-07-01,77.09,78.92,77.04,77.97,15414700
VALE3.SA,2026-07-02,78.6,79.32,77.72,78.24,17199300
VALE3.SA,2026-07-03,78.43,79.04,78.01,78.84,7793500
VALE3.SA,2026-07-06,78.29,78.78,77.5,77.79,12389100
VALE3.SA,2026-07-07,77.6,77.6,75.79,76.2,16866100
VALE3.SA,2026-07-08,75.22,75.22,72.35,72.7,29276700
VALE3.SA,2026-07-09,73.41,73.49,71.93,73.15,18980500
VALE3.SA,2026-07-10,74.0,74.66,73.12,74.18,22142400
VALE3.SA,2026-07-13,74.18,74.18,72.45,72.85,16237900
VALE3.SA,2026-07-14,73.42,74.69,73.18,74.01,14780100
VALE3.SA,2026-07-15,73.99,75.0,73.8,74.51,15456000
VALE3.SA,2026-07-16,73.85,74.08,72.54,72.98,12989700
VALE3.SA,2026-07-17,72.98,73.12,72.1,72.94,13491600
VALE3.SA,2026-07-20,73.0,73.25,71.71,71.93,13137000
VALE3.SA,2026-07-21,72.34,72.97,71.57,72.37,12581400
VALE3.SA,2026-07-22,73.61,75.25,73.34,75.1,17992800
VALE3.SA,2026-07-23,74.54,77.07,74.51,75.68,15826900
VALE3.SA,2026-07-24,75.16,75.53,74.84,75.24,8637800
VALE3.SA,2026-07-27,74.36,75.72,74.24,75.69,10921700
VALE3.SA,2026-07-28,76.1,76.25,75.0,75.69,12270800
VALE3.SA,2026-07-29,76.01,76.2,74.61,75.05,12265200
VALE3.SA,2026-07-30,75.98,76.56,74.61,76.09,16732800
VALE3.SA,2026-07-31,75.7,76.93,75.24,76.28,17353300
ITUB4.SA,2024-08-02,29.5587,29.6028,28.9409,29.0821,27354812
ITUB4.SA,2024-08-05,28.6408,29.1527,28.5525,29.0821,30036736
ITUB4.SA,2024-08-06,29.135,29.9559,29.135,29.7264,29244996
ITUB4.SA,2024-08-07,30.053,30.1677,29.188,29.8058,46066533
ITUB4.SA,2024-08-08,29.8764,30.1324,29.6028,29.6999,22235464
ITUB4.SA,2024-08-09,29.8323,30.5031,29.7882,30.5031,27350166
ITUB4.SA,2024-08-12,30.6002,30.7326,30.4237,30.5472,23753798
ITUB4.SA,2024-08-13,30.759,31.4122,30.6355,31.4122,44797573
ITUB4.SA,2024-08-14,31.4122,32.4625,31.4122,32.1889,61454486
ITUB4.SA,2024-08-15,32.3654,32.7361,32.2683,32.7008,36976474
ITUB4.SA,2024-08-16,32.8685,33.0891,32.3389,32.4272,39069012
ITUB4.SA,2024-08-19,32.5508,32.8861,32.4625,32.6214,25227717
ITUB4.SA,2024-08-20,32.6567,32.9744,32.4272,32.8597,17856533
ITUB4.SA,2024-08-21,32.9479,32.9921,32.5772,32.7273,16012462
ITUB4.SA,2024-08-22,32.0565,32.436,32.0388,32.4272,24315199
ITUB4.SA,2024-08-23,32.4713,32.7008,32.1006,32.1801,24645695
ITUB4.SA,2024-08-26,32.2418,32.3389,32.0035,32.2507,16314180
ITUB4.SA,2024-08-27,32.2418,32.4007,32.0653,32.286,16586780
ITUB4.SA,2024-08-28,32.0918,33.0715,31.9771,32.9832,36121512
ITUB4.SA,2024-08-29,32.8244,32.9921,32.6214,32.6214,25176619
ITUB4.SA,2024-08-30,32.5066,32.6302,32.1359,32.3919,69846390
ITUB4.SA,2024-09-02,32.2771,32.3919,32.0741,32.1183,11520344
ITUB4.SA,2024-09-03,32.2065,32.6478,32.0918,32.639,17829227
ITUB4.SA,2024-09-04,32.7891,33.3539,32.6743,32.8685,23012702
ITUB4.SA,2024-09-05,32.9214,33.1862,32.7802,33.0803,13102351
ITUB4.SA,2024-09-06,33.1686,33.1686,32.5419,32.6125,18068290
ITUB4.SA,2024-09-09,32.6743,33.0538,32.6302,32.9303,15484371
ITUB4.SA,2024-09-10,32.7008,32.9921,32.6743,32.9303,15099944
ITUB4.SA,2024-09-11,32.9921,33.1333,32.7802,32.9921,22282257
ITUB4.SA,2024-09-12,32.842,32.9038,32.3919,32.6302,16309421
ITUB4.SA,2024-09-13,32.7979,32.9479,32.286,32.6655,22909713
ITUB4.SA,2024-09-16,32.7096,32.8508,32.5066,32.6567,12252828
ITUB4.SA,2024-09-17,32.5772,32.639,32.3566,32.5772,19981701
ITUB4.SA,2024-09-18,32.5243,32.6831,32.2683,32.3919,18703790
ITUB4.SA,2024-09-19,32.4801,32.5508,32.1006,32.3036,27012532
ITUB4.SA,2024-09-20,32.0565,32.1977,31.6946,31.7123,34731661
ITUB4.SA,2024-09-23,31.5446,31.7564,31.3945,31.5269,17373195
ITUB4.SA,2024-09-24,31.8182,32.0653,31.3504,31.5181,27208315
ITUB4.SA,2024-09-25,31.5799,31.9241,31.5799,31.9153,24582587
ITUB4.SA,2024-09-26,32.2154,32.5596,32.0741,32.3213,42599440
ITUB4.SA,2024-09-27,32.2507,32.5331,32.233,32.4448,31411178
ITUB4.SA,2024-09-30,32.3036,32.6567,31.8711,31.8711,28491777
ITUB4.SA,2024-10-01,32.0035,32.0477,31.271,31.3327,30144937
ITUB4.SA,2024-10-02,31.6593,32.0035,31.3504,31.5269,23530370
ITUB4.SA,2024-10-03,31.0856,31.1739,30.5825,30.7502,35700490
ITUB4.SA,2024-10-04,30.6178,31.015,30.5649,30.812,17541559
ITUB4.SA,2024-10-07,31.068,31.1739,30.759,31.015,26410683
ITUB4.SA,2024-10-08,31.2268,31.3416,31.1297,31.2004,26176152
ITUB4.SA,2024-10-09,30.9885,31.068,30.5649,30.6267,23707005
ITUB4.SA,2024-10-10,30.6355,30.865,30.5119,30.7944,23211884
ITUB4.SA,2024-10-11,30.7414,30.865,30.4943,30.5649,19225310
ITUB4.SA,2024-10-14,30.662,30.9532,30.556,30.759,16356101
ITUB4.SA,2024-10-15,30.8032,31.165,30.6531,31.1121,32631872
ITUB4.SA,2024-10-16,31.1121,31.1297,30.759,30.9267,39642197
ITUB4.SA,2024-10-17,30.6178,31.271,30.4854,30.9885,22310809
ITUB4.SA,2024-10-18,31.068,31.2268,30.9091,31.1386,17703125
ITUB4.SA,2024-10-21,31.2357,31.2621,30.8914,30.9797,16873089
ITUB4.SA,2024-10-22,30.8914,31.1121,30.7237,31.0327,24850542
ITUB4.SA,2024-10-23,30.9003,31.2445,30.8914,31.2268,17395402
ITUB4.SA,2024-10-24,31.2268,31.624,31.1474,31.5093,24236796
ITUB4.SA,2024-10-25,31.5093,31.5799,31.0856,31.1562,17380220
ITUB4.SA,2024-10-28,31.4563,31.6946,31.3239,31.5357,11933889
ITUB4.SA,2024-10-29,31.6505,31.7211,31.2004,31.2004,13225282
ITUB4.SA,2024-10-30,31.1915,31.4122,31.0062,31.1121,12081065
ITUB4.SA,2024-10-31,31.1121,31.4298,30.9091,30.9091,22748147
ITUB4.SA,2024-11-01,30.8914,31.1562,30.7061,30.7237,25777562
ITUB4.SA,2024-11-04,31.0062,31.368,30.7944,31.1386,23226386
ITUB4.SA,2024-11-05,31.5093,32.3477,31.421,32.0741,59510598
ITUB4.SA,2024-11-06,31.6593,32.1536,31.3504,31.9241,44058971
ITUB4.SA,2024-11-07,31.8888,32.1977,31.3857,31.4563,16816325
ITUB4.SA,2024-11-08,30.9532,31.218,30.7855,30.962,26247984
ITUB4.SA,2024-11-11,30.8561,31.2621,30.812,30.9974,20677703
ITUB4.SA,2024-11-12,31.0238,31.1386,30.5914,30.6267,26591283
ITUB4.SA,2024-11-13,30.7149,30.759,30.2736,30.4678,29706013
ITUB4.SA,2024-11-14,30.406,30.5472,30.1589,30.3795,35013665
ITUB4.SA,2024-11-18,30.3442,30.5119,30.203,30.2736,20962992
ITUB4.SA,2024-11-19,30.2736,30.6267,30.15,30.5472,18019798
ITUB4.SA,2024-11-21,30.2207,30.3883,30.0177,30.0177,28727441
ITUB4.SA,2024-11-22,30.3619,30.3619,29.9559,30.1059,14604143
ITUB4.SA,2024-11-25,30.0883,30.1942,29.9823,30.0971,27017291
ITUB4.SA,2024-11-26,30.1853,31.0327,30.1589,30.6708,30264922
ITUB4.SA,2024-11-27,30.609,30.759,29.7617,29.9206,26816070
ITUB4.SA,2024-11-28,29.8058,29.8588,28.7996,28.8438,44303925
ITUB4.SA,2024-11-29,28.9144,29.0644,28.4025,28.7732,41721478
ITUB4.SA,2024-12-02,28.5878,28.8173,28.2436,28.3495,25024231
ITUB4.SA,2024-12-03,28.4289,28.7026,28.4025,28.6673,23357474
ITUB4.SA,2024-12-04,28.6055,28.9938,28.5613,28.8438,25113058
ITUB4.SA,2024-12-05,29.1086,29.5675,28.9497,29.4616,36947243
ITUB4.SA,2024-12-06,29.3733,29.4704,28.8438,28.8614,24236456
ITUB4.SA,2024-12-09,28.9056,29.241,28.9056,29.0026,18324009
ITUB4.SA,2024-12-10,28.8967,29.2763,28.8614,29.1174,21447916
ITUB4.SA,2024-12-11,29.1439,29.7882,28.8173,29.3998,35985666
ITUB4.SA,2024-12-12,29.1262,29.2851,28.5702,28.6673,27479555
ITUB4.SA,2024-12-13,28.7114,28.7996,28.2877,28.2966,27998356
ITUB4.SA,2024-12-16,28.2524,28.3407,27.9876,27.9876,37414605
ITUB4.SA,2024-12-17,28.0671,28.4025,27.8906,28.1377,45447689
ITUB4.SA,2024-12-18,28.0406,28.1024,27.2462,27.3345,58162101
ITUB4.SA,2024-12-19,27.5287,27.8376,27.2816,27.4846,53287369
ITUB4.SA,2024-12-20,27.4139,27.8199,27.4139,27.8023,60210112
ITUB4.SA,2024-12-23,27.4757,27.6346,27.1403,27.2639,31425454
ITUB4.SA,2024-12-26,27.2286,27.564,27.1756,27.4404,23278278
ITUB4.SA,2024-12-27,27.4934,27.564,27.1668,27.1668,15418543
ITUB4.SA,2024-12-30,27.2462,27.4228,27.1227,27.1227,32151480
ITUB4.SA,2025-01-02,27.0521,27.2286,26.6902,26.9815,29053972
ITUB4.SA,2025-01-03,26.9991,27.0256,26.3195,26.3195,40039200
ITUB4.SA,2025-01-06,26.6637,27.5816,26.5755,27.5022,35104078
ITUB4.SA,2025-01-07,27.6434,28.12,27.5728,27.8023,28624338
ITUB4.SA,2025-01-08,27.5552,27.7229,27.2374,27.3522,21783171
ITUB4.SA,2025-01-09,27.3698,27.511,27.2904,27.4228,11465733
ITUB4.SA,2025-01-10,27.4139,27.4846,26.9638,27.0432,21853643
ITUB4.SA,2025-01-13,27.0344,27.4757,27.0344,27.2374,17535780
ITUB4.SA,2025-01-14,27.2992,27.3169,26.8491,27.2551,22928521
ITUB4.SA,2025-01-15,27.511,28.4996,27.4228,28.4378,40308287
ITUB4.SA,2025-01-16,28.376,28.5878,28.1112,28.3495,24765227
ITUB4.SA,2025-01-17,28.4819,28.7467,28.323,28.5525,23627808
ITUB4.SA,2025-01-20,28.4201,29.038,28.4201,28.8261,10462575
ITUB4.SA,2025-01-21,28.8261,29.038,28.7114,28.8879,15918423
ITUB4.SA,2025-01-22,28.9938,29.0909,28.6937,28.782,23835940
ITUB4.SA,2025-01-23,28.8703,29.0115,28.5349,28.7202,22913792
ITUB4.SA,2025-01-24,28.6231,28.7732,28.5172,28.6496,9909218
ITUB4.SA,2025-01-27,28.6496,29.3998,28.5172,29.338,22917984
ITUB4.SA,2025-01-28,29.338,29.5234,29.0997,29.391,16244500
ITUB4.SA,2025-01-29,29.5146,29.6117,29.3027,29.3204,13655935
ITUB4.SA,2025-01-30,29.3292,30.1677,29.3292,30.0353,29709865
ITUB4.SA,2025-01-31,30.1412,30.203,29.8411,29.8411,20432975
ITUB4.SA,2025-02-03,29.7264,29.8235,29.338,29.5499,25677405
ITUB4.SA,2025-02-04,29.4793,29.9117,29.3204,29.6558,23154667
ITUB4.SA,2025-02-05,29.85,30.3707,29.7882,30.1059,45348664
ITUB4.SA,2025-02-06,29.391,30.353,29.0821,30.1589,44044581
ITUB4.SA,2025-02-07,30.2648,30.4237,29.744,29.9382,40083613
ITUB4.SA,2025-02-10,30.0618,30.4854,30.0177,30.2648,42687021
ITUB4.SA,2025-02-11,30.3619,30.8032,30.3619,30.5825,35512412
ITUB4.SA,2025-02-12,30.3619,30.5472,29.594,29.7352,34311545
ITUB4.SA,2025-02-13,29.7529,29.9206,29.6117,29.8941,15168830
ITUB4.SA,2025-02-14,30.0971,30.8032,30.053,30.6884,33546090
ITUB4.SA,2025-02-17,30.7855,31.1562,30.7502,30.7502,20231641
ITUB4.SA,2025-02-18,29.3998,29.4351,29.0026,29.3027,34668327
ITUB4.SA,2025-02-19,29.1703,29.1968,28.9056,29.0291,25496918
ITUB4.SA,2025-02-20,29.0291,29.1615,28.8173,28.9497,17946380
ITUB4.SA,2025-02-21,28.9232,28.9585,28.7202,28.8614,34362303
ITUB4.SA,2025-02-24,29.0115,29.0997,28.526,28.7026,29019415
ITUB4.SA,2025-02-25,28.932,29.2498,28.7996,28.9938,29667378
ITUB4.SA,2025-02-26,29.2586,29.2851,28.9056,28.9232,24486962
ITUB4.SA,2025-02-27,29.0997,29.2321,28.8967,28.8967,23485390
ITUB4.SA,2025-02-28,28.8967,29.0468,28.1906,28.1906,40016653
ITUB4.SA,2025-03-05,28.6055,28.7467,28.2436,28.5966,29404182
ITUB4.SA,2025-03-06,28.5966,28.8879,28.4289,28.6496,21081617
ITUB4.SA,2025-03-07,28.579,29.0556,28.4643,28.7732,23391804
ITUB4.SA,2025-03-10,28.6408,29.0291,28.4731,29.0291,31361893
ITUB4.SA,2025-03-11,29.0821,29.0821,28.6055,28.7732,21005253
ITUB4.SA,2025-03-12,28.8791,28.9497,28.6055,28.8614,20300754
ITUB4.SA,2025-03-13,28.8614,29.4175,28.8085,29.3292,32681045
ITUB4.SA,2025-03-14,29.4793,30.4943,29.4175,30.2824,35848233
ITUB4.SA,2025-03-17,30.2648,31.2886,30.2295,31.1915,30713817
ITUB4.SA,2025-03-18,31.3689,31.6408,31.2136,31.3592,30775164
ITUB4.SA,2025-03-19,31.5534,31.6602,31.301,31.4369,25414117
ITUB4.SA,2025-03-20,31.3883,31.6019,30.9223,31.1456,32136515
ITUB4.SA,2025-03-21,31.1748,31.3592,31.0485,31.2136,49041184
ITUB4.SA,2025-03-24,31.1456,31.3786,31.0097,31.2427,32838563
ITUB4.SA,2025-03-25,31.3592,31.9903,31.3592,31.4951,19574017
ITUB4.SA,2025-03-26,31.6019,31.6505,31.0291,31.1553,32860090
ITUB4.SA,2025-03-27,31.2136,31.2621,31.0291,31.1942,29373952
ITUB4.SA,2025-03-28,31.0485,31.2039,30.5534,30.767,22939851
ITUB4.SA,2025-03-31,30.6796,30.6796,30.1845,30.4951,26139340
ITUB4.SA,2025-04-01,30.4757,30.7476,30.2621,30.4854,12749134
ITUB4.SA,2025-04-02,30.4563,30.699,30.2718,30.4951,12147820
ITUB4.SA,2025-04-03,30.2427,31.2621,30.1845,31.0388,32876673
ITUB4.SA,2025-04-04,30.6602,30.8155,30.0097,30.233,32585286
ITUB4.SA,2025-04-07,30.0,30.699,29.6505,30.2913,33261069
ITUB4.SA,2025-04-08,30.6214,30.8447,30.0874,30.301,37102660
ITUB4.SA,2025-04-09,30.0971,31.4078,29.9223,30.8544,37906369
ITUB4.SA,2025-04-10,30.7379,31.1068,30.2233,30.7282,36347258
ITUB4.SA,2025-04-11,30.835,31.1942,30.5243,30.8835,28350853
ITUB4.SA,2025-04-14,31.2233,31.5728,31.0388,31.3883,27027200
ITUB4.SA,2025-04-15,31.3495,31.835,31.2621,31.7864,25716216
ITUB4.SA,2025-04-16,31.6505,31.9612,31.5534,31.7379,32431301
ITUB4.SA,2025-04-17,31.6214,31.8738,31.4175,31.7961,20502356
ITUB4.SA,2025-04-22,31.7476,32.5631,31.6699,32.4175,21624747
ITUB4.SA,2025-04-23,32.7087,33.1748,32.5728,33.0971,28074813
ITUB4.SA,2025-04-24,33.1553,33.7961,33.0777,33.7379,27701953
ITUB4.SA,2025-04-25,33.7379,33.9515,33.4951,33.6116,32716096
ITUB4.SA,2025-04-28,33.6019,34.0485,33.466,33.9709,15664343
ITUB4.SA,2025-04-29,33.9806,34.3883,33.8349,34.2427,25215842
ITUB4.SA,2025-04-30,34.0291,34.6408,34.0097,34.5437,32424606
ITUB4.SA,2025-05-02,34.3883,34.6408,33.7379,34.4369,39184393
ITUB4.SA,2025-05-05,34.2233,34.3592,33.7379,33.8252,28440154
ITUB4.SA,2025-05-06,33.8058,33.8641,33.4175,33.6505,17773062
ITUB4.SA,2025-05-07,33.9029,34.1165,33.7184,34.0194,13799837
ITUB4.SA,2025-05-08,34.5631,34.9515,34.1165,34.2913,34181683
ITUB4.SA,2025-05-09,35.3398,36.165,34.7476,36.1456,59744738
ITUB4.SA,2025-05-12,36.3495,36.3495,35.1942,35.4175,27701747
ITUB4.SA,2025-05-13,35.6116,36.0291,35.4563,35.8544,25374256
ITUB4.SA,2025-05-14,35.8641,36.2524,35.7379,36.0971,18405585
ITUB4.SA,2025-05-15,36.2718,36.6699,36.1359,36.5825,27141221
ITUB4.SA,2025-05-16,36.5825,36.8932,36.2816,36.7961,30524874
ITUB4.SA,2025-05-19,36.7184,37.466,36.6116,37.233,25052690
ITUB4.SA,2025-05-20,37.2621,37.2621,36.7573,37.1845,18517546
ITUB4.SA,2025-05-21,37.0777,37.0874,36.1359,36.4369,20822892
ITUB4.SA,2025-05-22,36.5437,36.6408,36.0583,36.1845,23576494
ITUB4.SA,2025-05-23,35.534,36.6214,35.301,36.6214,20729677
ITUB4.SA,2025-05-26,36.5243,37.1359,36.4466,36.699,6695412
ITUB4.SA,2025-05-27,37.1845,37.4951,36.767,36.9903,15157789
ITUB4.SA,2025-05-28,36.9709,37.0388,36.6019,36.6893,14984646
ITUB4.SA,2025-05-29,36.5631,36.8544,36.2621,36.3981,18040759
ITUB4.SA,2025-05-30,36.534,36.6214,36.0097,36.3398,32129614
ITUB4.SA,2025-06-02,36.5728,36.6602,35.9515,36.068,23768074
ITUB4.SA,2025-06-03,35.932,36.068,35.7087,35.9515,24216330
ITUB4.SA,2025-06-04,36.0874,36.2039,35.6019,35.8641,17784701
ITUB4.SA,2025-06-05,35.9223,35.9223,35.3204,35.4272,25542146
ITUB4.SA,2025-06-06,35.4078,35.6796,35.2427,35.5146,18733537
ITUB4.SA,2025-06-09,35.4078,35.5631,34.8252,35.3301,24664895
ITUB4.SA,2025-06-10,35.4369,35.5146,34.9223,34.9515,20974508
ITUB4.SA,2025-06-11,34.9223,35.5243,34.699,35.2718,16665400
ITUB4.SA,2025-06-12,35.0388,35.7573,35.0097,35.5437,22525482
ITUB4.SA,2025-06-13,35.1165,35.2913,34.8641,35.1165,14821597
ITUB4.SA,2025-06-16,35.466,36.1359,35.4563,35.7573,17874002
ITUB4.SA,2025-06-17,35.9126,36.0097,35.699,35.9709,20133513
ITUB4.SA,2025-06-18,35.8544,36.0,35.6408,35.7573,20285232
ITUB4.SA,2025-06-20,35.4563,35.6019,35.3301,35.5728,21841974
ITUB4.SA,2025-06-23,35.5728,35.5728,35.0971,35.4951,14711387
ITUB4.SA,2025-06-24,35.6505,36.4854,35.5146,36.165,20742037
ITUB4.SA,2025-06-25,36.0194,36.0583,35.3786,35.5146,20384627
ITUB4.SA,2025-06-26,35.5631,35.7184,35.1456,35.2524,23717707
ITUB4.SA,2025-06-27,34.9515,35.301,34.8932,35.2136,14240265
ITUB4.SA,2025-06-30,35.0971,35.8835,34.8738,35.8738,30712643
ITUB4.SA,2025-07-01,35.8544,36.0874,35.7379,36.0194,18712010
ITUB4.SA,2025-07-02,36.0194,36.1942,35.4854,35.7282,20331479
ITUB4.SA,2025-07-03,35.767,36.699,35.767,36.6116,13945170
ITUB4.SA,2025-07-04,36.6019,36.8835,36.4854,36.6311,7528785
ITUB4.SA,2025-07-07,36.6408,36.6796,36.068,36.1456,13885121
ITUB4.SA,2025-07-08,36.0777,36.233,35.8252,36.0583,21526588
ITUB4.SA,2025-07-09,36.0,36.0097,35.2039,35.3107,16093132
ITUB4.SA,2025-07-10,34.8544,34.8544,34.2136,34.2233,39571879
ITUB4.SA,2025-07-11,34.1262,34.1748,33.7184,33.9417,43139284
ITUB4.SA,2025-07-14,33.9126,34.0097,33.5049,33.8835,26665052
ITUB4.SA,2025-07-15,33.8835,34.1942,33.6796,34.0,27356285
ITUB4.SA,2025-07-16,34.068,34.2718,33.8641,34.165,27655294
ITUB4.SA,2025-07-17,34.1845,34.7961,34.165,34.6796,25587775
ITUB4.SA,2025-07-18,34.3883,34.6796,33.9709,34.0485,32227155
ITUB4.SA,2025-07-21,34.0291,34.5437,33.9903,34.4466,12354541
ITUB4.SA,2025-07-22,34.466,34.699,33.9223,33.9806,23330324
ITUB4.SA,2025-07-23,33.9417,34.4951,33.8447,34.3592,13271962
ITUB4.SA,2025-07-24,34.2427,34.2427,33.8349,34.0388,11460089
ITUB4.SA,2025-07-25,34.0097,34.4563,34.0097,34.1845,18518061
ITUB4.SA,2025-07-28,34.2524,34.2913,33.1553,33.466,17849385
ITUB4.SA,2025-07-29,33.4369,33.8447,33.3689,33.6602,16655821
ITUB4.SA,2025-07-30,33.5049,34.233,33.3107,34.0485,19531787
ITUB4.SA,2025-07-31,33.6699,34.1942,33.6311,34.1359,22001830
ITUB4.SA,2025-08-01,34.5631,34.7184,33.7282,33.9126,16498643
ITUB4.SA,2025-08-04,34.4078,34.5243,34.0097,34.2718,17430072
ITUB4.SA,2025-08-05,34.1942,34.8835,34.0388,34.6505,49690805
ITUB4.SA,2025-08-06,35.233,36.068,35.0485,35.0874,41157358
ITUB4.SA,2025-08-07,35.1845,35.932,35.0583,35.7087,26887326
ITUB4.SA,2025-08-08,35.7184,36.068,35.6796,35.9515,18329262
ITUB4.SA,2025-08-11,35.7379,36.2816,35.6699,36.1748,22695226
ITUB4.SA,2025-08-12,36.3689,37.1553,36.301,36.9223,27812781
ITUB4.SA,2025-08-13,36.8155,37.0097,36.5534,36.5728,22618491
ITUB4.SA,2025-08-14,36.2621,36.8932,36.1942,36.5243,26818728
ITUB4.SA,2025-08-15,36.3981,36.7282,36.2621,36.3981,19527976
ITUB4.SA,2025-08-18,36.5049,36.9515,36.4175,36.6602,21658634
ITUB4.SA,2025-08-19,35.8349,35.8447,34.8447,35.2524,40817973
ITUB4.SA,2025-08-20,35.2136,35.466,35.0,35.2718,16894884
ITUB4.SA,2025-08-21,35.0,35.3689,34.9417,35.3107,16147619
ITUB4.SA,2025-08-22,35.4369,36.3301,35.3301,36.301,32623087
ITUB4.SA,2025-08-25,36.3883,36.4854,36.0291,36.1165,11064054
ITUB4.SA,2025-08-26,36.165,36.2039,35.4854,35.8738,22088247
ITUB4.SA,2025-08-27,35.7282,36.4951,35.5825,36.4757,12612968
ITUB4.SA,2025-08-28,36.7379,37.5922,36.6214,37.233,25167947
ITUB4.SA,2025-08-29,37.3495,37.5243,37.2039,37.3689,32600942
ITUB4.SA,2025-09-01,37.466,37.932,37.3689,37.6505,14863209
ITUB4.SA,2025-09-02,37.0388,37.3592,36.8544,37.0097,24358676
ITUB4.SA,2025-09-03,37.0097,37.1748,36.534,36.6893,20686108
ITUB4.SA,2025-09-04,36.6796,37.233,36.4175,36.8349,15877244
ITUB4.SA,2025-09-05,37.2039,37.6893,36.9806,37.2427,15664343
ITUB4.SA,2025-09-08,37.2427,37.2913,36.6699,37.068,11800195
ITUB4.SA,2025-09-09,37.2524,37.2524,36.699,36.7476,19497179
ITUB4.SA,2025-09-10,36.7573,37.233,36.699,36.7767,14517129
ITUB4.SA,2025-09-11,36.9417,37.6116,36.8447,36.8447,18078972
ITUB4.SA,2025-09-12,36.6214,36.6602,36.1748,36.2913,22589754
ITUB4.SA,2025-09-15,36.4175,37.068,36.3204,36.8932,14196181
ITUB4.SA,2025-09-16,37.0777,37.1359,36.5728,36.7961,19993536
ITUB4.SA,2025-09-17,36.8252,37.6893,36.7573,37.3204,25226348
ITUB4.SA,2025-09-18,37.3204,37.4272,37.0485,37.3689,15433005
ITUB4.SA,2025-09-19,37.3786,37.8641,37.3301,37.8641,26702853
ITUB4.SA,2025-09-22,37.6019,37.7282,37.165,37.3204,18325039
ITUB4.SA,2025-09-23,37.3495,38.0971,37.3495,37.9126,16930110
ITUB4.SA,2025-09-24,37.9223,38.0,37.5825,37.6602,18713452
ITUB4.SA,2025-09-25,37.6796,37.8835,37.3495,37.3592,15146768
ITUB4.SA,2025-09-26,37.4175,37.7282,37.3689,37.5437,12786935
ITUB4.SA,2025-09-29,37.9417,38.2136,37.7282,37.7573,19124422
ITUB4.SA,2025-09-30,38.2524,38.3495,37.5922,37.932,33263438
ITUB4.SA,2025-10-01,38.1165,38.2621,37.1845,37.233,25519177
ITUB4.SA,2025-10-02,37.301,37.5728,36.7864,36.8252,17094601
ITUB4.SA,2025-10-03,36.8058,37.0971,36.6214,37.0971,17766985
ITUB4.SA,2025-10-06,37.0874,37.1359,36.6699,36.6699,14832309
ITUB4.SA,2025-10-07,36.6214,36.6311,35.8932,36.0874,20705472
ITUB4.SA,2025-10-08,36.165,36.3592,35.9709,36.1553,15395204
ITUB4.SA,2025-10-09,36.3301,36.3301,35.8835,36.0971,18067539
ITUB4.SA,2025-10-10,36.2816,36.466,35.9515,36.0583,23250808
ITUB4.SA,2025-10-13,36.1942,36.4369,36.1942,36.2039,8194989
ITUB4.SA,2025-10-14,36.1068,36.7379,36.1068,36.3592,21154861
ITUB4.SA,2025-10-15,36.233,36.6019,35.9806,36.3592,21972166
ITUB4.SA,2025-10-16,36.233,36.699,36.0194,36.2718,15847580
ITUB4.SA,2025-10-17,36.068,36.5243,35.932,36.3981,17469315
ITUB4.SA,2025-10-20,36.5243,37.233,36.4854,37.0485,19114019
ITUB4.SA,2025-10-21,37.0485,37.1165,36.6699,36.699,14013871
ITUB4.SA,2025-10-22,36.8252,37.0,36.6408,37.0,13890374
ITUB4.SA,2025-10-23,37.1359,37.2233,36.7767,36.9709,11432588
ITUB4.SA,2025-10-24,37.2621,37.3981,36.8738,36.9223,10169911
ITUB4.SA,2025-10-27,37.2039,37.4854,37.0777,37.233,11194349
ITUB4.SA,2025-10-28,37.1262,37.3592,37.0777,37.3592,10478499
ITUB4.SA,2025-10-29,37.4272,38.3592,37.4272,38.1942,27235466
ITUB4.SA,2025-10-30,38.1262,38.5243,37.8835,38.1456,18657008
ITUB4.SA,2025-10-31,38.2913,38.4757,38.1748,38.2913,16449821
ITUB4.SA,2025-11-03,38.7379,38.9612,38.3981,38.9126,17968144
ITUB4.SA,2025-11-04,38.8835,39.0,38.6505,38.7961,20386481
ITUB4.SA,2025-11-05,38.7961,38.9903,38.1553,38.9612,36312135
ITUB4.SA,2025-11-06,38.9223,39.6019,38.8447,38.9612,23226500
ITUB4.SA,2025-11-07,38.9612,39.0291,38.6116,39.0,12706904
ITUB4.SA,2025-11-10,39.1748,39.3398,39.0485,39.2621,16552409
ITUB4.SA,2025-11-11,39.4175,40.165,39.2621,40.0194,37289193
ITUB4.SA,2025-11-12,40.0194,40.1456,38.9612,39.1068,36789128
ITUB4.SA,2025-11-13,39.2816,39.8544,39.0097,39.2621,33686974
ITUB4.SA,2025-11-14,39.2427,39.4951,39.0388,39.4175,17006742
ITUB4.SA,2025-11-17,39.4175,39.5146,39.0194,39.1262,43985120
ITUB4.SA,2025-11-18,38.7864,39.1748,38.7379,38.932,17147337
ITUB4.SA,2025-11-19,38.8835,39.0291,38.5825,38.6893,25766686
ITUB4.SA,2025-11-21,38.6893,38.8641,38.3981,38.8058,16502454
ITUB4.SA,2025-11-24,38.7573,39.0,38.5631,38.6602,29014997
ITUB4.SA,2025-11-25,38.8349,39.0485,38.5728,38.7476,30345963
ITUB4.SA,2025-11-26,38.932,39.7184,38.8058,39.6602,22251296
ITUB4.SA,2025-11-27,39.4757,39.6893,39.3981,39.5243,9469408
ITUB4.SA,2025-11-28,40.068,40.6893,40.0,40.4272,45311657
ITUB4.SA,2025-12-01,40.4951,40.534,39.9515,40.0971,15912985
ITUB4.SA,2025-12-02,40.2524,40.9903,40.233,40.9903,21175667
ITUB4.SA,2025-12-03,41.068,41.2233,40.699,40.9903,23159653
ITUB4.SA,2025-12-04,41.1262,42.0,41.1165,42.0,23199514
ITUB4.SA,2025-12-05,42.0485,42.1359,39.9515,40.0583,39832160
ITUB4.SA,2025-12-08,40.7282,40.8544,40.0194,40.2524,40458400
ITUB4.SA,2025-12-09,40.165,40.2913,39.5437,40.165,24725047
ITUB4.SA,2025-12-10,38.0583,38.4854,37.7573,38.2913,25643189
ITUB4.SA,2025-12-11,38.2524,38.6019,38.0777,38.2621,21275268
ITUB4.SA,2025-12-12,38.5437,38.8932,38.2039,38.6019,17595593
ITUB4.SA,2025-12-15,39.0097,39.3981,38.7379,39.1845,17767809
ITUB4.SA,2025-12-16,38.9903,39.0388,38.1748,38.1748,20379168
ITUB4.SA,2025-12-17,37.9612,38.1942,37.6214,37.8349,31625017
ITUB4.SA,2025-12-18,37.6893,38.1165,37.6893,38.0291,21898830
ITUB4.SA,2025-12-19,38.2039,38.8349,38.0485,38.3786,35446214
ITUB4.SA,2025-12-22,38.3204,38.5631,38.1456,38.4563,15858704
ITUB4.SA,2025-12-23,38.6408,39.1748,38.5825,39.0874,10490138
ITUB4.SA,2025-12-26,39.02,39.22,38.71,39.1,12196300
ITUB4.SA,2025-12-29,39.18,39.27,38.86,38.98,10657000
ITUB4.SA,2025-12-30,39.23,39.67,39.15,39.23,13764900
ITUB4.SA,2026-01-02,39.63,39.77,39.15,39.15,18846800
ITUB4.SA,2026-01-05,39.24,40.14,39.06,39.72,24438700
ITUB4.SA,2026-01-06,40.09,40.48,39.96,39.96,21959800
ITUB4.SA,2026-01-07,39.9,39.98,39.19,39.32,20894500
ITUB4.SA,2026-01-08,39.35,40.09,39.23,39.93,17209400
ITUB4.SA,2026-01-09,39.93,40.29,39.77,39.85,17023600
ITUB4.SA,2026-01-12,39.85,39.91,39.49,39.49,10672200
ITUB4.SA,2026-01-13,39.47,39.57,39.17,39.17,17397400
ITUB4.SA,2026-01-14,39.47,39.66,39.22,39.6,21222100
ITUB4.SA,2026-01-15,39.8,40.22,39.66,39.94,19093500
ITUB4.SA,2026-01-16,39.97,40.09,39.46,39.61,19742500
ITUB4.SA,2026-01-19,39.72,39.87,39.53,39.55,7190900
ITUB4.SA,2026-01-20,39.35,40.09,39.07,39.92,20693900
ITUB4.SA,2026-01-21,40.27,41.77,40.24,41.67,39510800
ITUB4.SA,2026-01-22,41.96,43.57,41.9,43.08,42959700
ITUB4.SA,2026-01-23,43.19,43.91,43.04,43.57,41025100
ITUB4.SA,2026-01-26,43.51,44.34,43.28,44.15,25371700
ITUB4.SA,2026-01-27,44.78,46.07,44.69,45.32,40280000
ITUB4.SA,2026-01-28,45.64,46.42,45.63,46.34,36337500
ITUB4.SA,2026-01-29,46.68,47.05,45.65,46.15,36252700
ITUB4.SA,2026-01-30,46.09,46.38,44.98,45.5,38117000
ITUB4.SA,2026-02-02,45.79,46.1,45.43,45.88,28095400
ITUB4.SA,2026-02-03,46.3,46.98,45.89,46.14,48570600
ITUB4.SA,2026-02-04,45.9,45.98,44.05,44.62,48683500
ITUB4.SA,2026-02-05,45.24,45.88,44.74,45.52,36014400
ITUB4.SA,2026-02-06,45.59,46.94,45.11,46.75,38175900
ITUB4.SA,2026-02-09,47.0,48.4,46.74,48.31,41656900
ITUB4.SA,2026-02-10,48.31,49.19,48.19,48.42,43939300
ITUB4.SA,2026-02-11,48.8,49.67,48.6,49.37,45819200
ITUB4.SA,2026-02-12,49.05,49.1,47.87,48.24,42023800
ITUB4.SA,2026-02-13,48.07,48.07,46.6,47.77,32353500
ITUB4.SA,2026-02-18,48.07,48.42,47.52,47.99,23368500
ITUB4.SA,2026-02-19,48.1,49.17,47.93,48.55,32026400
ITUB4.SA,2026-02-20,48.05,49.29,48.02,49.23,31655900
ITUB4.SA,2026-02-23,48.8,48.89,47.29,47.45,34148200
ITUB4.SA,2026-02-24,47.64,48.35,47.25,48.17,38465900
ITUB4.SA,2026-02-25,48.34,48.5,47.07,47.79,28980200
ITUB4.SA,2026-02-26,47.79,48.15,47.16,47.67,26516600
ITUB4.SA,2026-02-27,47.6,47.62,46.28,46.78,44765800
ITUB4.SA,2026-03-02,45.83,46.33,45.58,45.92,47144000
ITUB4.SA,2026-03-03,44.22,44.87,43.44,44.38,54352300
ITUB4.SA,2026-03-04,45.24,45.49,44.52,45.01,27146100
ITUB4.SA,2026-03-05,44.8,45.0,43.33,43.51,37085400
ITUB4.SA,2026-03-06,43.46,43.59,42.65,42.93,26063600
ITUB4.SA,2026-03-09,42.52,43.28,42.35,43.16,40970400
ITUB4.SA,2026-03-10,43.58,44.2,42.82,43.8,50383100
ITUB4.SA,2026-03-11,43.27,44.44,43.2,43.89,18482600
ITUB4.SA,2026-03-12,43.09,43.22,42.3,42.69,27095200
ITUB4.SA,2026-03-13,42.83,43.35,42.33,42.4,24896600
ITUB4.SA,2026-03-16,43.25,43.47,42.85,43.0,17777300
ITUB4.SA,2026-03-17,42.9,43.38,42.27,42.71,22436600
ITUB4.SA,2026-03-18,42.5,43.04,42.27,42.28,23872800
ITUB4.SA,2026-03-19,41.7,42.6,41.37,42.58,32908000
ITUB4.SA,2026-03-20,42.11,42.27,41.2,41.55,37660900
ITUB4.SA,2026-03-23,42.54,43.14,42.06,42.78,27535500
ITUB4.SA,2026-03-24,42.5,42.81,41.96,42.54,18609000
ITUB4.SA,2026-03-25,43.15,43.5,42.85,43.1,35148900
ITUB4.SA,2026-03-26,42.69,42.84,41.94,41.94,18260900
ITUB4.SA,2026-03-27,41.81,41.81,41.18,41.45,27910700
ITUB4.SA,2026-03-30,42.0,42.06,41.23,41.6,18528100
ITUB4.SA,2026-03-31,42.29,43.64,42.15,43.48,33419700
ITUB4.SA,2026-04-01,43.84,44.28,43.5,43.83,26681100
ITUB4.SA,2026-04-02,42.62,44.01,42.47,43.3,17811800
ITUB4.SA,2026-04-06,43.35,43.74,43.2,43.49,11004600
ITUB4.SA,2026-04-07,43.3,43.47,42.64,43.46,20302000
ITUB4.SA,2026-04-08,45.7,45.73,44.7,44.98,35777600
ITUB4.SA,2026-04-09,45.2,45.96,44.99,45.75,22162900
ITUB4.SA,2026-04-10,45.83,46.38,45.77,46.07,29705900
ITUB4.SA,2026-04-13,45.76,46.04,45.24,45.83,31011600
ITUB4.SA,2026-04-14,46.0,46.84,45.85,46.53,23343300
ITUB4.SA,2026-04-15,46.37,47.41,46.37,47.04,28907200
ITUB4.SA,2026-04-16,47.27,47.47,46.52,46.98,22566300
ITUB4.SA,2026-04-17,47.5,47.9,46.75,46.8,39165500
ITUB4.SA,2026-04-20,46.8,47.03,46.23,46.37,19194500
ITUB4.SA,2026-04-22,46.26,46.26,44.98,45.03,25440000
ITUB4.SA,2026-04-23,44.9,45.12,44.12,44.18,20444200
ITUB4.SA,2026-04-24,44.46,44.52,43.89,44.37,18234600
ITUB4.SA,2026-04-27,44.5,44.56,43.98,43.99,13718400
ITUB4.SA,2026-04-28,43.68,44.61,43.2,44.1,27131800
ITUB4.SA,2026-04-29,43.85,44.01,42.76,42.87,18628100
ITUB4.SA,2026-04-30,43.32,43.56,43.13,43.19,22735500
ITUB4.SA,2026-05-04,43.11,43.25,42.25,42.4,25336300
ITUB4.SA,2026-05-05,42.5,42.7,42.12,42.46,29386700
ITUB4.SA,2026-05-06,43.24,43.29,41.54,41.78,38718400
ITUB4.SA,2026-05-07,41.79,41.87,40.52,40.79,36335300
ITUB4.SA,2026-05-08,41.16,41.55,40.98,41.26,35920000
ITUB4.SA,2026-05-11,40.95,41.11,40.11,40.33,41215600
ITUB4.SA,2026-05-12,40.29,40.33,39.77,39.87,43381700
ITUB4.SA,2026-05-13,39.93,40.57,39.37,39.63,48564700
ITUB4.SA,2026-05-14,40.15,40.65,39.99,40.4,34925200
ITUB4.SA,2026-05-15,39.78,40.05,39.58,39.7,46869600
ITUB4.SA,2026-05-18,39.67,39.85,39.3,39.62,22993100
ITUB4.SA,2026-05-19,39.05,39.42,38.7,38.78,41150400
ITUB4.SA,2026-05-20,39.22,39.98,39.1,39.67,38261500
ITUB4.SA,2026-05-21,39.43,40.45,39.25,40.12,40949800
ITUB4.SA,2026-05-22,40.01,40.04,39.31,39.43,21539700
ITUB4.SA,2026-05-25,39.86,40.49,39.86,40.32,11436200
ITUB4.SA,2026-05-26,40.22,40.36,39.65,40.06,23046600
ITUB4.SA,2026-05-27,40.6,40.82,40.29,40.32,21601400
ITUB4.SA,2026-05-28,40.32,40.45,39.72,40.0,20196600
ITUB4.SA,2026-05-29,39.87,40.16,39.54,40.04,80334400
ITUB4.SA,2026-06-01,40.05,40.06,39.25,39.36,32832400
ITUB4.SA,2026-06-02,39.63,39.99,39.47,39.56,23121000
ITUB4.SA,2026-06-03,39.23,39.3,38.64,38.72,40844400
ITUB4.SA,2026-06-05,38.75,39.17,38.57,38.83,34727700
ITUB4.SA,2026-06-08,38.72,39.08,38.43,38.52,23153100
ITUB4.SA,2026-06-09,38.92,39.34,38.77,39.22,28212000
ITUB4.SA,2026-06-10,39.03,39.59,38.65,39.36,41470600
ITUB4.SA,2026-06-11,39.24,40.62,39.22,40.5,57558800
ITUB4.SA,2026-06-12,40.22,41.12,40.11,40.6,30651000
ITUB4.SA,2026-06-15,41.28,41.49,40.32,40.4,25132500
ITUB4.SA,2026-06-16,40.28,40.63,40.13,40.45,20052700
ITUB4.SA,2026-06-17,40.95,41.63,40.63,40.8,28205700
ITUB4.SA,2026-06-18,40.92,41.38,40.46,40.49,20051100
ITUB4.SA,2026-06-19,40.36,40.37,39.76,39.87,48413400
ITUB4.SA,2026-06-22,40.16,41.02,40.1,40.94,25404800
ITUB4.SA,2026-06-23,40.52,41.38,40.39,41.05,21074900
ITUB4.SA,2026-06-24,40.81,41.48,40.81,40.97,22041600
ITUB4.SA,2026-06-25,41.3,42.11,41.22,41.7,20778400
ITUB4.SA,2026-06-26,41.51,42.54,41.4,42.24,23047700
ITUB4.SA,2026-06-29,42.24,42.61,42.04,42.41,21151300
ITUB4.SA,2026-06-30,42.09,42.52,41.64,42.18,40172400
ITUB4.SA,2026-07-01,41.7,42.8,41.47,42.44,26405300
ITUB4.SA,2026-07-02,42.71,43.16,42.31,42.47,15005100
ITUB4.SA,2026-07-03,42.79,42.89,42.53,42.74,9878400
ITUB4.SA,2026-07-06,42.49,42.67,42.05,42.56,19170500
ITUB4.SA,2026-07-07,42.67,43.18,42.36,42.43,21184500
ITUB4.SA,2026-07-08,42.33,42.33,41.56,41.89,18564500
ITUB4.SA,2026-07-09,41.95,42.75,41.94,42.59,18657300
ITUB4.SA,2026-07-10,43.39,44.34,43.23,44.3,28815100
ITUB4.SA,2026-07-13,44.11,44.64,43.48,43.52,17749900
ITUB4.SA,2026-07-14,43.81,44.0,43.24,43.63,15398000
ITUB4.SA,2026-07-15,43.52,43.62,43.05,43.14,18975900
ITUB4.SA,2026-07-16,43.23,43.23,42.34,42.55,18156600
ITUB4.SA,2026-07-17,42.5,42.61,41.87,41.96,19576400
ITUB4.SA,2026-07-20,42.14,42.53,42.1,42.3,12612200
ITUB4.SA,2026-07-21,42.38,42.58,42.18,42.53,9834900
ITUB4.SA,2026-07-22,42.68,42.98,42.27,42.9,21986300
ITUB4.SA,2026-07-23,42.64,42.87,42.27,42.56,22570600
ITUB4.SA,2026-07-24,42.3,42.45,42.04,42.1,10443700
ITUB4.SA,2026-07-27,42.45,42.86,42.33,42.69,14920100
ITUB4.SA,2026-07-28,43.5,43.67,42.6,42.86,19096400
ITUB4.SA,2026-07-29,42.65,42.73,41.82,41.82,20532400
ITUB4.SA,2026-07-30,42.19,42.85,41.83,42.74,12531700
ITUB4.SA,2026-07-31,43.25,43.3,42.89,42.89,10285400
BBAS3.SA,2024-08-02,26.5,26.59,26.06,26.16,20402500
BBAS3.SA,2024-08-05,26.0,26.33,25.6,26.2,20254500
BBAS3.SA,2024-08-06,26.4,26.81,26.34,26.65,14827100
BBAS3.SA,2024-08-07,26.85,26.95,26.19,26.3,18931200
BBAS3.SA,2024-08-08,26.16,26.37,25.39,26.19,33846000
BBAS3.SA,2024-08-09,26.3,26.63,26.25,26.55,13007300
BBAS3.SA,2024-08-12,26.62,27.12,26.55,27.12,15568300
BBAS3.SA,2024-08-13,27.2,27.53,27.13,27.47,12964400
BBAS3.SA,2024-08-14,27.47,28.15,27.4,27.93,19387500
BBAS3.SA,2024-08-15,27.99,28.44,27.93,28.15,11631000
BBAS3.SA,2024-08-16,28.3,28.58,28.25,28.37,18682500
BBAS3.SA,2024-08-19,28.4,29.17,28.31,29.13,19984500
BBAS3.SA,2024-08-20,29.17,29.3,29.05,29.26,16156400
BBAS3.SA,2024-08-21,29.31,29.34,29.07,29.13,21926500
BBAS3.SA,2024-08-22,28.61,28.61,27.87,28.01,16022900
BBAS3.SA,2024-08-23,28.15,28.49,28.14,28.22,12058300
BBAS3.SA,2024-08-26,28.22,28.45,28.1,28.33,9358000
BBAS3.SA,2024-08-27,28.38,28.38,28.01,28.01,8294500
BBAS3.SA,2024-08-28,28.0,28.2,27.89,28.18,9415600
BBAS3.SA,2024-08-29,28.1,28.56,28.02,28.3,13712600
BBAS3.SA,2024-08-30,28.2,28.27,27.98,28.12,31814700
BBAS3.SA,2024-09-02,28.38,28.54,28.15,28.42,11920800
BBAS3.SA,2024-09-03,28.44,28.77,28.38,28.68,14433300
BBAS3.SA,2024-09-04,28.75,29.19,28.72,28.99,15514700
BBAS3.SA,2024-09-05,29.06,29.27,28.9,29.25,8433600
BBAS3.SA,2024-09-06,29.24,29.29,28.76,28.77,9653100
BBAS3.SA,2024-09-09,28.86,29.13,28.71,29.13,14429900
BBAS3.SA,2024-09-10,29.08,29.14,28.53,28.7,17718400
BBAS3.SA,2024-09-11,28.9,28.98,28.67,28.71,10000400
BBAS3.SA,2024-09-12,28.4,28.45,28.02,28.23,9920100
BBAS3.SA,2024-09-13,28.3,28.63,28.25,28.42,9241700
BBAS3.SA,2024-09-16,28.5,28.7,28.39,28.57,8948800
BBAS3.SA,2024-09-17,28.57,28.61,28.25,28.39,7979400
BBAS3.SA,2024-09-18,28.27,28.54,28.14,28.25,8611400
BBAS3.SA,2024-09-19,28.36,28.44,27.91,27.91,14963300
BBAS3.SA,2024-09-20,27.9,27.95,27.46,27.5,24479500
BBAS3.SA,2024-09-23,27.5,27.55,27.27,27.4,12354400
BBAS3.SA,2024-09-24,27.7,27.92,27.37,27.38,15235800
BBAS3.SA,2024-09-25,27.5,27.56,27.21,27.3,13854100
BBAS3.SA,2024-09-26,27.45,27.66,27.28,27.48,13119200
BBAS3.SA,2024-09-27,27.48,27.62,27.2,27.25,14855700
BBAS3.SA,2024-09-30,27.31,27.48,27.18,27.18,14796200
BBAS3.SA,2024-10-01,27.1,27.25,26.88,27.08,19254100
BBAS3.SA,2024-10-02,27.3,27.52,27.15,27.15,12662400
BBAS3.SA,2024-10-03,27.11,27.12,26.75,26.9,19101500
BBAS3.SA,2024-10-04,27.0,27.04,26.77,26.86,11911600
BBAS3.SA,2024-10-07,27.05,27.12,26.83,26.99,9578500
BBAS3.SA,2024-10-08,26.9,26.98,26.85,26.98,11728700
BBAS3.SA,2024-10-09,26.8,26.91,26.35,26.43,19545500
BBAS3.SA,2024-10-10,26.64,26.64,26.19,26.2,20486300
BBAS3.SA,2024-10-11,26.28,26.46,26.17,26.33,12175400
BBAS3.SA,2024-10-14,26.41,26.58,26.28,26.52,11953100
BBAS3.SA,2024-10-15,26.67,26.74,26.42,26.47,14418700
BBAS3.SA,2024-10-16,26.5,26.95,26.36,26.76,26028400
BBAS3.SA,2024-10-17,26.68,26.83,26.5,26.72,12424800
BBAS3.SA,2024-10-18,26.77,26.97,26.63,26.69,15980000
BBAS3.SA,2024-10-21,26.69,26.96,26.54,26.62,25128900
BBAS3.SA,2024-10-22,26.55,26.6,26.27,26.3,27391300
BBAS3.SA,2024-10-23,26.3,26.44,26.16,26.33,12126400
BBAS3.SA,2024-10-24,26.41,26.46,26.25,26.36,8727600
BBAS3.SA,2024-10-25,26.36,26.5,26.25,26.37,7807800
BBAS3.SA,2024-10-28,26.5,26.55,26.19,26.32,18192100
BBAS3.SA,2024-10-29,26.37,26.45,26.15,26.17,13433400
BBAS3.SA,2024-10-30,26.18,26.39,26.09,26.37,14377600
BBAS3.SA,2024-10-31,26.33,26.46,26.23,26.33,11163300
BBAS3.SA,2024-11-01,26.35,26.4,26.01,26.09,15216400
BBAS3.SA,2024-11-04,26.27,26.42,26.15,26.24,12169700
BBAS3.SA,2024-11-05,26.27,26.29,26.06,26.25,14050600
BBAS3.SA,2024-11-06,26.1,26.37,25.94,26.3,12445400
BBAS3.SA,2024-11-07,26.3,26.64,26.13,26.19,11667700
BBAS3.SA,2024-11-08,26.1,26.13,25.9,25.99,15878800
BBAS3.SA,2024-11-11,26.1,26.1,25.95,26.01,10515100
BBAS3.SA,2024-11-12,26.01,26.09,25.8,25.95,15391500
BBAS3.SA,2024-11-13,25.99,26.07,25.88,25.95,27198100
BBAS3.SA,2024-11-14,25.78,25.79,24.79,25.37,80824400
BBAS3.SA,2024-11-18,25.38,25.81,25.34,25.71,23386200
BBAS3.SA,2024-11-19,25.77,25.95,25.64,25.85,29342400
BBAS3.SA,2024-11-21,25.8,25.85,25.23,25.26,31594700
BBAS3.SA,2024-11-22,25.46,25.6,25.22,25.6,13737200
BBAS3.SA,2024-11-25,25.79,25.84,25.6,25.75,36581800
BBAS3.SA,2024-11-26,25.36,25.78,25.21,25.67,22044000
BBAS3.SA,2024-11-27,25.71,25.78,25.11,25.22,20884000
BBAS3.SA,2024-11-28,25.19,25.21,24.41,24.48,26984000
BBAS3.SA,2024-11-29,24.52,24.84,24.32,24.77,22743200
BBAS3.SA,2024-12-02,24.8,24.92,24.46,24.57,21487000
BBAS3.SA,2024-12-03,24.71,24.9,24.65,24.87,22179600
BBAS3.SA,2024-12-04,24.89,25.33,24.8,25.17,19375200
BBAS3.SA,2024-12-05,25.39,25.6,25.27,25.48,18238400
BBAS3.SA,2024-12-06,25.25,25.35,24.5,24.73,33652400
BBAS3.SA,2024-12-09,24.84,24.89,24.42,24.67,17774100
BBAS3.SA,2024-12-10,24.78,24.92,24.52,24.83,15266700
BBAS3.SA,2024-12-11,24.9,25.65,24.67,25.36,29090900
BBAS3.SA,2024-12-12,25.05,25.09,24.59,24.85,19824400
BBAS3.SA,2024-12-13,24.85,24.99,24.5,24.51,17217300
BBAS3.SA,2024-12-16,24.52,24.6,24.13,24.16,16061900
BBAS3.SA,2024-12-17,24.25,24.49,24.01,24.42,27695800
BBAS3.SA,2024-12-18,24.4,24.4,23.73,23.74,29428400
BBAS3.SA,2024-12-19,23.81,24.05,23.75,23.89,16306300
BBAS3.SA,2024-12-20,23.92,24.14,23.87,24.08,49200400
BBAS3.SA,2024-12-23,24.07,24.13,23.88,23.92,12708100
BBAS3.SA,2024-12-26,23.95,24.4,23.93,24.2,15208900
BBAS3.SA,2024-12-27,24.34,24.37,24.11,24.11,10465000
BBAS3.SA,2024-12-30,24.1,24.33,24.09,24.17,27146200
BBAS3.SA,2025-01-02,24.17,24.28,23.84,23.92,14492900
BBAS3.SA,2025-01-03,23.92,24.06,23.68,23.74,13778900
BBAS3.SA,2025-01-06,23.98,24.05,23.81,23.96,12112300
BBAS3.SA,2025-01-07,24.14,24.38,24.02,24.25,15724400
BBAS3.SA,2025-01-08,24.23,24.27,23.95,24.16,16417000
BBAS3.SA,2025-01-09,24.16,24.27,23.99,24.27,8286700
BBAS3.SA,2025-01-10,24.25,24.44,24.13,24.21,17167200
BBAS3.SA,2025-01-13,24.21,24.43,24.16,24.21,9941700
BBAS3.SA,2025-01-14,24.25,24.67,24.17,24.65,18049200
BBAS3.SA,2025-01-15,24.91,25.37,24.75,25.27,19626500
BBAS3.SA,2025-01-16,25.28,25.46,25.11,25.38,13590200
BBAS3.SA,2025-01-17,25.44,25.49,25.19,25.35,13271300
BBAS3.SA,2025-01-20,25.35,25.6,25.26,25.43,10499700
BBAS3.SA,2025-01-21,25.45,25.75,25.45,25.66,10675500
BBAS3.SA,2025-01-22,25.58,26.28,25.57,26.13,19236600
BBAS3.SA,2025-01-23,26.24,27.07,26.24,26.72,30067700
BBAS3.SA,2025-01-24,26.71,26.85,26.51,26.62,9081200
BBAS3.SA,2025-01-27,26.57,27.71,26.55,27.71,21719600
BBAS3.SA,2025-01-28,27.69,27.7,27.32,27.53,13016900
BBAS3.SA,2025-01-29,27.6,27.75,27.35,27.44,11592900
BBAS3.SA,2025-01-30,27.37,27.94,27.28,27.64,22311000
BBAS3.SA,2025-01-31,27.74,28.0,27.66,27.68,19675000
BBAS3.SA,2025-02-03,27.6,27.72,27.36,27.61,13290300
BBAS3.SA,2025-02-04,27.58,28.08,27.47,27.77,16154100
BBAS3.SA,2025-02-05,27.82,28.12,27.59,27.83,13663000
BBAS3.SA,2025-02-06,27.83,28.19,27.58,28.15,13960200
BBAS3.SA,2025-02-07,28.15,28.28,27.67,27.78,15270100
BBAS3.SA,2025-02-10,27.88,28.1,27.8,27.82,10942700
BBAS3.SA,2025-02-11,27.86,28.22,27.86,28.06,18486400
BBAS3.SA,2025-02-12,27.65,27.98,27.5,27.6,18063900
BBAS3.SA,2025-02-13,27.59,27.59,27.28,27.45,19004600
BBAS3.SA,2025-02-14,27.56,28.98,27.56,28.75,35295700
BBAS3.SA,2025-02-17,28.74,29.5,28.71,29.16,21145100
BBAS3.SA,2025-02-18,29.02,29.63,29.0,29.45,27342000
BBAS3.SA,2025-02-19,29.28,29.29,28.66,28.86,22819400
BBAS3.SA,2025-02-20,28.1,28.31,27.79,28.0,88971000
BBAS3.SA,2025-02-21,28.0,28.05,27.64,27.98,20157500
BBAS3.SA,2025-02-24,28.0,28.22,27.63,27.81,28014300
BBAS3.SA,2025-02-25,27.82,28.33,27.82,28.23,16895800
BBAS3.SA,2025-02-26,28.48,28.5,27.93,28.07,22481400
BBAS3.SA,2025-02-27,28.03,28.27,27.87,27.96,31089200
BBAS3.SA,2025-02-28,27.95,28.02,27.2,27.31,28266200
BBAS3.SA,2025-03-05,27.31,27.94,27.25,27.77,18081300
BBAS3.SA,2025-03-06,27.92,27.95,27.48,27.73,17819500
BBAS3.SA,2025-03-07,27.63,28.25,27.5,28.06,16830600
BBAS3.SA,2025-03-10,27.96,28.0,27.64,27.97,14457100
BBAS3.SA,2025-03-11,28.0,28.07,27.51,27.72,20095600
BBAS3.SA,2025-03-12,27.1,27.2,26.95,27.05,15085100
BBAS3.SA,2025-03-13,27.05,27.62,26.74,27.49,18344200
BBAS3.SA,2025-03-14,27.53,28.09,27.53,27.88,22864700
BBAS3.SA,2025-03-17,27.87,28.56,27.84,28.46,19847000
BBAS3.SA,2025-03-18,28.46,28.65,28.36,28.5,16806400
BBAS3.SA,2025-03-19,28.51,28.74,28.39,28.39,18962900
BBAS3.SA,2025-03-20,28.36,28.48,28.11,28.25,14013900
BBAS3.SA,2025-03-21,28.35,28.48,28.07,28.37,66960300
BBAS3.SA,2025-03-24,28.44,28.44,28.09,28.36,13497500
BBAS3.SA,2025-03-25,28.36,28.75,28.35,28.47,15292700
BBAS3.SA,2025-03-26,28.5,28.87,28.37,28.81,11927300
BBAS3.SA,2025-03-27,28.82,28.85,28.48,28.69,14399300
BBAS3.SA,2025-03-28,28.69,28.98,28.53,28.64,12444500
BBAS3.SA,2025-03-31,28.5,28.51,27.95,28.19,17667600
BBAS3.SA,2025-04-01,28.17,28.58,28.01,28.33,14219000
BBAS3.SA,2025-04-02,28.4,28.55,28.12,28.35,9089100
BBAS3.SA,2025-04-03,28.26,28.69,28.22,28.51,14824700
BBAS3.SA,2025-04-04,28.2,28.33,27.78,27.98,15612700
BBAS3.SA,2025-04-07,27.88,28.27,27.36,27.68,22342100
BBAS3.SA,2025-04-08,28.03,28.21,27.4,27.63,21884600
BBAS3.SA,2025-04-09,27.5,28.1,27.09,27.75,28796100
BBAS3.SA,2025-04-10,27.71,27.72,27.14,27.56,18618400
BBAS3.SA,2025-04-11,27.73,27.9,27.42,27.8,14793700
BBAS3.SA,2025-04-14,27.97,28.21,27.87,28.07,13391400
BBAS3.SA,2025-04-15,28.03,28.12,27.7,27.77,25468600
BBAS3.SA,2025-04-16,27.78,27.89,27.38,27.65,21762700
BBAS3.SA,2025-04-17,27.68,27.78,27.3,27.43,17336900
BBAS3.SA,2025-04-22,27.4,27.92,27.35,27.78,14220700
BBAS3.SA,2025-04-23,27.99,28.22,27.86,28.04,13812200
BBAS3.SA,2025-04-24,28.04,28.06,27.04,27.7,37053800
BBAS3.SA,2025-04-25,27.7,28.12,27.52,28.01,17884400
BBAS3.SA,2025-04-28,28.01,28.41,27.85,28.35,14161300
BBAS3.SA,2025-04-29,28.37,28.72,28.23,28.5,15861200
BBAS3.SA,2025-04-30,28.41,28.93,28.36,28.93,15925000
BBAS3.SA,2025-05-02,28.9,29.05,28.73,28.9,12319300
BBAS3.SA,2025-05-05,29.16,29.45,29.01,29.12,19470000
BBAS3.SA,2025-05-06,29.12,29.2,28.8,28.9,20080000
BBAS3.SA,2025-05-07,28.96,29.35,28.84,29.31,31415700
BBAS3.SA,2025-05-08,29.5,30.04,29.41,29.41,29500900
BBAS3.SA,2025-05-09,29.48,30.0,29.46,29.53,19842500
BBAS3.SA,2025-05-12,29.52,29.68,28.87,29.07,20623700
BBAS3.SA,2025-05-13,29.11,29.71,29.07,29.66,20288300
BBAS3.SA,2025-05-14,29.62,29.92,29.53,29.76,19723000
BBAS3.SA,2025-05-15,29.76,29.91,29.17,29.4,40596400
BBAS3.SA,2025-05-16,25.55,26.0,25.02,25.67,152180700
BBAS3.SA,2025-05-19,25.65,25.7,25.01,25.04,60409800
BBAS3.SA,2025-05-20,25.09,25.67,25.09,25.5,28138800
BBAS3.SA,2025-05-21,25.58,25.66,25.17,25.26,34009800
BBAS3.SA,2025-05-22,25.2,25.42,25.05,25.05,61464900
BBAS3.SA,2025-05-23,25.07,25.09,24.42,24.42,35980700
BBAS3.SA,2025-05-26,24.51,24.74,24.5,24.67,11584100
BBAS3.SA,2025-05-27,24.92,25.21,24.55,24.57,30416900
BBAS3.SA,2025-05-28,24.6,24.65,24.07,24.08,31863700
BBAS3.SA,2025-05-29,24.03,24.07,23.64,23.7,43563400
BBAS3.SA,2025-05-30,23.75,23.83,23.35,23.42,53293100
BBAS3.SA,2025-06-02,23.52,23.6,23.16,23.28,36268800
BBAS3.SA,2025-06-03,22.97,23.08,22.78,22.98,20832400
BBAS3.SA,2025-06-04,23.06,23.13,22.35,22.35,38469100
BBAS3.SA,2025-06-05,22.4,22.53,22.24,22.24,40306500
BBAS3.SA,2025-06-06,22.35,22.35,21.7,21.71,56659900
BBAS3.SA,2025-06-09,21.71,22.0,21.47,21.73,47713300
BBAS3.SA,2025-06-10,21.88,21.91,21.3,21.54,43092300
BBAS3.SA,2025-06-11,21.5,21.83,21.4,21.4,32228100
BBAS3.SA,2025-06-12,21.39,21.5,21.04,21.42,28710900
BBAS3.SA,2025-06-13,21.38,21.65,21.24,21.59,33033700
BBAS3.SA,2025-06-16,21.78,22.17,21.7,21.98,35118400
BBAS3.SA,2025-06-17,22.02,22.07,21.71,21.9,33345300
BBAS3.SA,2025-06-18,21.93,21.99,21.71,21.81,29776400
BBAS3.SA,2025-06-20,21.8,21.81,21.35,21.35,32952400
BBAS3.SA,2025-06-23,21.35,21.37,21.02,21.09,31206000
BBAS3.SA,2025-06-24,21.23,21.67,21.07,21.44,19703100
BBAS3.SA,2025-06-25,21.36,21.37,21.1,21.26,20659800
BBAS3.SA,2025-06-26,21.29,21.6,21.23,21.6,34081400
BBAS3.SA,2025-06-27,21.57,21.77,21.41,21.73,28128900
BBAS3.SA,2025-06-30,21.74,22.25,21.55,22.09,28763500
BBAS3.SA,2025-07-01,22.21,22.51,21.9,21.91,32448000
BBAS3.SA,2025-07-02,21.91,22.07,21.58,21.99,22781500
BBAS3.SA,2025-07-03,22.03,22.51,21.94,22.3,27335900
BBAS3.SA,2025-07-04,22.27,22.54,22.17,22.43,15002500
BBAS3.SA,2025-07-07,22.44,22.48,21.99,22.06,18607600
BBAS3.SA,2025-07-08,22.06,22.26,22.0,22.0,19468700
BBAS3.SA,2025-07-09,22.01,22.05,21.39,21.45,30185400
BBAS3.SA,2025-07-10,21.2,21.53,21.16,21.21,27565700
BBAS3.SA,2025-07-11,21.18,21.2,20.82,21.14,26044900
BBAS3.SA,2025-07-14,21.12,21.13,20.62,20.68,28395000
BBAS3.SA,2025-07-15,20.75,21.06,20.71,20.9,30999200
BBAS3.SA,2025-07-16,20.99,20.99,20.17,20.88,55147900
BBAS3.SA,2025-07-17,20.84,20.9,20.58,20.74,28673400
BBAS3.SA,2025-07-18,20.6,20.82,20.2,20.26,42591900
BBAS3.SA,2025-07-21,20.36,20.41,19.86,19.86,42352600
BBAS3.SA,2025-07-22,19.99,20.18,19.87,19.89,24707100
BBAS3.SA,2025-07-23,19.95,20.42,19.87,20.21,35932600
BBAS3.SA,2025-07-24,20.19,20.23,19.9,20.07,44775000
BBAS3.SA,2025-07-25,20.19,20.47,20.13,20.24,38899700
BBAS3.SA,2025-07-28,20.26,20.36,19.94,19.94,24985300
BBAS3.SA,2025-07-29,20.03,20.06,19.88,19.95,37210200
BBAS3.SA,2025-07-30,19.91,20.1,19.62,19.9,79807500
BBAS3.SA,2025-07-31,19.83,19.83,19.6,19.7,37149600
BBAS3.SA,2025-08-01,19.9,20.0,18.12,18.35,91196200
BBAS3.SA,2025-08-04,18.54,19.02,18.46,18.72,54775000
BBAS3.SA,2025-08-05,18.78,18.91,18.58,18.62,38162300
BBAS3.SA,2025-08-06,18.82,18.96,18.7,18.7,34102000
BBAS3.SA,2025-08-07,18.82,19.04,18.66,18.91,30090000
BBAS3.SA,2025-08-08,18.95,19.23,18.81,18.93,38600300
BBAS3.SA,2025-08-11,18.93,19.15,18.76,19.1,21789700
BBAS3.SA,2025-08-12,19.26,19.53,19.21,19.24,26665200
BBAS3.SA,2025-08-13,19.28,19.59,19.24,19.28,33738000
BBAS3.SA,2025-08-14,19.16,19.96,19.07,19.85,70251100
BBAS3.SA,2025-08-15,19.03,20.8,19.02,20.65,131820200
BBAS3.SA,2025-08-18,20.57,21.18,20.15,21.07,59254100
BBAS3.SA,2025-08-19,20.8,20.93,19.69,19.8,58349400
BBAS3.SA,2025-08-20,19.77,20.03,19.53,19.86,38402300
BBAS3.SA,2025-08-21,19.67,19.8,19.46,19.69,34799500
BBAS3.SA,2025-08-22,19.69,20.7,19.62,20.5,38192400
BBAS3.SA,2025-08-25,20.49,20.57,20.05,20.05,24054000
BBAS3.SA,2025-08-26,20.06,20.42,19.93,20.38,35682300
BBAS3.SA,2025-08-27,19.98,20.7,19.93,20.63,43263600
BBAS3.SA,2025-08-28,20.86,21.31,20.83,21.05,29893700
BBAS3.SA,2025-08-29,21.12,21.4,21.07,21.39,31255300
BBAS3.SA,2025-09-01,21.4,21.53,20.96,21.09,17070500
BBAS3.SA,2025-09-02,20.14,20.67,20.08,20.42,46246800
BBAS3.SA,2025-09-03,20.41,20.55,20.08,20.28,27313600
BBAS3.SA,2025-09-04,20.3,20.55,20.04,20.42,30302400
BBAS3.SA,2025-09-05,20.81,21.44,20.77,21.15,40453000
BBAS3.SA,2025-09-08,21.14,21.28,20.66,20.95,41757900
BBAS3.SA,2025-09-09,21.1,21.44,20.93,21.4,36226500
BBAS3.SA,2025-09-10,21.3,22.27,21.3,22.05,69024000
BBAS3.SA,2025-09-11,22.09,22.55,22.04,22.22,41313800
BBAS3.SA,2025-09-12,22.04,22.38,21.89,22.31,39368300
BBAS3.SA,2025-09-15,22.32,22.4,21.82,21.87,36708800
BBAS3.SA,2025-09-16,21.95,22.14,21.82,21.94,23706000
BBAS3.SA,2025-09-17,21.96,22.2,21.67,21.87,39196600
BBAS3.SA,2025-09-18,22.05,22.59,22.03,22.1,35973700
BBAS3.SA,2025-09-19,22.1,22.2,21.62,21.62,49988600
BBAS3.SA,2025-09-22,21.6,21.86,21.35,21.51,29380400
BBAS3.SA,2025-09-23,21.64,22.15,21.52,22.13,84333800
BBAS3.SA,2025-09-24,22.15,22.73,22.08,22.11,29027100
BBAS3.SA,2025-09-25,22.17,22.17,21.73,21.79,28793600
BBAS3.SA,2025-09-26,21.81,22.18,21.8,22.11,15230100
BBAS3.SA,2025-09-29,22.34,22.46,22.0,22.12,17908100
BBAS3.SA,2025-09-30,22.13,22.32,21.95,22.09,26500000
BBAS3.SA,2025-10-01,22.1,22.19,21.31,21.93,33351400
BBAS3.SA,2025-10-02,21.89,22.3,21.62,21.76,29996100
BBAS3.SA,2025-10-03,21.84,21.98,21.5,21.58,16402600
BBAS3.SA,2025-10-06,21.64,21.66,21.33,21.41,16949600
BBAS3.SA,2025-10-07,21.31,21.35,21.07,21.21,18484400
BBAS3.SA,2025-10-08,21.19,21.36,21.07,21.12,15223100
BBAS3.SA,2025-10-09,21.23,21.34,21.01,21.19,12039500
BBAS3.SA,2025-10-10,21.25,21.28,20.61,20.61,31221700
BBAS3.SA,2025-10-13,20.76,20.97,20.73,20.88,14359200
BBAS3.SA,2025-10-14,20.8,21.16,20.67,20.7,19911800
BBAS3.SA,2025-10-15,20.7,20.7,20.23,20.32,59520500
BBAS3.SA,2025-10-16,20.29,20.61,20.02,20.37,25380500
BBAS3.SA,2025-10-17,20.37,20.9,20.16,20.9,69050600
BBAS3.SA,2025-10-20,20.71,20.91,20.51,20.77,18843700
BBAS3.SA,2025-10-21,20.76,20.76,20.37,20.54,25719800
BBAS3.SA,2025-10-22,20.59,20.71,20.48,20.69,13590700
BBAS3.SA,2025-10-23,20.74,20.85,20.55,20.65,11428700
BBAS3.SA,2025-10-24,20.73,20.95,20.47,20.52,23127500
BBAS3.SA,2025-10-27,20.72,20.88,20.57,20.85,21147500
BBAS3.SA,2025-10-28,20.84,21.08,20.8,20.96,17489600
BBAS3.SA,2025-10-29,21.04,21.45,21.04,21.22,17099800
BBAS3.SA,2025-10-30,21.02,21.84,20.99,21.63,27700600
BBAS3.SA,2025-10-31,21.76,22.18,21.75,21.9,31430300
BBAS3.SA,2025-11-03,21.99,22.14,21.71,22.08,23059400
BBAS3.SA,2025-11-04,21.97,22.38,21.96,22.27,18372500
BBAS3.SA,2025-11-05,22.27,22.7,22.21,22.61,21186000
BBAS3.SA,2025-11-06,22.61,22.9,22.52,22.86,23305100
BBAS3.SA,2025-11-07,22.82,22.92,22.57,22.89,16303700
BBAS3.SA,2025-11-10,22.91,22.99,22.6,22.78,18881800
BBAS3.SA,2025-11-11,22.85,23.59,22.85,23.47,31294700
BBAS3.SA,2025-11-12,23.47,23.52,22.55,22.8,49688100
BBAS3.SA,2025-11-13,21.3,22.7,21.29,22.5,66538100
BBAS3.SA,2025-11-14,22.35,23.08,22.11,22.44,36144600
BBAS3.SA,2025-11-17,22.44,22.62,22.28,22.5,18797000
BBAS3.SA,2025-11-18,22.3,22.39,21.88,21.88,25637700
BBAS3.SA,2025-11-19,21.87,21.92,21.55,21.58,21302000
BBAS3.SA,2025-11-21,21.58,22.0,21.43,22.0,32134300
BBAS3.SA,2025-11-24,21.95,22.2,21.84,21.84,23116900
BBAS3.SA,2025-11-25,21.9,22.12,21.85,21.97,19668500
BBAS3.SA,2025-11-26,21.97,22.37,21.96,22.22,15757200
BBAS3.SA,2025-11-27,22.28,22.33,22.04,22.16,8595700
BBAS3.SA,2025-11-28,22.19,22.69,22.17,22.47,19115200
BBAS3.SA,2025-12-01,22.51,22.53,22.12,22.26,15511100
BBAS3.SA,2025-12-02,22.29,22.6,22.21,22.56,21443700
BBAS3.SA,2025-12-03,22.59,22.7,22.25,22.38,20882500
BBAS3.SA,2025-12-04,22.41,22.9,22.41,22.77,26591100
BBAS3.SA,2025-12-05,22.75,22.9,21.16,21.16,51737100
BBAS3.SA,2025-12-08,21.63,21.77,21.42,21.6,27278400
BBAS3.SA,2025-12-09,21.47,21.72,21.12,21.49,20754600
BBAS3.SA,2025-12-10,21.5,21.7,21.32,21.6,14096700
BBAS3.SA,2025-12-11,21.48,21.82,21.43,21.57,17143500
BBAS3.SA,2025-12-12,21.68,21.99,21.64,21.7,22651600
BBAS3.SA,2025-12-15,21.91,22.04,21.8,22.01,18133500
BBAS3.SA,2025-12-16,21.94,22.14,21.61,21.71,22792200
BBAS3.SA,2025-12-17,21.73,21.74,21.28,21.55,26144900
BBAS3.SA,2025-12-18,21.49,21.81,21.47,21.59,17004900
BBAS3.SA,2025-12-19,21.59,21.65,21.41,21.44,41700500
BBAS3.SA,2025-12-22,21.44,21.55,21.22,21.3,17942700
BBAS3.SA,2025-12-23,21.34,21.75,21.31,21.75,14967000
BBAS3.SA,2025-12-26,21.5,21.89,21.45,21.85,9742800
BBAS3.SA,2025-12-29,21.75,21.88,21.6,21.72,9988400
BBAS3.SA,2025-12-30,21.77,22.13,21.77,21.92,13121900
BBAS3.SA,2026-01-02,22.05,22.2,21.63,21.68,16077000
BBAS3.SA,2026-01-05,21.68,21.96,21.58,21.88,10675500
BBAS3.SA,2026-01-06,21.92,22.16,21.92,22.12,28809400
BBAS3.SA,2026-01-07,22.08,22.08,21.64,21.7,27650400
BBAS3.SA,2026-01-08,21.7,21.89,21.63,21.82,23579700
BBAS3.SA,2026-01-09,21.82,21.9,21.68,21.86,20280800
BBAS3.SA,2026-01-12,21.85,22.01,21.59,21.87,15846700
BBAS3.SA,2026-01-13,21.78,21.82,21.05,21.2,39312600
BBAS3.SA,2026-01-14,21.3,21.5,21.15,21.5,20884400
BBAS3.SA,2026-01-15,21.5,21.66,21.34,21.46,20166900
BBAS3.SA,2026-01-16,21.46,21.54,21.25,21.37,55093000
BBAS3.SA,2026-01-19,21.36,21.49,21.25,21.31,10910800
BBAS3.SA,2026-01-20,21.28,21.6,21.12,21.54,20625300
BBAS3.SA,2026-01-21,21.69,22.56,21.63,22.4,52298400
BBAS3.SA,2026-01-22,22.5,23.49,22.45,23.45,47402900
BBAS3.SA,2026-01-23,23.45,24.59,23.43,24.28,70331700
BBAS3.SA,2026-01-26,24.4,24.66,23.89,24.4,42487400
BBAS3.SA,2026-01-27,24.63,25.08,24.57,24.69,35277600
BBAS3.SA,2026-01-28,24.75,25.53,24.72,25.4,37374300
BBAS3.SA,2026-01-29,25.5,25.9,25.04,25.5,50632400
BBAS3.SA,2026-01-30,25.32,25.64,24.77,25.22,32426800
BBAS3.SA,2026-02-02,25.18,25.45,25.14,25.3,18511500
BBAS3.SA,2026-02-03,25.48,26.09,25.47,25.69,35191200
BBAS3.SA,2026-02-04,25.32,25.42,24.87,25.1,26372500
BBAS3.SA,2026-02-05,25.1,25.25,24.19,24.44,38580000
BBAS3.SA,2026-02-06,24.44,24.55,23.81,24.33,36083700
BBAS3.SA,2026-02-09,24.34,24.94,24.24,24.82,17847600
BBAS3.SA,2026-02-10,24.82,25.42,24.68,24.8,26925100
BBAS3.SA,2026-02-11,25.04,25.22,24.74,24.91,28271000
BBAS3.SA,2026-02-12,26.08,26.89,24.53,26.03,111154300
BBAS3.SA,2026-02-13,25.5,25.59,24.53,25.43,61597600
BBAS3.SA,2026-02-18,25.41,25.82,25.35,25.82,38768500
BBAS3.SA,2026-02-19,25.73,26.59,25.56,26.46,32852600
BBAS3.SA,2026-02-20,26.36,27.15,26.16,26.99,40353900
BBAS3.SA,2026-02-23,26.99,27.33,26.67,26.83,72770500
BBAS3.SA,2026-02-24,26.77,27.38,26.66,27.12,26761400
BBAS3.SA,2026-02-25,27.31,27.81,27.28,27.58,29552800
BBAS3.SA,2026-02-26,27.52,27.73,26.98,27.28,24720400
BBAS3.SA,2026-02-27,27.09,27.25,26.87,26.95,20417600
BBAS3.SA,2026-03-02,26.31,26.98,26.1,26.95,23891500
BBAS3.SA,2026-03-03,26.18,26.29,25.38,25.77,62065500
BBAS3.SA,2026-03-04,26.01,26.47,25.75,25.94,14597900
BBAS3.SA,2026-03-05,25.75,25.93,24.97,25.0,24730900
BBAS3.SA,2026-03-06,24.9,25.16,24.41,24.75,20986400
BBAS3.SA,2026-03-09,24.52,25.03,24.31,24.7,18981100
BBAS3.SA,2026-03-10,25.07,25.51,24.65,25.14,21786700
BBAS3.SA,2026-03-11,24.93,25.67,24.82,25.34,16908800
BBAS3.SA,2026-03-12,25.16,25.25,24.17,24.23,34978900
BBAS3.SA,2026-03-13,24.46,24.68,23.69,23.75,38122400
BBAS3.SA,2026-03-16,24.26,24.34,23.82,23.9,30930000
BBAS3.SA,2026-03-17,23.9,24.19,23.65,23.67,22315500
BBAS3.SA,2026-03-18,23.6,23.84,23.41,23.41,15566500
BBAS3.SA,2026-03-19,23.13,23.73,22.89,23.51,29427500
BBAS3.SA,2026-03-20,23.43,23.46,23.01,23.27,37796900
BBAS3.SA,2026-03-23,23.58,24.29,23.58,23.96,23714600
BBAS3.SA,2026-03-24,23.83,23.96,23.4,23.65,14982000
BBAS3.SA,2026-03-25,23.81,24.32,23.73,23.86,20200600
BBAS3.SA,2026-03-26,23.58,23.8,22.92,23.06,28327000
BBAS3.SA,2026-03-27,22.99,22.99,22.52,22.66,16957900
BBAS3.SA,2026-03-30,22.9,23.07,22.32,22.4,23669500
BBAS3.SA,2026-03-31,22.72,23.22,22.45,23.0,25610100
BBAS3.SA,2026-04-01,23.21,23.8,23.13,23.63,22064800
BBAS3.SA,2026-04-02,23.08,23.53,22.8,23.39,16378700
BBAS3.SA,2026-04-06,23.4,23.68,23.28,23.43,11198800
BBAS3.SA,2026-04-07,23.28,23.49,23.03,23.44,13760900
BBAS3.SA,2026-04-08,24.43,24.8,24.15,24.49,40278600
BBAS3.SA,2026-04-09,24.57,24.89,24.37,24.72,16299100
BBAS3.SA,2026-04-10,24.85,25.05,24.71,24.73,22773400
BBAS3.SA,2026-04-13,24.57,24.83,24.43,24.75,29435700
BBAS3.SA,2026-04-14,24.8,25.49,24.75,25.38,28487700
BBAS3.SA,2026-04-15,25.04,25.29,24.3,24.4,36240900
BBAS3.SA,2026-04-16,24.48,24.66,23.93,24.28,20801800
BBAS3.SA,2026-04-17,24.58,24.9,24.3,24.4,22413600
BBAS3.SA,2026-04-20,24.4,24.53,24.18,24.28,13669600
BBAS3.SA,2026-04-22,24.14,24.14,23.36,23.4,25207400
BBAS3.SA,2026-04-23,23.36,23.45,22.87,23.0,24573300
BBAS3.SA,2026-04-24,23.06,23.09,22.6,22.7,20235200
BBAS3.SA,2026-04-27,22.72,22.92,22.51,22.51,15576900
BBAS3.SA,2026-04-28,22.43,22.66,22.25,22.54,11919500
BBAS3.SA,2026-04-29,22.09,22.12,21.66,21.71,33020900
BBAS3.SA,2026-04-30,21.9,22.32,21.9,22.21,16978900
BBAS3.SA,2026-05-04,22.21,22.36,21.84,21.91,12949300
BBAS3.SA,2026-05-05,21.97,22.17,21.91,21.92,11722300
BBAS3.SA,2026-05-06,22.17,22.6,22.07,22.07,15301600
BBAS3.SA,2026-05-07,22.06,22.12,21.69,21.69,19233100
BBAS3.SA,2026-05-08,21.91,22.17,21.75,21.8,22432400
BBAS3.SA,2026-05-11,21.77,21.85,21.54,21.54,19018400
BBAS3.SA,2026-05-12,21.59,21.77,21.32,21.32,18272200
BBAS3.SA,2026-05-13,21.33,21.45,20.72,20.76,31119200
BBAS3.SA,2026-05-14,20.0,21.09,19.74,20.76,69887800
BBAS3.SA,2026-05-15,20.55,20.72,20.3,20.7,35294300
BBAS3.SA,2026-05-18,20.7,20.8,20.25,20.42,21577400
BBAS3.SA,2026-05-19,20.19,20.52,20.07,20.23,36742400
BBAS3.SA,2026-05-20,20.4,20.78,20.31,20.7,38517100
BBAS3.SA,2026-05-21,20.62,21.05,20.48,20.82,21652100
BBAS3.SA,2026-05-22,20.83,20.97,20.6,20.94,14910500
BBAS3.SA,2026-05-25,21.14,21.67,21.13,21.65,15414500
BBAS3.SA,2026-05-26,21.59,21.64,21.1,21.11,22798700
BBAS3.SA,2026-05-27,21.44,21.5,21.07,21.07,13716500
BBAS3.SA,2026-05-28,21.06,21.18,20.61,20.61,19444000
BBAS3.SA,2026-05-29,20.67,20.7,20.28,20.3,60512500
BBAS3.SA,2026-06-01,20.51,20.55,20.05,20.08,50279700
BBAS3.SA,2026-06-02,20.14,20.18,19.89,19.89,19384600
BBAS3.SA,2026-06-03,19.77,19.87,19.46,19.53,27323000
BBAS3.SA,2026-06-05,19.6,19.65,19.17,19.17,51227600
BBAS3.SA,2026-06-08,19.17,19.34,19.1,19.1,15329800
BBAS3.SA,2026-06-09,19.23,19.47,19.04,19.11,18242900
BBAS3.SA,2026-06-10,19.12,19.18,18.87,19.0,18849900
BBAS3.SA,2026-06-11,19.07,19.56,18.91,19.41,32600200
BBAS3.SA,2026-06-12,19.3,19.66,19.22,19.46,13773000
BBAS3.SA,2026-06-15,19.9,19.97,19.33,19.39,16495300
BBAS3.SA,2026-06-16,19.35,19.42,19.21,19.4,25391100
BBAS3.SA,2026-06-17,19.6,19.8,19.36,19.41,14117900
BBAS3.SA,2026-06-18,19.42,19.7,19.3,19.53,23842500
BBAS3.SA,2026-06-19,19.52,19.63,19.42,19.42,13185600
BBAS3.SA,2026-06-22,19.48,19.75,19.46,19.58,18434100
BBAS3.SA,2026-06-23,19.49,19.9,19.33,19.86,18028200
BBAS3.SA,2026-06-24,19.71,20.06,19.68,19.73,16362000
BBAS3.SA,2026-06-25,19.89,20.25,19.83,20.05,15674300
BBAS3.SA,2026-06-26,20.05,20.45,19.97,20.34,18097300
BBAS3.SA,2026-06-29,20.34,20.41,20.11,20.26,17442900
BBAS3.SA,2026-06-30,20.17,20.17,19.77,19.91,17204700
BBAS3.SA,2026-07-01,19.76,19.99,19.56,19.73,16785700
BBAS3.SA,2026-07-02,19.84,20.02,19.69,20.0,29242600
BBAS3.SA,2026-07-03,20.15,20.28,19.98,19.98,8243200
BBAS3.SA,2026-07-06,19.83,19.87,19.62,19.77,15149200
BBAS3.SA,2026-07-07,19.78,20.1,19.72,19.73,16218300
BBAS3.SA,2026-07-08,19.7,19.7,19.41,19.53,22487500
BBAS3.SA,2026-07-09,19.57,20.06,19.51,20.0,30913000
BBAS3.SA,2026-07-10,20.3,20.67,20.25,20.58,24372700
BBAS3.SA,2026-07-13,20.54,20.67,20.19,20.24,14138400
BBAS3.SA,2026-07-14,20.34,20.64,20.3,20.59,15228800
BBAS3.SA,2026-07-15,20.48,20.73,20.43,20.55,14771700
BBAS3.SA,2026-07-16,20.48,20.82,20.45,20.76,15332600
BBAS3.SA,2026-07-17,20.65,20.83,20.26,20.49,35729100
BBAS3.SA,2026-07-20,20.54,20.54,20.13,20.17,15081500
BBAS3.SA,2026-07-21,20.15,20.88,20.08,20.88,25335900
BBAS3.SA,2026-07-22,20.96,21.13,20.72,21.09,19261100
BBAS3.SA,2026-07-23,21.04,21.08,20.78,20.93,18426000
BBAS3.SA,2026-07-24,20.8,20.82,20.35,20.35,14443400
BBAS3.SA,2026-07-27,20.46,20.67,20.42,20.5,11104800
BBAS3.SA,2026-07-28,20.93,21.01,20.58,20.83,11362200
BBAS3.SA,2026-07-29,20.75,21.06,20.46,20.78,14713900
BBAS3.SA,2026-07-30,20.91,21.2,20.78,21.19,15920200
BBAS3.SA,2026-07-31,21.25,21.36,21.06,21.35,28502900
ABEV3.SA,2024-08-02,11.7,11.87,11.69,11.87,29723800
ABEV3.SA,2024-08-05,11.83,11.91,11.58,11.85,28528000
ABEV3.SA,2024-08-06,11.81,12.11,11.8,12.01,27415700
ABEV3.SA,2024-08-07,12.07,12.56,12.04,12.51,48591300
ABEV3.SA,2024-08-08,12.46,12.56,12.31,12.36,28173200
ABEV3.SA,2024-08-09,12.44,12.48,12.31,12.45,19122000
ABEV3.SA,2024-08-12,12.5,12.55,12.39,12.39,17501300
ABEV3.SA,2024-08-13,12.47,12.66,12.41,12.57,30082000
ABEV3.SA,2024-08-14,12.57,12.69,12.54,12.56,22128400
ABEV3.SA,2024-08-15,12.65,13.15,12.58,13.03,48543500
ABEV3.SA,2024-08-16,13.15,13.4,13.01,13.01,39842400
ABEV3.SA,2024-08-19,13.04,13.1,12.96,13.01,29029900
ABEV3.SA,2024-08-20,12.99,13.04,12.87,12.94,16424000
ABEV3.SA,2024-08-21,12.92,13.04,12.84,12.94,24177300
ABEV3.SA,2024-08-22,12.95,13.03,12.91,13.0,25724200
ABEV3.SA,2024-08-23,13.06,13.21,13.05,13.08,33099000
ABEV3.SA,2024-08-26,13.11,13.22,13.01,13.08,20467700
ABEV3.SA,2024-08-27,13.02,13.12,12.95,13.03,22335000
ABEV3.SA,2024-08-28,13.04,13.07,12.81,12.95,21175200
ABEV3.SA,2024-08-29,12.93,12.98,12.79,12.86,17873300
ABEV3.SA,2024-08-30,12.77,12.87,12.75,12.86,50852200
ABEV3.SA,2024-09-02,12.81,12.89,12.7,12.87,12639100
ABEV3.SA,2024-09-03,12.91,12.95,12.78,12.8,19701100
ABEV3.SA,2024-09-04,12.84,13.05,12.82,12.99,22848700
ABEV3.SA,2024-09-05,12.94,13.02,12.92,12.97,14577100
ABEV3.SA,2024-09-06,12.92,13.07,12.91,12.99,20976300
ABEV3.SA,2024-09-09,12.99,13.21,12.97,13.11,35098100
ABEV3.SA,2024-09-10,13.01,13.32,13.01,13.24,27649100
ABEV3.SA,2024-09-11,13.3,13.3,13.02,13.04,21490600
ABEV3.SA,2024-09-12,12.96,12.99,12.76,12.91,34492700
ABEV3.SA,2024-09-13,12.95,13.0,12.72,12.73,21946500
ABEV3.SA,2024-09-16,12.76,12.87,12.75,12.86,20765800
ABEV3.SA,2024-09-17,12.79,12.99,12.79,12.96,26068700
ABEV3.SA,2024-09-18,12.86,13.14,12.85,12.98,26897100
ABEV3.SA,2024-09-19,13.0,13.11,12.89,12.95,44713200
ABEV3.SA,2024-09-20,12.96,13.0,12.73,12.76,41412300
ABEV3.SA,2024-09-23,12.7,12.86,12.65,12.75,20009400
ABEV3.SA,2024-09-24,12.79,12.9,12.69,12.76,22598600
ABEV3.SA,2024-09-25,12.78,12.98,12.68,12.68,33524600
ABEV3.SA,2024-09-26,12.76,12.87,12.72,12.84,16241400
ABEV3.SA,2024-09-27,12.8,12.99,12.79,12.92,24958600
ABEV3.SA,2024-09-30,12.94,13.17,12.9,13.08,31164900
ABEV3.SA,2024-10-01,13.2,13.72,13.13,13.6,65825500
ABEV3.SA,2024-10-02,13.7,13.85,13.61,13.72,51056800
ABEV3.SA,2024-10-03,13.55,13.63,13.4,13.4,45000000
ABEV3.SA,2024-10-04,13.26,13.45,13.17,13.28,36607700
ABEV3.SA,2024-10-07,13.41,13.41,13.14,13.17,20788600
ABEV3.SA,2024-10-08,13.03,13.13,13.01,13.08,35995700
ABEV3.SA,2024-10-09,12.95,13.15,12.95,13.08,28383000
ABEV3.SA,2024-10-10,13.05,13.19,13.05,13.11,19340400
ABEV3.SA,2024-10-11,13.09,13.12,12.84,12.88,31193700
ABEV3.SA,2024-10-14,12.86,12.97,12.84,12.92,21045900
ABEV3.SA,2024-10-15,12.93,12.95,12.81,12.88,33545800
ABEV3.SA,2024-10-16,12.89,13.0,12.85,12.94,34342600
ABEV3.SA,2024-10-17,12.78,12.96,12.75,12.86,18266900
ABEV3.SA,2024-10-18,12.96,12.96,12.8,12.88,19422900
ABEV3.SA,2024-10-21,12.88,12.94,12.81,12.83,28877400
ABEV3.SA,2024-10-22,12.77,12.9,12.73,12.82,34756100
ABEV3.SA,2024-10-23,12.74,12.82,12.7,12.75,22384200
ABEV3.SA,2024-10-24,12.72,12.89,12.68,12.83,19295300
ABEV3.SA,2024-10-25,12.82,12.84,12.73,12.75,19204000
ABEV3.SA,2024-10-28,12.81,13.0,12.78,12.89,20050900
ABEV3.SA,2024-10-29,12.9,13.03,12.87,12.98,21500600
ABEV3.SA,2024-10-30,13.05,13.09,12.9,12.93,21176300
ABEV3.SA,2024-10-31,12.6,12.84,12.48,12.64,61215800
ABEV3.SA,2024-11-01,12.51,12.65,12.48,12.54,29027800
ABEV3.SA,2024-11-04,12.59,12.71,12.51,12.67,19442900
ABEV3.SA,2024-11-05,12.6,12.74,12.57,12.68,18352000
ABEV3.SA,2024-11-06,12.52,12.55,12.34,12.5,39053800
ABEV3.SA,2024-11-07,12.39,12.69,12.39,12.55,23946600
ABEV3.SA,2024-11-08,12.4,12.55,12.31,12.33,35013400
ABEV3.SA,2024-11-11,12.31,12.55,12.26,12.51,20684800
ABEV3.SA,2024-11-12,12.43,12.64,12.3,12.58,26899600
ABEV3.SA,2024-11-13,12.52,12.77,12.46,12.73,30341700
ABEV3.SA,2024-11-14,12.69,12.9,12.61,12.64,38027500
ABEV3.SA,2024-11-18,12.48,12.67,12.38,12.42,37251000
ABEV3.SA,2024-11-19,12.45,12.6,12.42,12.43,28564100
ABEV3.SA,2024-11-21,12.31,12.48,12.3,12.39,18400700
ABEV3.SA,2024-11-22,12.49,12.7,12.47,12.68,24116600
ABEV3.SA,2024-11-25,12.59,12.69,12.54,12.54,22015800
ABEV3.SA,2024-11-26,12.59,12.71,12.54,12.61,16924800
ABEV3.SA,2024-11-27,12.63,12.74,12.51,12.55,48572000
ABEV3.SA,2024-11-28,12.55,12.8,12.32,12.4,40805900
ABEV3.SA,2024-11-29,12.33,12.73,12.25,12.73,62396000
ABEV3.SA,2024-12-02,12.66,13.27,12.6,13.25,87464600
ABEV3.SA,2024-12-03,13.25,13.88,13.19,13.85,72892200
ABEV3.SA,2024-12-04,13.9,14.06,13.78,13.93,50659000
ABEV3.SA,2024-12-05,14.05,14.46,14.0,14.42,38794000
ABEV3.SA,2024-12-06,14.3,14.53,14.15,14.22,46449200
ABEV3.SA,2024-12-09,14.22,14.33,14.14,14.21,25321800
ABEV3.SA,2024-12-10,14.33,14.5,14.27,14.27,22942500
ABEV3.SA,2024-12-11,14.27,14.36,13.66,13.8,49150600
ABEV3.SA,2024-12-12,13.5,13.58,13.1,13.1,49616900
ABEV3.SA,2024-12-13,13.1,13.36,13.01,13.08,30867900
ABEV3.SA,2024-12-16,13.08,13.42,12.84,12.84,32095500
ABEV3.SA,2024-12-17,13.0,13.19,12.99,13.1,39564500
ABEV3.SA,2024-12-18,13.07,13.08,12.75,12.76,40864200
ABEV3.SA,2024-12-19,12.76,12.91,12.64,12.78,38104000
ABEV3.SA,2024-12-20,12.08,12.3,12.01,12.23,86074600
ABEV3.SA,2024-12-23,12.11,12.34,11.99,12.22,40181700
ABEV3.SA,2024-12-26,12.18,12.24,11.99,12.14,21166800
ABEV3.SA,2024-12-27,12.16,12.19,11.97,12.07,37624000
ABEV3.SA,2024-12-30,12.06,12.16,11.74,11.74,38907400
ABEV3.SA,2025-01-02,11.72,11.89,11.49,11.6,33417900
ABEV3.SA,2025-01-03,11.49,11.55,11.27,11.33,41365900
ABEV3.SA,2025-01-06,11.36,11.5,11.21,11.29,50881500
ABEV3.SA,2025-01-07,11.3,11.58,11.27,11.54,34905200
ABEV3.SA,2025-01-08,11.48,11.53,11.28,11.42,39248800
ABEV3.SA,2025-01-09,11.43,11.51,11.3,11.4,24470100
ABEV3.SA,2025-01-10,11.4,11.43,11.08,11.16,31277300
ABEV3.SA,2025-01-13,11.18,11.31,11.12,11.24,28945300
ABEV3.SA,2025-01-14,11.21,11.37,11.15,11.21,42625300
ABEV3.SA,2025-01-15,11.3,11.43,11.16,11.39,45380700
ABEV3.SA,2025-01-16,11.42,11.42,11.04,11.08,29298500
ABEV3.SA,2025-01-17,10.84,11.09,10.77,11.09,51433600
ABEV3.SA,2025-01-20,11.05,11.11,10.79,11.05,22293700
ABEV3.SA,2025-01-21,10.99,11.26,10.99,11.25,26293900
ABEV3.SA,2025-01-22,11.18,11.22,10.94,11.02,44993500
ABEV3.SA,2025-01-23,11.02,11.16,10.98,11.05,35708100
ABEV3.SA,2025-01-24,11.05,11.13,10.87,10.87,44514500
ABEV3.SA,2025-01-27,10.87,11.12,10.84,11.12,34876400
ABEV3.SA,2025-01-28,11.05,11.21,11.02,11.11,39022900
ABEV3.SA,2025-01-29,11.18,11.2,10.91,10.97,26199700
ABEV3.SA,2025-01-30,10.99,11.14,10.96,11.11,22347200
ABEV3.SA,2025-01-31,11.14,11.24,11.1,11.1,26952000
ABEV3.SA,2025-02-03,11.15,11.22,10.96,11.03,29524300
ABEV3.SA,2025-02-04,11.0,11.0,10.82,10.9,23133400
ABEV3.SA,2025-02-05,10.94,10.94,10.72,10.82,44675800
ABEV3.SA,2025-02-06,10.8,10.9,10.73,10.86,24218200
ABEV3.SA,2025-02-07,10.86,10.92,10.8,10.85,33491500
ABEV3.SA,2025-02-10,10.94,11.23,10.9,10.97,50519600
ABEV3.SA,2025-02-11,11.03,11.03,10.78,10.96,35802500
ABEV3.SA,2025-02-12,10.83,11.04,10.8,10.92,39414800
ABEV3.SA,2025-02-13,10.87,10.99,10.84,10.98,21078300
ABEV3.SA,2025-02-14,11.05,11.19,11.0,11.13,34084700
ABEV3.SA,2025-02-17,11.17,11.23,11.07,11.1,9559900
ABEV3.SA,2025-02-18,11.14,11.17,11.04,11.09,18776800
ABEV3.SA,2025-02-19,11.0,11.04,10.93,10.97,16856200
ABEV3.SA,2025-02-20,10.93,11.08,10.9,11.04,24406000
ABEV3.SA,2025-02-21,11.02,11.17,11.01,11.12,34245000
ABEV3.SA,2025-02-24,11.17,11.17,10.98,11.03,28954600
ABEV3.SA,2025-02-25,11.03,11.14,11.02,11.09,24354400
ABEV3.SA,2025-02-26,11.73,11.84,11.45,11.7,79612200
ABEV3.SA,2025-02-27,11.67,12.49,11.66,12.32,66169900
ABEV3.SA,2025-02-28,12.31,12.49,12.1,12.22,79761000
ABEV3.SA,2025-03-05,12.5,12.93,12.42,12.78,54086900
ABEV3.SA,2025-03-06,12.77,13.04,12.7,12.85,40524500
ABEV3.SA,2025-03-07,12.78,13.12,12.72,13.1,30190400
ABEV3.SA,2025-03-10,13.0,13.26,12.98,13.12,27718600
ABEV3.SA,2025-03-11,13.08,13.16,12.74,12.86,32659900
ABEV3.SA,2025-03-12,12.9,13.11,12.87,13.03,38219900
ABEV3.SA,2025-03-13,13.08,13.33,12.94,13.33,35316500
ABEV3.SA,2025-03-14,13.38,13.64,13.38,13.64,41772200
ABEV3.SA,2025-03-17,13.44,13.69,13.41,13.57,49697100
ABEV3.SA,2025-03-18,13.5,13.63,13.26,13.55,31311700
ABEV3.SA,2025-03-19,13.55,13.77,13.49,13.68,35578000
ABEV3.SA,2025-03-20,13.68,13.69,13.45,13.6,18669000
ABEV3.SA,2025-03-21,13.63,13.75,13.58,13.73,28909800
ABEV3.SA,2025-03-24,13.76,13.79,13.48,13.54,21122400
ABEV3.SA,2025-03-25,13.49,13.66,13.36,13.6,20685600
ABEV3.SA,2025-03-26,13.53,13.53,13.22,13.38,29019200
ABEV3.SA,2025-03-27,13.4,13.48,13.32,13.46,20680800
ABEV3.SA,2025-03-28,13.36,13.43,13.25,13.43,37767300
ABEV3.SA,2025-03-31,13.32,13.72,13.31,13.5,41452600
ABEV3.SA,2025-04-01,13.4,13.65,13.33,13.61,31317800
ABEV3.SA,2025-04-02,13.6,13.69,13.45,13.67,35788800
ABEV3.SA,2025-04-03,13.64,14.14,13.61,13.85,44926800
ABEV3.SA,2025-04-04,13.73,13.9,13.56,13.71,59559600
ABEV3.SA,2025-04-07,13.29,13.6,12.99,13.18,50069000
ABEV3.SA,2025-04-08,13.16,13.48,13.15,13.24,39798300
ABEV3.SA,2025-04-09,13.19,13.88,13.15,13.67,51912400
ABEV3.SA,2025-04-10,13.67,13.74,13.52,13.6,21741000
ABEV3.SA,2025-04-11,13.73,13.73,13.44,13.48,35635500
ABEV3.SA,2025-04-14,13.65,13.74,13.53,13.68,23490300
ABEV3.SA,2025-04-15,13.68,13.86,13.62,13.66,22758200
ABEV3.SA,2025-04-16,13.59,14.08,13.57,13.89,60471500
ABEV3.SA,2025-04-17,13.9,14.1,13.79,14.0,56058800
ABEV3.SA,2025-04-22,13.85,14.2,13.74,14.02,28032800
ABEV3.SA,2025-04-23,14.16,14.3,13.98,14.05,35704200
ABEV3.SA,2025-04-24,14.08,14.19,13.98,14.15,38150200
ABEV3.SA,2025-04-25,14.07,14.23,13.95,14.09,24152700
ABEV3.SA,2025-04-28,14.11,14.34,14.05,14.3,28336600
ABEV3.SA,2025-04-29,14.22,14.6,14.18,14.51,59612200
ABEV3.SA,2025-04-30,14.45,14.76,14.44,14.57,46988000
ABEV3.SA,2025-05-02,14.41,14.51,14.12,14.12,35468500
ABEV3.SA,2025-05-05,14.12,14.25,14.03,14.06,29153300
ABEV3.SA,2025-05-06,14.0,14.25,14.0,14.21,21775000
ABEV3.SA,2025-05-07,14.31,14.34,14.06,14.27,23409200
ABEV3.SA,2025-05-08,14.77,15.03,14.29,14.37,45418600
ABEV3.SA,2025-05-09,14.29,14.41,14.2,14.28,23513400
ABEV3.SA,2025-05-12,14.26,14.33,14.08,14.29,19557500
ABEV3.SA,2025-05-13,14.35,14.38,14.13,14.25,20625000
ABEV3.SA,2025-05-14,14.19,14.43,14.19,14.23,37228600
ABEV3.SA,2025-05-15,14.23,14.44,14.2,14.41,19063200
ABEV3.SA,2025-05-16,14.27,14.4,14.2,14.39,26057600
ABEV3.SA,2025-05-19,14.37,14.53,14.32,14.32,14202200
ABEV3.SA,2025-05-20,14.32,14.37,14.22,14.29,17554600
ABEV3.SA,2025-05-21,14.17,14.33,14.03,14.16,16478300
ABEV3.SA,2025-05-22,14.16,14.27,14.1,14.1,18062800
ABEV3.SA,2025-05-23,14.0,14.3,13.97,14.24,16090900
ABEV3.SA,2025-05-26,14.25,14.28,14.1,14.26,6439900
ABEV3.SA,2025-05-27,14.46,14.46,14.17,14.2,15568200
ABEV3.SA,2025-05-28,14.21,14.22,14.09,14.1,12853200
ABEV3.SA,2025-05-29,14.04,14.17,14.01,14.06,12528800
ABEV3.SA,2025-05-30,14.12,14.12,13.9,14.03,38207300
ABEV3.SA,2025-06-02,14.04,14.09,13.83,13.91,15049400
ABEV3.SA,2025-06-03,13.91,14.08,13.83,14.01,18971700
ABEV3.SA,2025-06-04,14.09,14.26,14.01,14.08,19154800
ABEV3.SA,2025-06-05,14.1,14.11,13.83,13.87,20132900
ABEV3.SA,2025-06-06,13.97,14.1,13.82,14.08,26987600
ABEV3.SA,2025-06-09,13.99,14.06,13.81,13.96,17173900
ABEV3.SA,2025-06-10,14.07,14.1,13.73,13.8,23640900
ABEV3.SA,2025-06-11,13.73,13.92,13.63,13.91,22849900
ABEV3.SA,2025-06-12,13.75,13.89,13.74,13.8,14788400
ABEV3.SA,2025-06-13,13.68,13.79,13.58,13.64,28248400
ABEV3.SA,2025-06-16,13.66,13.85,13.59,13.68,27978300
ABEV3.SA,2025-06-17,13.73,13.75,13.4,13.47,32452200
ABEV3.SA,2025-06-18,13.38,13.55,13.35,13.49,37567000
ABEV3.SA,2025-06-20,13.41,13.55,13.37,13.53,39451400
ABEV3.SA,2025-06-23,13.5,13.65,13.47,13.56,27562100
ABEV3.SA,2025-06-24,13.58,13.65,13.43,13.51,26798300
ABEV3.SA,2025-06-25,13.4,13.47,13.1,13.15,50901200
ABEV3.SA,2025-06-26,13.2,13.37,13.12,13.32,36177200
ABEV3.SA,2025-06-27,13.22,13.22,13.01,13.15,27309500
ABEV3.SA,2025-06-30,13.09,13.34,13.04,13.32,34532500
ABEV3.SA,2025-07-01,13.36,13.41,13.17,13.38,21493700
ABEV3.SA,2025-07-02,13.49,13.78,13.36,13.65,47073600
ABEV3.SA,2025-07-03,13.67,13.73,13.48,13.48,15694900
ABEV3.SA,2025-07-04,13.41,13.63,13.4,13.52,6452500
ABEV3.SA,2025-07-07,13.51,13.54,13.3,13.4,23165300
ABEV3.SA,2025-07-08,13.42,13.49,13.27,13.38,32803300
ABEV3.SA,2025-07-09,13.45,13.45,13.23,13.31,31299800
ABEV3.SA,2025-07-10,13.22,13.38,13.15,13.23,26865400
ABEV3.SA,2025-07-11,13.19,13.38,13.08,13.33,40755100
ABEV3.SA,2025-07-14,13.26,13.57,13.26,13.29,36420400
ABEV3.SA,2025-07-15,13.37,13.52,13.23,13.27,27675300
ABEV3.SA,2025-07-16,13.38,13.73,13.31,13.68,48903600
ABEV3.SA,2025-07-17,13.67,13.69,13.44,13.46,19213600
ABEV3.SA,2025-07-18,13.33,13.49,13.29,13.32,23902900
ABEV3.SA,2025-07-21,13.35,13.45,13.26,13.42,21355000
ABEV3.SA,2025-07-22,13.43,13.53,13.4,13.4,22285900
ABEV3.SA,2025-07-23,13.41,13.66,13.4,13.59,15345700
ABEV3.SA,2025-07-24,13.54,13.59,13.41,13.5,8292700
ABEV3.SA,2025-07-25,13.58,13.6,13.45,13.47,15436100
ABEV3.SA,2025-07-28,13.47,13.49,13.03,13.06,56671100
ABEV3.SA,2025-07-29,13.15,13.23,13.02,13.19,20942500
ABEV3.SA,2025-07-30,13.2,13.39,13.08,13.15,25805400
ABEV3.SA,2025-07-31,12.33,12.61,12.2,12.46,116074600
ABEV3.SA,2025-08-01,12.55,12.68,12.22,12.29,34261300
ABEV3.SA,2025-08-04,12.39,12.57,12.34,12.41,16396200
ABEV3.SA,2025-08-05,12.47,12.51,12.31,12.36,33909800
ABEV3.SA,2025-08-06,12.5,12.57,12.38,12.48,43866000
ABEV3.SA,2025-08-07,12.51,12.65,12.4,12.54,34814900
ABEV3.SA,2025-08-08,12.55,12.57,12.31,12.37,24174500
ABEV3.SA,2025-08-11,12.37,12.44,12.25,12.31,50587800
ABEV3.SA,2025-08-12,12.38,12.44,12.23,12.23,21327300
ABEV3.SA,2025-08-13,12.23,12.23,11.95,12.12,42653700
ABEV3.SA,2025-08-14,12.0,12.14,11.97,12.02,21777500
ABEV3.SA,2025-08-15,12.0,12.11,11.96,12.04,22229200
ABEV3.SA,2025-08-18,12.04,12.21,11.98,12.07,18813900
ABEV3.SA,2025-08-19,12.04,12.09,11.95,12.07,29267000
ABEV3.SA,2025-08-20,12.05,12.15,11.91,12.1,21759200
ABEV3.SA,2025-08-21,12.04,12.12,12.02,12.06,17547700
ABEV3.SA,2025-08-22,12.13,12.31,12.09,12.21,16592500
ABEV3.SA,2025-08-25,12.25,12.26,12.12,12.12,10382300
ABEV3.SA,2025-08-26,12.12,12.19,12.1,12.18,27024300
ABEV3.SA,2025-08-27,12.15,12.22,12.09,12.15,23328100
ABEV3.SA,2025-08-28,12.24,12.32,12.17,12.25,25303600
ABEV3.SA,2025-08-29,12.26,12.51,12.26,12.35,22696900
ABEV3.SA,2025-09-01,12.38,12.43,12.26,12.3,8227400
ABEV3.SA,2025-09-02,12.23,12.33,12.14,12.16,18419800
ABEV3.SA,2025-09-03,11.9,11.96,11.75,11.9,57777400
ABEV3.SA,2025-09-04,11.91,12.18,11.91,12.16,25257600
ABEV3.SA,2025-09-05,12.2,12.38,12.18,12.25,17025900
ABEV3.SA,2025-09-08,12.23,12.29,12.02,12.14,43983300
ABEV3.SA,2025-09-09,12.11,12.37,12.11,12.33,47583700
ABEV3.SA,2025-09-10,12.26,12.5,12.25,12.36,40403300
ABEV3.SA,2025-09-11,12.48,12.57,12.41,12.52,28340200
ABEV3.SA,2025-09-12,12.43,12.6,12.43,12.58,24015800
ABEV3.SA,2025-09-15,12.58,12.7,12.55,12.63,37293700
ABEV3.SA,2025-09-16,12.7,12.78,12.66,12.71,40985200
ABEV3.SA,2025-09-17,12.69,12.88,12.65,12.79,26865600
ABEV3.SA,2025-09-18,12.81,12.81,12.42,12.52,59380000
ABEV3.SA,2025-09-19,12.55,12.61,12.38,12.55,35447400
ABEV3.SA,2025-09-22,12.41,12.51,12.36,12.36,14169100
ABEV3.SA,2025-09-23,12.36,12.56,12.34,12.46,14643300
ABEV3.SA,2025-09-24,12.46,12.55,12.35,12.38,18134100
ABEV3.SA,2025-09-25,12.39,12.62,12.32,12.46,25988200
ABEV3.SA,2025-09-26,12.53,12.55,12.39,12.46,12757700
ABEV3.SA,2025-09-29,12.6,12.6,12.38,12.41,21050900
ABEV3.SA,2025-09-30,12.23,12.42,12.04,12.09,52485900
ABEV3.SA,2025-10-01,12.19,12.19,11.88,11.99,28764000
ABEV3.SA,2025-10-02,12.03,12.15,11.86,11.93,25828200
ABEV3.SA,2025-10-03,11.83,11.95,11.75,11.87,21785000
ABEV3.SA,2025-10-06,11.88,12.0,11.78,11.85,14804500
ABEV3.SA,2025-10-07,11.79,11.86,11.71,11.71,18071700
ABEV3.SA,2025-10-08,11.76,11.91,11.71,11.88,14723700
ABEV3.SA,2025-10-09,11.93,11.97,11.68,11.72,28928400
ABEV3.SA,2025-10-10,11.78,11.87,11.74,11.81,21477200
ABEV3.SA,2025-10-13,11.83,11.93,11.78,11.86,11694900
ABEV3.SA,2025-10-14,11.8,12.1,11.75,12.05,29046500
ABEV3.SA,2025-10-15,11.99,12.1,11.91,11.99,28407100
ABEV3.SA,2025-10-16,11.99,12.24,11.92,12.15,26420200
ABEV3.SA,2025-10-17,12.13,12.4,12.1,12.37,23480500
ABEV3.SA,2025-10-20,12.33,12.45,12.29,12.36,18260900
ABEV3.SA,2025-10-21,12.32,12.35,12.15,12.22,26607400
ABEV3.SA,2025-10-22,12.25,12.27,12.06,12.07,29517800
ABEV3.SA,2025-10-23,12.1,12.18,12.03,12.12,25355600
ABEV3.SA,2025-10-24,12.18,12.26,12.05,12.11,21686700
ABEV3.SA,2025-10-27,12.22,12.39,12.1,12.15,40310400
ABEV3.SA,2025-10-28,12.13,12.15,12.0,12.03,29170400
ABEV3.SA,2025-10-29,12.06,12.14,11.98,12.03,38485900
ABEV3.SA,2025-10-30,12.5,12.66,12.35,12.59,91617100
ABEV3.SA,2025-10-31,12.51,12.92,12.51,12.71,32112500
ABEV3.SA,2025-11-03,12.89,12.94,12.73,12.91,28265800
ABEV3.SA,2025-11-04,12.89,13.16,12.83,13.16,27058100
ABEV3.SA,2025-11-05,13.16,13.29,13.11,13.18,21385300
ABEV3.SA,2025-11-06,13.24,13.24,13.08,13.08,15494600
ABEV3.SA,2025-11-07,13.08,13.29,13.05,13.12,30240300
ABEV3.SA,2025-11-10,13.25,13.26,13.09,13.18,25239700
ABEV3.SA,2025-11-11,13.29,13.65,13.24,13.59,36404100
ABEV3.SA,2025-11-12,13.59,13.66,13.55,13.62,32756700
ABEV3.SA,2025-11-13,13.64,13.75,13.51,13.63,23794500
ABEV3.SA,2025-11-14,13.68,13.84,13.65,13.69,15539900
ABEV3.SA,2025-11-17,13.64,13.83,13.63,13.76,33654100
ABEV3.SA,2025-11-18,13.69,13.9,13.67,13.74,46389400
ABEV3.SA,2025-11-19,13.74,13.86,13.41,13.41,101108300
ABEV3.SA,2025-11-21,13.54,13.71,13.36,13.62,35463400
ABEV3.SA,2025-11-24,13.58,13.87,13.56,13.77,43126600
ABEV3.SA,2025-11-25,13.8,13.92,13.62,13.74,20205700
ABEV3.SA,2025-11-26,13.8,13.81,13.58,13.67,33961700
ABEV3.SA,2025-11-27,13.7,13.77,13.65,13.72,8093600
ABEV3.SA,2025-11-28,13.7,13.96,13.66,13.86,23319400
ABEV3.SA,2025-12-01,13.84,14.02,13.8,14.01,15984500
ABEV3.SA,2025-12-02,14.01,14.35,13.85,14.0,36109000
ABEV3.SA,2025-12-03,14.06,14.15,13.97,14.15,15674100
ABEV3.SA,2025-12-04,14.18,14.21,13.85,13.95,37988200
ABEV3.SA,2025-12-05,13.97,14.11,13.59,13.61,61741400
ABEV3.SA,2025-12-08,13.69,13.76,13.59,13.62,19119600
ABEV3.SA,2025-12-09,13.51,13.74,13.46,13.64,38541700
ABEV3.SA,2025-12-10,13.26,13.65,13.14,13.6,91743100
ABEV3.SA,2025-12-11,13.53,13.84,13.42,13.78,22635200
ABEV3.SA,2025-12-12,13.84,14.05,13.8,14.04,30262800
ABEV3.SA,2025-12-15,14.04,14.35,14.03,14.28,22268400
ABEV3.SA,2025-12-16,14.06,14.28,14.01,14.16,43020300
ABEV3.SA,2025-12-17,13.99,14.13,13.9,14.02,28631200
ABEV3.SA,2025-12-18,13.95,14.16,13.92,13.92,23928400
ABEV3.SA,2025-12-19,13.18,13.32,13.14,13.28,30380100
ABEV3.SA,2025-12-22,13.28,13.3,13.0,13.12,26993300
ABEV3.SA,2025-12-23,13.17,13.57,13.14,13.47,45087200
ABEV3.SA,2025-12-26,13.4,13.82,13.4,13.72,29118400
ABEV3.SA,2025-12-29,13.68,13.87,13.54,13.87,20303700
ABEV3.SA,2025-12-30,13.9,14.09,13.86,13.86,25304800
ABEV3.SA,2026-01-02,13.88,14.02,13.56,13.65,24557600
ABEV3.SA,2026-01-05,13.63,13.76,13.57,13.71,17543300
ABEV3.SA,2026-01-06,13.8,13.85,13.63,13.7,28548900
ABEV3.SA,2026-01-07,13.65,13.72,13.6,13.7,28605400
ABEV3.SA,2026-01-08,13.68,13.8,13.34,13.64,31130800
ABEV3.SA,2026-01-09,13.62,13.96,13.61,13.9,17408500
ABEV3.SA,2026-01-12,13.81,14.04,13.77,13.9,14562800
ABEV3.SA,2026-01-13,13.86,14.1,13.77,13.91,33777500
ABEV3.SA,2026-01-14,13.93,14.24,13.93,14.2,22198700
ABEV3.SA,2026-01-15,14.28,14.28,14.0,14.04,21374400
ABEV3.SA,2026-01-16,14.1,14.14,14.0,14.1,31536400
ABEV3.SA,2026-01-19,14.06,14.17,13.98,14.09,8040400
ABEV3.SA,2026-01-20,14.08,14.21,14.0,14.07,20664800
ABEV3.SA,2026-01-21,14.25,14.34,14.09,14.31,35138900
ABEV3.SA,2026-01-22,14.36,14.8,14.32,14.59,47662500
ABEV3.SA,2026-01-23,14.68,15.11,14.54,14.9,53554400
ABEV3.SA,2026-01-26,14.97,15.14,14.73,15.05,22156500
ABEV3.SA,2026-01-27,15.23,15.25,14.87,14.87,24248800
ABEV3.SA,2026-01-28,15.0,15.12,14.81,14.95,23714500
ABEV3.SA,2026-01-29,15.01,15.06,14.6,14.76,33726800
ABEV3.SA,2026-01-30,14.76,14.97,14.75,14.85,40087800
ABEV3.SA,2026-02-02,14.98,15.18,14.84,15.06,19323000
ABEV3.SA,2026-02-03,15.14,15.39,15.08,15.38,32249800
ABEV3.SA,2026-02-04,15.28,15.43,15.21,15.3,27049700
ABEV3.SA,2026-02-05,15.4,15.52,15.18,15.48,26311400
ABEV3.SA,2026-02-06,15.52,15.57,15.33,15.42,23511000
ABEV3.SA,2026-02-09,15.46,15.5,15.16,15.39,22980900
ABEV3.SA,2026-02-10,15.34,15.79,15.3,15.66,35103300
ABEV3.SA,2026-02-11,15.77,15.95,15.63,15.77,26720300
ABEV3.SA,2026-02-12,15.91,16.77,15.9,16.52,55037900
ABEV3.SA,2026-02-13,16.12,16.41,16.1,16.35,23238400
ABEV3.SA,2026-02-18,16.31,16.49,16.01,16.13,29705300
ABEV3.SA,2026-02-19,16.19,16.28,16.05,16.17,23244500
ABEV3.SA,2026-02-20,16.06,16.1,15.71,16.03,33875800
ABEV3.SA,2026-02-23,15.93,16.33,15.82,16.19,29917200
ABEV3.SA,2026-02-24,16.23,16.58,16.23,16.58,31221100
ABEV3.SA,2026-02-25,16.61,16.64,16.26,16.38,29966400
ABEV3.SA,2026-02-26,16.42,16.6,16.36,16.41,18040900
ABEV3.SA,2026-02-27,16.32,16.52,16.25,16.27,34463800
ABEV3.SA,2026-03-02,15.97,16.2,15.87,15.91,18638600
ABEV3.SA,2026-03-03,15.35,15.58,15.15,15.57,40085300
ABEV3.SA,2026-03-04,15.7,15.84,15.4,15.6,26249500
ABEV3.SA,2026-03-05,15.49,15.56,15.26,15.29,26954000
ABEV3.SA,2026-03-06,15.3,15.34,14.96,15.23,17914800
ABEV3.SA,2026-03-09,15.2,15.56,15.13,15.41,21901300
ABEV3.SA,2026-03-10,15.43,15.72,15.39,15.45,20894000
ABEV3.SA,2026-03-11,15.31,15.55,15.2,15.43,19594000
ABEV3.SA,2026-03-12,15.22,15.25,14.87,14.95,37546800
ABEV3.SA,2026-03-13,14.87,15.23,14.87,15.0,25418200
ABEV3.SA,2026-03-16,15.2,15.32,15.1,15.1,28906400
ABEV3.SA,2026-03-17,15.15,15.19,14.95,15.02,27499600
ABEV3.SA,2026-03-18,14.95,15.06,14.74,14.74,20403700
ABEV3.SA,2026-03-19,14.52,14.77,14.44,14.77,30848100
ABEV3.SA,2026-03-20,14.69,14.75,14.33,14.47,65705300
ABEV3.SA,2026-03-23,14.68,14.83,14.53,14.66,23231600
ABEV3.SA,2026-03-24,14.66,14.76,14.5,14.7,13573700
ABEV3.SA,2026-03-25,14.89,15.12,14.79,15.01,25296600
ABEV3.SA,2026-03-26,14.88,15.05,14.81,14.83,13324100
ABEV3.SA,2026-03-27,14.79,15.0,14.74,14.76,17884700
ABEV3.SA,2026-03-30,14.85,14.92,14.73,14.84,18158200
ABEV3.SA,2026-03-31,15.0,15.26,14.94,15.25,36180800
ABEV3.SA,2026-04-01,15.27,15.48,15.18,15.36,23927000
ABEV3.SA,2026-04-02,15.15,15.41,15.1,15.28,25947900
ABEV3.SA,2026-04-06,15.3,15.56,15.3,15.45,14919000
ABEV3.SA,2026-04-07,15.37,15.48,15.22,15.48,18339600
ABEV3.SA,2026-04-08,15.96,16.03,15.65,15.86,34907800
ABEV3.SA,2026-04-09,15.99,16.25,15.85,16.06,33451600
ABEV3.SA,2026-04-10,16.3,16.34,16.04,16.12,23124300
ABEV3.SA,2026-04-13,16.12,16.19,15.85,15.93,23073100
ABEV3.SA,2026-04-14,15.97,16.02,15.83,15.89,22292800
ABEV3.SA,2026-04-15,15.84,15.94,15.74,15.83,24739300
ABEV3.SA,2026-04-16,15.4,15.58,15.3,15.43,49811600
ABEV3.SA,2026-04-17,15.64,15.77,15.31,15.33,36665400
ABEV3.SA,2026-04-20,15.34,15.47,15.28,15.31,14954700
ABEV3.SA,2026-04-22,15.32,15.41,15.0,15.0,26157200
ABEV3.SA,2026-04-23,15.0,15.0,14.74,14.74,25435000
ABEV3.SA,2026-04-24,14.72,14.73,14.46,14.5,24151800
ABEV3.SA,2026-04-27,14.62,14.71,14.5,14.54,18935100
ABEV3.SA,2026-04-28,14.41,14.63,14.4,14.58,15614300
ABEV3.SA,2026-04-29,14.51,14.56,14.32,14.33,18123700
ABEV3.SA,2026-04-30,14.36,14.64,14.36,14.51,26546800
ABEV3.SA,2026-05-04,14.57,14.62,14.43,14.44,21318400
ABEV3.SA,2026-05-05,15.56,16.84,15.56,16.65,109952300
ABEV3.SA,2026-05-06,16.66,17.01,16.58,16.95,31822900
ABEV3.SA,2026-05-07,16.86,17.04,16.32,16.41,30952400
ABEV3.SA,2026-05-08,16.49,16.55,16.18,16.32,41784100
ABEV3.SA,2026-05-11,16.2,16.5,16.17,16.25,19740000
ABEV3.SA,2026-05-12,16.21,16.32,16.1,16.13,19751300
ABEV3.SA,2026-05-13,16.16,16.3,15.85,15.91,28456100
ABEV3.SA,2026-05-14,15.96,16.1,15.75,15.77,22570000
ABEV3.SA,2026-05-15,15.67,15.89,15.5,15.69,31009700
ABEV3.SA,2026-05-18,15.72,15.85,15.61,15.81,20757200
ABEV3.SA,2026-05-19,15.65,15.91,15.53,15.81,25814600
ABEV3.SA,2026-05-20,15.91,16.31,15.87,16.22,24281300
ABEV3.SA,2026-05-21,16.11,16.55,16.08,16.4,20774700
ABEV3.SA,2026-05-22,16.2,16.3,16.09,16.1,24010300
ABEV3.SA,2026-05-25,16.2,16.41,16.16,16.4,14643100
ABEV3.SA,2026-05-26,16.9,16.92,16.39,16.59,35881800
ABEV3.SA,2026-05-27,16.79,16.92,16.57,16.61,37022600
ABEV3.SA,2026-05-28,16.6,16.65,16.25,16.29,24813300
ABEV3.SA,2026-05-29,16.29,16.46,16.02,16.32,86401700
ABEV3.SA,2026-06-01,16.39,16.57,16.14,16.43,37464400
ABEV3.SA,2026-06-02,16.49,16.63,16.42,16.45,15806800
ABEV3.SA,2026-06-03,16.22,16.32,16.05,16.07,24645900
ABEV3.SA,2026-06-05,16.04,16.26,15.95,16.17,22964600
ABEV3.SA,2026-06-08,16.11,16.23,15.95,16.08,18008000
ABEV3.SA,2026-06-09,16.22,16.35,16.13,16.21,23741600
ABEV3.SA,2026-06-10,16.13,16.28,16.13,16.28,23080500
ABEV3.SA,2026-06-11,16.22,16.64,16.19,16.64,33555900
ABEV3.SA,2026-06-12,16.5,16.77,16.44,16.61,14291900
ABEV3.SA,2026-06-15,16.77,16.82,16.56,16.57,19463100
ABEV3.SA,2026-06-16,16.48,16.56,16.35,16.44,13495700
ABEV3.SA,2026-06-17,16.36,16.71,16.11,16.19,32858800
ABEV3.SA,2026-06-18,16.13,16.34,16.1,16.22,41278300
ABEV3.SA,2026-06-19,16.17,16.31,16.05,16.05,26925200
ABEV3.SA,2026-06-22,16.16,16.38,16.07,16.17,22020700
ABEV3.SA,2026-06-23,16.05,16.43,16.05,16.37,27581700
ABEV3.SA,2026-06-24,16.29,16.52,16.25,16.38,22826200
ABEV3.SA,2026-06-25,16.4,16.49,16.23,16.39,18193000
ABEV3.SA,2026-06-26,16.43,16.76,16.38,16.73,21690800
ABEV3.SA,2026-06-29,16.79,16.85,16.52,16.59,17657800
ABEV3.SA,2026-06-30,16.46,16.5,16.24,16.29,22299700
ABEV3.SA,2026-07-01,16.13,16.39,16.09,16.2,17744600
ABEV3.SA,2026-07-02,16.38,16.48,16.22,16.3,17656700
ABEV3.SA,2026-07-03,16.45,16.45,16.15,16.29,6915200
ABEV3.SA,2026-07-06,16.09,16.1,15.69,15.88,32014900
ABEV3.SA,2026-07-07,15.84,16.12,15.56,15.61,37381000
ABEV3.SA,2026-07-08,15.53,15.74,15.52,15.62,24227600
ABEV3.SA,2026-07-09,15.73,15.79,15.64,15.72,23964000
ABEV3.SA,2026-07-10,15.95,15.99,15.72,15.82,34757600
ABEV3.SA,2026-07-13,15.81,16.03,15.7,15.83,31167700
ABEV3.SA,2026-07-14,15.94,16.0,15.78,15.81,17907700
ABEV3.SA,2026-07-15,15.59,15.73,15.35,15.57,31466500
ABEV3.SA,2026-07-16,15.49,15.71,15.46,15.6,20772600
ABEV3.SA,2026-07-17,15.59,15.75,15.51,15.63,16137900
ABEV3.SA,2026-07-20,15.65,15.83,15.58,15.79,24319600
ABEV3.SA,2026-07-21,15.74,15.9,15.74,15.8,19628700
ABEV3.SA,2026-07-22,15.85,16.14,15.74,16.13,28818200
ABEV3.SA,2026-07-23,16.04,16.11,15.84,15.92,18873800
ABEV3.SA,2026-07-24,15.79,15.9,15.61,15.64,15224800
ABEV3.SA,2026-07-27,15.74,15.89,15.56,15.86,30052500
ABEV3.SA,2026-07-28,16.2,16.37,16.01,16.1,37458000
ABEV3.SA,2026-07-29,16.05,16.23,15.9,15.9,37839300
ABEV3.SA,2026-07-30,15.22,15.96,15.12,15.96,70813600
ABEV3.SA,2026-07-31,16.1,16.1,15.85,15.99,38243300
MGLU3.SA,2024-08-02,10.3619,11.0381,10.3619,11.019,27257895
MGLU3.SA,2024-08-05,10.4762,11.0952,10.1143,10.9905,33601785
MGLU3.SA,2024-08-06,10.9714,11.1238,10.4095,10.7619,25576320
MGLU3.SA,2024-08-07,10.9619,11.6667,10.9238,11.6095,25173540
MGLU3.SA,2024-08-08,11.6286,12.0952,11.6286,11.9429,21979965
MGLU3.SA,2024-08-09,12.2857,12.619,11.6286,12.3429,43202145
MGLU3.SA,2024-08-12,12.4286,13.181,12.3333,12.3333,41530755
MGLU3.SA,2024-08-13,12.5714,12.7619,12.381,12.6571,25403385
MGLU3.SA,2024-08-14,12.4762,12.8095,12.0381,12.1333,26805030
MGLU3.SA,2024-08-15,12.2095,12.7714,11.9619,12.6571,20585040
MGLU3.SA,2024-08-16,12.6762,12.7238,11.981,11.981,19720365
MGLU3.SA,2024-08-19,12.1238,13.3333,12.1143,13.2571,33966030
MGLU3.SA,2024-08-20,13.2571,13.2667,12.9333,13.1429,17052735
MGLU3.SA,2024-08-21,13.1714,13.4095,12.781,13.1905,20823810
MGLU3.SA,2024-08-22,13.0476,13.181,12.4952,12.5524,17026275
MGLU3.SA,2024-08-23,12.7143,13.1143,12.5048,12.9714,17788575
MGLU3.SA,2024-08-26,13.0952,13.1238,12.4476,12.7143,17104710
MGLU3.SA,2024-08-27,12.6952,13.0762,12.6476,12.8286,15401190
MGLU3.SA,2024-08-28,12.6952,12.8286,12.5143,12.5524,15821610
MGLU3.SA,2024-08-29,12.5714,12.619,12.0571,12.2762,21252735
MGLU3.SA,2024-08-30,12.1429,12.1714,11.5524,11.581,26457900
MGLU3.SA,2024-09-02,11.4286,11.619,11.2667,11.4,13851495
MGLU3.SA,2024-09-03,11.6095,11.6952,11.0476,11.1238,21533190
MGLU3.SA,2024-09-04,11.2286,11.7619,11.1905,11.4667,19044900
MGLU3.SA,2024-09-05,11.4667,11.7714,11.0667,11.7143,26079795
MGLU3.SA,2024-09-06,11.6952,11.9143,11.2,11.2381,18652410
MGLU3.SA,2024-09-09,11.2571,11.3238,10.9714,10.9714,12805905
MGLU3.SA,2024-09-10,10.8571,10.9619,10.6952,10.7905,13026300
MGLU3.SA,2024-09-11,10.8952,10.9714,10.6286,10.7333,16004730
MGLU3.SA,2024-09-12,10.7714,10.7714,10.5429,10.6381,13165320
MGLU3.SA,2024-09-13,10.7238,11.3714,10.7048,11.0476,18622590
MGLU3.SA,2024-09-16,11.0095,11.2571,10.8952,11.1333,11519865
MGLU3.SA,2024-09-17,11.0476,11.3333,10.9429,11.3143,13852230
MGLU3.SA,2024-09-18,11.181,11.6286,10.9714,10.9714,22646925
MGLU3.SA,2024-09-19,11.1333,11.219,10.6095,10.6286,21187530
MGLU3.SA,2024-09-20,10.6095,10.619,9.8571,9.8571,35610225
MGLU3.SA,2024-09-23,9.7333,9.8762,9.4571,9.5429,22482705
MGLU3.SA,2024-09-24,9.8,9.8381,9.5429,9.7048,16186695
MGLU3.SA,2024-09-25,9.781,9.8381,9.3714,9.5238,21502530
MGLU3.SA,2024-09-26,9.6,9.8381,9.3048,9.3333,23224425
MGLU3.SA,2024-09-27,9.3333,9.8857,9.3333,9.5238,24109680
MGLU3.SA,2024-09-30,9.5238,9.581,9.019,9.2381,26500530
MGLU3.SA,2024-10-01,9.3143,9.4571,9.1429,9.2571,22765155
MGLU3.SA,2024-10-02,9.3619,9.6381,9.2762,9.381,26206005
MGLU3.SA,2024-10-03,9.1905,9.4381,8.981,9.2667,25796820
MGLU3.SA,2024-10-04,9.2,9.3048,9.0571,9.2095,18685695
MGLU3.SA,2024-10-07,9.3429,9.4571,8.9333,9.0571,25405800
MGLU3.SA,2024-10-08,9.0762,9.1714,9.0095,9.1143,19517820
MGLU3.SA,2024-10-09,9.019,9.0667,8.8,8.8,18004035
MGLU3.SA,2024-10-10,8.8571,8.8762,8.6381,8.7714,18369540
MGLU3.SA,2024-10-11,8.781,9.019,8.5048,9.0,29925105
MGLU3.SA,2024-10-14,8.9619,9.581,8.8571,9.3333,25906650
MGLU3.SA,2024-10-15,9.4286,9.4952,9.1524,9.2381,17224620
MGLU3.SA,2024-10-16,9.1905,9.4952,9.1238,9.3333,22507065
MGLU3.SA,2024-10-17,9.2381,9.2667,9.1143,9.1143,15796515
MGLU3.SA,2024-10-18,9.181,9.2571,8.9143,8.9524,25355925
MGLU3.SA,2024-10-21,9.0,9.3238,9.0,9.2095,24262455
MGLU3.SA,2024-10-22,9.1143,9.3429,8.7143,8.8571,32968950
MGLU3.SA,2024-10-23,8.7238,8.8762,8.6286,8.7143,21991935
MGLU3.SA,2024-10-24,8.7429,9.0571,8.6476,9.0286,26403195
MGLU3.SA,2024-10-25,9.0095,9.0667,8.6952,8.6952,21516075
MGLU3.SA,2024-10-28,8.8381,9.1429,8.8286,9.019,22672335
MGLU3.SA,2024-10-29,9.0,9.0667,8.7143,8.7905,18714255
MGLU3.SA,2024-10-30,8.8095,9.219,8.7333,9.1429,26669475
MGLU3.SA,2024-10-31,9.0667,9.2095,8.9524,9.0095,14264145
MGLU3.SA,2024-11-01,9.1333,9.1333,8.3619,8.4381,30144345
MGLU3.SA,2024-11-04,8.7048,9.4095,8.7048,9.3143,47535915
MGLU3.SA,2024-11-05,9.1905,9.5429,8.9619,9.5048,39009705
MGLU3.SA,2024-11-06,9.2762,9.4476,9.0857,9.2667,30775185
MGLU3.SA,2024-11-07,9.3429,9.619,8.9143,8.9333,41591550
MGLU3.SA,2024-11-08,9.2667,9.4476,8.6381,9.1429,63494445
MGLU3.SA,2024-11-11,9.0476,9.1143,8.781,8.9524,34669740
MGLU3.SA,2024-11-12,8.9905,9.1333,8.7905,8.7905,31031070
MGLU3.SA,2024-11-13,8.8571,9.0857,8.6,8.819,36576540
MGLU3.SA,2024-11-14,8.819,9.0952,8.5524,8.5714,37458330
MGLU3.SA,2024-11-18,8.6667,9.0095,8.5714,8.7905,30709980
MGLU3.SA,2024-11-19,8.8381,8.9619,8.6667,8.9333,22281735
MGLU3.SA,2024-11-21,8.781,8.8667,8.6762,8.7048,30852465
MGLU3.SA,2024-11-22,8.8095,8.981,8.6857,8.9714,25803120
MGLU3.SA,2024-11-25,8.981,9.5333,8.9524,9.5333,23452485
MGLU3.SA,2024-11-26,9.4762,10.2286,9.4571,10.1333,38195010
MGLU3.SA,2024-11-27,10.1524,10.2381,9.181,9.181,41498730
MGLU3.SA,2024-11-28,9.1714,9.3238,8.4381,8.5619,32984280
MGLU3.SA,2024-11-29,8.5714,8.781,8.2857,8.6,40005840
MGLU3.SA,2024-12-02,8.581,8.9524,8.4381,8.7619,25693500
MGLU3.SA,2024-12-03,8.8381,8.9619,8.7238,8.8667,24875130
MGLU3.SA,2024-12-04,8.8952,9.0476,8.8,8.8,23444820
MGLU3.SA,2024-12-05,8.9524,9.2095,8.7524,8.7524,27113625
MGLU3.SA,2024-12-06,8.7524,8.8952,8.0762,8.1333,35404530
MGLU3.SA,2024-12-09,8.2,8.4857,8.019,8.0571,32123490
MGLU3.SA,2024-12-10,8.2667,8.3619,7.9333,8.3048,29508150
MGLU3.SA,2024-12-11,8.381,9.0762,8.2857,8.7714,39928770
MGLU3.SA,2024-12-12,8.4762,8.5143,7.9143,7.981,40498290
MGLU3.SA,2024-12-13,7.9905,8.1905,7.8,7.8095,25468380
MGLU3.SA,2024-12-16,7.8571,7.8762,7.3524,7.3905,25782015
MGLU3.SA,2024-12-17,7.4762,7.4952,7.0762,7.1143,41089230
MGLU3.SA,2024-12-18,6.9048,7.0,6.3048,6.4,40113045
MGLU3.SA,2024-12-19,6.4286,6.7905,6.4,6.7905,39780615
MGLU3.SA,2024-12-20,6.7714,7.2286,6.6476,6.9524,39482100
MGLU3.SA,2024-12-23,6.8571,6.9238,6.6095,6.6476,22584240
MGLU3.SA,2024-12-26,6.6952,6.7429,6.2095,6.219,30030000
MGLU3.SA,2024-12-27,6.3429,6.4095,5.981,6.2,33883500
MGLU3.SA,2024-12-30,6.2286,6.4667,6.1048,6.1905,25178895
MGLU3.SA,2025-01-02,6.1905,6.2571,5.9524,6.1238,29886990
MGLU3.SA,2025-01-03,6.1238,6.2476,5.8571,5.9619,21285600
MGLU3.SA,2025-01-06,6.1048,6.3714,6.0667,6.3333,32892720
MGLU3.SA,2025-01-07,6.4,6.4857,6.2286,6.2857,22956255
MGLU3.SA,2025-01-08,6.1524,6.1714,5.781,5.8762,27441855
MGLU3.SA,2025-01-09,5.8381,5.8762,5.619,5.7238,25137630
MGLU3.SA,2025-01-10,5.7333,5.8476,5.619,5.7429,19073040
MGLU3.SA,2025-01-13,5.781,5.7905,5.4952,5.5333,17932110
MGLU3.SA,2025-01-14,5.581,5.6381,5.4381,5.6286,26096805
MGLU3.SA,2025-01-15,5.7238,6.1238,5.7143,6.0667,34238610
MGLU3.SA,2025-01-16,5.981,6.0381,5.6381,5.6571,30684045
MGLU3.SA,2025-01-17,5.7238,5.8381,5.619,5.7714,24618720
MGLU3.SA,2025-01-20,5.7238,5.9238,5.5714,5.819,18469395
MGLU3.SA,2025-01-21,5.819,5.9524,5.7619,5.8667,17863125
MGLU3.SA,2025-01-22,5.9429,6.2,5.819,6.0667,23871855
MGLU3.SA,2025-01-23,6.0667,6.1714,5.8762,5.9905,19196625
MGLU3.SA,2025-01-24,6.0286,6.2762,6.019,6.0667,15180375
MGLU3.SA,2025-01-27,6.0476,6.7048,6.0,6.6762,28981995
MGLU3.SA,2025-01-28,6.6476,6.7048,6.4381,6.4381,19353285
MGLU3.SA,2025-01-29,6.5048,6.5333,6.1524,6.2762,21692580
MGLU3.SA,2025-01-30,6.3905,7.0667,6.3905,6.9238,33369210
MGLU3.SA,2025-01-31,6.9619,7.2,6.8571,7.1048,27166020
MGLU3.SA,2025-02-03,6.9714,6.9714,6.7429,6.8762,24056340
MGLU3.SA,2025-02-04,6.8095,6.9524,6.4857,6.8952,30244725
MGLU3.SA,2025-02-05,6.8667,6.8667,6.5333,6.5524,21965685
MGLU3.SA,2025-02-06,6.581,7.0667,6.581,7.0381,28730310
MGLU3.SA,2025-02-07,6.9905,7.0952,6.6286,6.7333,32135880
MGLU3.SA,2025-02-10,6.819,7.1143,6.8,6.9143,21918015
MGLU3.SA,2025-02-11,6.9048,7.1143,6.7429,6.9238,27440070
MGLU3.SA,2025-02-12,6.7714,6.8571,6.6286,6.7524,25194330
MGLU3.SA,2025-02-13,6.7143,6.819,6.6476,6.6762,25699590
MGLU3.SA,2025-02-14,6.819,7.181,6.6667,7.0286,37153830
MGLU3.SA,2025-02-17,7.0667,7.6381,7.0667,7.581,40265610
MGLU3.SA,2025-02-18,7.5333,7.6857,7.2571,7.3143,41769420
MGLU3.SA,2025-02-19,7.1524,7.3714,7.0952,7.0952,19883955
MGLU3.SA,2025-02-20,7.219,7.2667,6.9714,7.019,22409205
MGLU3.SA,2025-02-21,7.019,7.1143,6.819,6.9333,28604835
MGLU3.SA,2025-02-24,7.0952,7.1048,6.4476,6.5429,32060490
MGLU3.SA,2025-02-25,6.5714,7.1143,6.5429,7.0286,38796345
MGLU3.SA,2025-02-26,7.1905,7.1905,6.819,7.0095,24038070
MGLU3.SA,2025-02-27,7.0095,7.1524,6.8857,6.9619,22567020
MGLU3.SA,2025-02-28,6.8762,7.1524,6.6667,6.8095,31235505
MGLU3.SA,2025-03-05,6.781,6.9714,6.6952,6.9333,11439960
MGLU3.SA,2025-03-06,6.7429,6.8667,6.5524,6.7714,36697080
MGLU3.SA,2025-03-07,6.7333,7.4952,6.619,7.4857,42929040
MGLU3.SA,2025-03-10,7.2952,8.0857,7.2952,7.8571,41209455
MGLU3.SA,2025-03-11,7.8286,8.2857,7.7429,7.9048,37232685
MGLU3.SA,2025-03-12,7.9143,8.3619,7.9143,8.1714,23080260
MGLU3.SA,2025-03-13,8.2381,8.381,7.8476,8.0571,25050270
MGLU3.SA,2025-03-14,8.1333,9.5714,8.0286,9.1429,68990040
MGLU3.SA,2025-03-17,9.1429,9.9429,9.0286,9.6571,40030620
MGLU3.SA,2025-03-18,9.619,9.8571,9.5524,9.5524,27941865
MGLU3.SA,2025-03-19,9.5524,10.1238,9.4952,9.9333,36316980
MGLU3.SA,2025-03-20,9.9524,10.0762,9.781,9.8762,18864195
MGLU3.SA,2025-03-21,9.8571,9.9143,9.6,9.619,31040415
MGLU3.SA,2025-03-24,9.6667,9.7619,9.4762,9.7238,24540075
MGLU3.SA,2025-03-25,10.0762,10.7048,9.8952,9.9619,60765390
MGLU3.SA,2025-03-26,10.0762,10.2286,9.819,9.9905,28995015
MGLU3.SA,2025-03-27,9.981,10.9143,9.8095,10.3524,40345935
MGLU3.SA,2025-03-28,10.2762,10.3238,9.7143,10.0571,32397960
MGLU3.SA,2025-03-31,9.9429,10.1333,9.6,9.6667,30495675
MGLU3.SA,2025-04-01,9.7048,10.1048,9.6667,9.9524,26700450
MGLU3.SA,2025-04-02,9.9333,10.6762,9.8762,10.6571,39647580
MGLU3.SA,2025-04-03,10.6286,11.2857,10.6095,11.2381,34625745
MGLU3.SA,2025-04-04,10.8,10.9429,10.2286,10.3143,42220815
MGLU3.SA,2025-04-07,9.9143,10.3619,9.5714,9.6571,56328930
MGLU3.SA,2025-04-08,9.8952,9.9238,8.3143,8.3619,56292285
MGLU3.SA,2025-04-09,8.2476,9.4,8.0762,9.3048,56130060
MGLU3.SA,2025-04-10,9.2381,9.9905,9.1238,9.7238,43742055
MGLU3.SA,2025-04-11,9.8476,10.0381,9.5524,9.9714,28795725
MGLU3.SA,2025-04-14,10.2952,10.4857,9.6762,9.9905,28517895
MGLU3.SA,2025-04-15,10.0,10.2667,9.7524,9.9524,24270750
MGLU3.SA,2025-04-16,9.8667,10.0952,9.7333,9.8571,21185430
MGLU3.SA,2025-04-17,9.9143,9.981,9.6762,9.7143,28199640
MGLU3.SA,2025-04-22,9.7048,9.9429,9.3333,9.6571,27106800
MGLU3.SA,2025-04-23,9.8762,10.0286,9.0571,9.0857,36383025
MGLU3.SA,2025-04-24,9.1524,10.0667,9.1238,10.0667,39585210
MGLU3.SA,2025-04-25,10.1714,10.1905,9.8476,9.9524,20091540
MGLU3.SA,2025-04-28,9.7714,9.9429,9.4095,9.5238,24289965
MGLU3.SA,2025-04-29,9.6095,10.1143,9.4571,9.5048,35508375
MGLU3.SA,2025-04-30,9.5619,9.6,8.8286,8.8762,27377700
MGLU3.SA,2025-05-02,8.9619,9.0286,8.7238,8.8857,15879465
MGLU3.SA,2025-05-05,8.8857,8.9905,8.4095,8.4381,20914215
MGLU3.SA,2025-05-06,8.5714,8.6381,8.2286,8.3238,18405240
MGLU3.SA,2025-05-07,8.4095,8.419,8.0667,8.1333,15524355
MGLU3.SA,2025-05-08,8.4095,8.9143,8.3143,8.5905,24839115
MGLU3.SA,2025-05-09,8.4286,8.4667,7.5333,7.9905,51607500
MGLU3.SA,2025-05-12,8.181,8.5905,8.1143,8.3619,25225725
MGLU3.SA,2025-05-13,8.4,8.9619,8.1333,8.7238,40216260
MGLU3.SA,2025-05-14,8.6667,9.019,8.4857,8.9048,31186785
MGLU3.SA,2025-05-15,8.8667,9.3714,8.8667,9.2381,33717180
MGLU3.SA,2025-05-16,9.0476,9.3238,8.9619,9.3143,20626935
MGLU3.SA,2025-05-19,9.2476,9.6857,9.1714,9.4286,34666380
MGLU3.SA,2025-05-20,9.3048,9.3905,8.9714,9.1429,21422415
MGLU3.SA,2025-05-21,9.0667,9.0667,8.6857,8.7714,21280455
MGLU3.SA,2025-05-22,8.7619,9.6,8.7619,9.019,41244735
MGLU3.SA,2025-05-23,8.6952,8.7905,8.381,8.5714,45123015
MGLU3.SA,2025-05-26,8.7619,8.8286,8.5429,8.6095,17258220
MGLU3.SA,2025-05-27,8.9619,9.3143,8.7524,8.8952,31090710
MGLU3.SA,2025-05-28,8.819,9.3048,8.7905,9.0952,42432390
MGLU3.SA,2025-05-29,9.1048,9.1905,8.6476,8.6476,32360160
MGLU3.SA,2025-05-30,8.7619,8.8857,8.5905,8.781,29169210
MGLU3.SA,2025-06-02,9.0,9.419,8.9238,9.0857,29642025
MGLU3.SA,2025-06-03,9.0667,9.8,8.981,9.7619,41178690
MGLU3.SA,2025-06-04,9.8476,9.9429,8.9619,9.5619,58939545
MGLU3.SA,2025-06-05,9.6286,9.9333,9.4857,9.581,49583520
MGLU3.SA,2025-06-06,9.6952,9.9524,9.0476,9.0476,45597720
MGLU3.SA,2025-06-09,8.981,9.2095,8.8857,9.0286,27079815
MGLU3.SA,2025-06-10,9.2667,9.4857,8.9619,9.0476,37953405
MGLU3.SA,2025-06-11,9.0857,9.2857,8.9238,9.0857,28747215
MGLU3.SA,2025-06-12,8.9619,9.219,8.819,9.1619,25304580
MGLU3.SA,2025-06-13,8.8762,8.8952,8.5143,8.5143,50894655
MGLU3.SA,2025-06-16,8.7143,9.1524,8.7048,9.0857,35399280
MGLU3.SA,2025-06-17,8.981,9.0476,8.7429,8.8857,23528925
MGLU3.SA,2025-06-18,8.9048,9.0667,8.819,8.9048,24045105
MGLU3.SA,2025-06-20,8.7524,8.7524,8.381,8.4286,28290150
MGLU3.SA,2025-06-23,8.4762,8.5238,8.1524,8.4857,37725345
MGLU3.SA,2025-06-24,8.6381,9.0667,8.5905,8.6667,30730560
MGLU3.SA,2025-06-25,8.7143,8.781,8.5714,8.6952,24805620
MGLU3.SA,2025-06-26,8.8857,9.0762,8.7429,8.9714,28136850
MGLU3.SA,2025-06-27,8.8857,8.9905,8.7143,8.8571,22057560
MGLU3.SA,2025-06-30,8.8095,9.4857,8.7619,9.381,37561860
MGLU3.SA,2025-07-01,9.3048,9.4571,9.1143,9.2476,18460050
MGLU3.SA,2025-07-02,9.2667,9.3238,8.6,8.6381,26958645
MGLU3.SA,2025-07-03,8.8476,8.9429,8.6857,8.7524,26035695
MGLU3.SA,2025-07-04,8.6667,8.819,8.6667,8.8095,16310595
MGLU3.SA,2025-07-07,8.7905,8.8762,8.5714,8.6762,17286990
MGLU3.SA,2025-07-08,8.7333,8.819,8.3905,8.4762,22664355
MGLU3.SA,2025-07-09,8.5714,8.5714,8.0762,8.1429,20102670
MGLU3.SA,2025-07-10,7.8476,8.0095,7.7429,7.9429,27701730
MGLU3.SA,2025-07-11,7.8476,7.8476,7.5429,7.6571,25093320
MGLU3.SA,2025-07-14,7.6286,7.6286,7.4381,7.5714,19896135
MGLU3.SA,2025-07-15,7.8095,7.8476,7.5524,7.6667,24724665
MGLU3.SA,2025-07-16,7.6762,7.781,7.4952,7.7238,21844725
MGLU3.SA,2025-07-17,7.7524,7.8381,7.6381,7.8095,22185345
MGLU3.SA,2025-07-18,7.6667,7.7524,7.4571,7.5048,24625335
MGLU3.SA,2025-07-21,7.5619,7.6,7.2286,7.2381,21647010
MGLU3.SA,2025-07-22,7.2952,7.3524,7.0667,7.1429,22623300
MGLU3.SA,2025-07-23,7.0762,7.5238,7.0381,7.4286,20511330
MGLU3.SA,2025-07-24,7.3333,7.3619,7.1143,7.181,16325925
MGLU3.SA,2025-07-25,7.181,7.2286,6.9905,7.1429,16280145
MGLU3.SA,2025-07-28,7.1238,7.1905,6.8286,6.8381,16992360
MGLU3.SA,2025-07-29,6.9048,6.9048,6.619,6.6476,22201725
MGLU3.SA,2025-07-30,6.6095,7.1238,6.5905,6.9905,29697360
MGLU3.SA,2025-07-31,6.7429,6.8095,6.6381,6.7238,21455490
MGLU3.SA,2025-08-01,6.9238,7.0476,6.8381,6.8762,26666745
MGLU3.SA,2025-08-04,6.9619,7.0286,6.7905,6.8381,15100470
MGLU3.SA,2025-08-05,6.8381,6.9524,6.7619,6.8571,15683955
MGLU3.SA,2025-08-06,6.9143,7.0857,6.8667,6.9905,14000910
MGLU3.SA,2025-08-07,7.019,7.1238,6.9333,7.0667,18451335
MGLU3.SA,2025-08-08,7.0095,7.0095,6.619,6.7048,34780410
MGLU3.SA,2025-08-11,6.6095,7.019,6.6095,6.6857,28940520
MGLU3.SA,2025-08-12,6.8571,6.9524,6.6762,6.6952,21292005
MGLU3.SA,2025-08-13,6.6762,6.7143,6.381,6.4095,21171150
MGLU3.SA,2025-08-14,6.3524,6.419,6.219,6.3619,19710600
MGLU3.SA,2025-08-15,6.3429,6.3619,6.2095,6.3048,13254045
MGLU3.SA,2025-08-18,6.3048,6.6571,6.3048,6.581,17826795
MGLU3.SA,2025-08-19,6.419,6.6095,6.4,6.5333,17640105
MGLU3.SA,2025-08-20,6.6,6.6,6.3143,6.3619,20240430
MGLU3.SA,2025-08-21,6.3238,6.5429,6.3048,6.3619,15171030
MGLU3.SA,2025-08-22,6.4381,6.7143,6.3905,6.5714,24534090
MGLU3.SA,2025-08-25,6.6286,6.8952,6.6,6.781,16645755
MGLU3.SA,2025-08-26,6.7333,6.8952,6.6476,6.6667,16930935
MGLU3.SA,2025-08-27,6.6381,6.8381,6.5524,6.8381,18623850
MGLU3.SA,2025-08-28,6.8571,7.5905,6.8571,7.4667,45803730
MGLU3.SA,2025-08-29,7.4,8.0,7.3143,7.8,30910530
MGLU3.SA,2025-09-01,7.8476,8.4476,7.8095,7.8857,30854040
MGLU3.SA,2025-09-02,7.8,8.0381,7.6952,7.7619,15819615
MGLU3.SA,2025-09-03,7.8095,8.0095,7.7048,7.8286,16418640
MGLU3.SA,2025-09-04,7.9238,8.2762,7.7714,8.2381,26548620
MGLU3.SA,2025-09-05,8.4571,8.8286,8.3238,8.8286,32295480
MGLU3.SA,2025-09-08,8.9048,8.9524,8.4095,8.4857,29259930
MGLU3.SA,2025-09-09,8.5714,8.6857,8.4095,8.4952,19192110
MGLU3.SA,2025-09-10,8.5714,9.0571,8.5238,8.8095,32090415
MGLU3.SA,2025-09-11,8.9048,9.5238,8.8571,9.5238,38184930
MGLU3.SA,2025-09-12,9.3905,9.6286,9.2762,9.381,20654025
MGLU3.SA,2025-09-15,9.5429,10.3238,9.5048,10.0762,28773570
MGLU3.SA,2025-09-16,10.3238,10.581,9.8571,10.2286,36285480
MGLU3.SA,2025-09-17,10.2667,11.5524,10.2286,10.7714,52012695
MGLU3.SA,2025-09-18,10.7619,10.9048,10.6095,10.6952,20073480
MGLU3.SA,2025-09-19,10.7619,10.8,10.3905,10.581,17667300
MGLU3.SA,2025-09-22,10.4,10.6095,10.2381,10.3238,15566775
MGLU3.SA,2025-09-23,10.4857,10.8667,10.2381,10.4762,26995920
MGLU3.SA,2025-09-24,10.5238,10.781,10.3619,10.3619,21153720
MGLU3.SA,2025-09-25,10.3619,11.0762,10.2762,10.4952,37707600
MGLU3.SA,2025-09-26,10.6286,10.8857,10.4952,10.6571,24341625
MGLU3.SA,2025-09-29,11.0286,11.4286,10.1143,10.1143,42088620
MGLU3.SA,2025-09-30,10.3524,10.4286,9.1048,9.1429,53095350
MGLU3.SA,2025-10-01,9.2,9.2095,8.7143,9.1429,46123455
MGLU3.SA,2025-10-02,9.1905,9.2762,8.6667,8.7238,22836450
MGLU3.SA,2025-10-03,8.6667,8.8857,8.4476,8.7143,34357575
MGLU3.SA,2025-10-06,8.7143,8.781,8.4286,8.5333,21915600
MGLU3.SA,2025-10-07,8.3905,8.5524,8.2571,8.5524,21778680
MGLU3.SA,2025-10-08,8.6667,8.7429,8.3714,8.6571,28115955
MGLU3.SA,2025-10-09,8.6857,8.7429,8.4381,8.5429,19640250
MGLU3.SA,2025-10-10,8.619,8.7143,8.2857,8.3905,20879565
MGLU3.SA,2025-10-13,8.5714,8.6286,8.1905,8.1905,19664505
MGLU3.SA,2025-10-14,8.1238,8.381,8.0571,8.3619,14808465
MGLU3.SA,2025-10-15,8.3238,8.6857,8.3048,8.4857,23188515
MGLU3.SA,2025-10-16,8.4381,8.4381,7.7238,7.8095,40883535
MGLU3.SA,2025-10-17,7.7048,8.0476,7.5905,8.0,28614600
MGLU3.SA,2025-10-20,8.1048,8.1524,7.9429,7.9429,12841500
MGLU3.SA,2025-10-21,7.9143,8.1143,7.8762,7.9619,13804140
MGLU3.SA,2025-10-22,8.0381,8.0381,7.8857,7.9429,13535340
MGLU3.SA,2025-10-23,8.0762,8.1238,7.1619,7.4952,50576925
MGLU3.SA,2025-10-24,7.6571,7.8286,7.5714,7.6952,23449125
MGLU3.SA,2025-10-27,7.8571,8.1619,7.8571,8.1143,22558830
MGLU3.SA,2025-10-28,8.1048,8.3048,7.9524,8.2476,11424210
MGLU3.SA,2025-10-29,8.2571,8.4,8.1048,8.1238,13356210
MGLU3.SA,2025-10-30,7.9333,8.2286,7.8571,8.0952,15100050
MGLU3.SA,2025-10-31,8.1714,8.1905,7.8857,8.0667,14380065
MGLU3.SA,2025-11-03,8.0857,8.1905,7.8952,7.9429,11489310
MGLU3.SA,2025-11-04,7.8571,8.0,7.8095,7.981,7011585
MGLU3.SA,2025-11-05,7.981,8.3238,7.8667,8.3238,15467235
MGLU3.SA,2025-11-06,8.2286,8.2381,7.5905,7.6095,21751275
MGLU3.SA,2025-11-07,7.6476,8.0476,7.5905,7.7524,27718425
MGLU3.SA,2025-11-10,7.9048,8.0857,7.6952,8.019,16046625
MGLU3.SA,2025-11-11,8.1048,8.781,8.1048,8.6571,29114505
MGLU3.SA,2025-11-12,8.619,8.7429,8.419,8.7143,15031275
MGLU3.SA,2025-11-13,8.7143,8.8857,8.5143,8.6286,15416205
MGLU3.SA,2025-11-14,8.5714,9.2667,8.5429,9.1333,25073685
MGLU3.SA,2025-11-17,9.219,9.2667,8.6667,8.6952,17720430
MGLU3.SA,2025-11-18,8.4762,9.0857,8.4476,9.019,18369015
MGLU3.SA,2025-11-19,8.9905,9.1143,8.8857,8.8857,16938915
MGLU3.SA,2025-11-21,8.8381,9.181,8.7619,9.1714,25141725
MGLU3.SA,2025-11-24,9.0952,9.6952,9.0762,9.4286,27962445
MGLU3.SA,2025-11-25,9.4857,9.7714,9.2857,9.7714,19989270
MGLU3.SA,2025-11-26,9.7143,9.8571,9.4952,9.6286,18614715
MGLU3.SA,2025-11-27,9.6857,9.7714,9.581,9.6381,9577260
MGLU3.SA,2025-11-28,9.7143,9.9333,9.5524,9.7905,15099000
MGLU3.SA,2025-12-01,9.8286,9.8952,9.6667,9.8476,10236765
MGLU3.SA,2025-12-02,9.9143,10.0857,9.8095,10.0857,17682945
MGLU3.SA,2025-12-03,10.1048,10.7048,10.1048,10.7048,23710785
MGLU3.SA,2025-12-04,10.781,11.381,10.6476,11.0952,57664110
MGLU3.SA,2025-12-05,11.0667,11.2476,9.7905,10.0095,41284425
MGLU3.SA,2025-12-08,10.2571,10.4571,9.9619,10.0381,26651520
MGLU3.SA,2025-12-09,9.8571,9.9048,9.4286,9.5429,28289415
MGLU3.SA,2025-12-10,9.6381,9.6762,9.419,9.5143,18250260
MGLU3.SA,2025-12-11,9.4381,9.7619,9.1048,9.1238,25851525
MGLU3.SA,2025-12-12,9.219,9.5238,9.1429,9.4,19101705
MGLU3.SA,2025-12-15,9.5714,9.6762,9.3619,9.3714,18610200
MGLU3.SA,2025-12-16,9.2476,9.3524,8.9429,9.0476,15605520
MGLU3.SA,2025-12-17,8.9524,8.9524,8.6476,8.7619,15643110
MGLU3.SA,2025-12-18,8.7238,8.9333,8.7048,8.9048,15603315
MGLU3.SA,2025-12-19,8.8762,9.0,8.7905,8.8095,14208075
MGLU3.SA,2025-12-22,8.8286,8.8571,8.5333,8.5619,15214500
MGLU3.SA,2025-12-23,8.6762,8.9333,8.6667,8.8476,14595210
MGLU3.SA,2025-12-26,8.781,8.8286,8.7048,8.8095,7410690
MGLU3.SA,2025-12-29,8.8476,9.0,8.7333,8.9048,9609180
MGLU3.SA,2025-12-30,9.21,9.24,8.87,8.94,12866200
MGLU3.SA,2026-01-02,9.04,9.12,8.73,8.83,11298000
MGLU3.SA,2026-01-05,8.86,9.04,8.69,8.95,12352300
MGLU3.SA,2026-01-06,9.0,9.39,9.0,9.15,14943300
MGLU3.SA,2026-01-07,9.14,9.29,8.77,9.29,23440400
MGLU3.SA,2026-01-08,9.22,9.45,9.22,9.22,12980200
MGLU3.SA,2026-01-09,9.25,9.31,8.83,8.88,22469000
MGLU3.SA,2026-01-12,8.93,8.95,8.58,8.58,13347200
MGLU3.SA,2026-01-13,8.55,8.55,8.05,8.2,28401800
MGLU3.SA,2026-01-14,8.3,8.44,8.18,8.4,20752400
MGLU3.SA,2026-01-15,8.4,9.1,8.4,8.74,28392200
MGLU3.SA,2026-01-16,8.78,8.78,8.33,8.46,17107700
MGLU3.SA,2026-01-19,8.43,8.5,8.3,8.36,9710200
MGLU3.SA,2026-01-20,8.27,8.83,8.18,8.4,22970000
MGLU3.SA,2026-01-21,8.66,8.83,8.51,8.81,16727100
MGLU3.SA,2026-01-22,8.85,9.28,8.83,8.96,24288200
MGLU3.SA,2026-01-23,9.02,9.42,8.8,9.37,23389800
MGLU3.SA,2026-01-26,9.41,9.58,9.24,9.47,18407500
MGLU3.SA,2026-01-27,9.7,9.9,9.61,9.64,16735000
MGLU3.SA,2026-01-28,9.74,10.08,9.68,10.08,20719000
MGLU3.SA,2026-01-29,10.33,10.44,9.48,9.72,28116600
MGLU3.SA,2026-01-30,9.58,10.0,9.58,9.79,19854300
MGLU3.SA,2026-02-02,9.78,9.88,9.63,9.83,14726400
MGLU3.SA,2026-02-03,10.07,10.27,9.97,10.12,22715700
MGLU3.SA,2026-02-04,10.0,10.17,9.66,9.73,21355600
MGLU3.SA,2026-02-05,9.78,9.94,9.65,9.65,13183300
MGLU3.SA,2026-02-06,9.65,10.2,9.24,10.2,35563900
MGLU3.SA,2026-02-09,10.26,10.97,10.05,10.97,23799100
MGLU3.SA,2026-02-10,10.86,11.03,10.56,10.6,15416300
MGLU3.SA,2026-02-11,10.82,11.16,10.72,11.1,16601200
MGLU3.SA,2026-02-12,11.01,11.12,10.14,10.15,26023100
MGLU3.SA,2026-02-13,9.89,10.36,9.77,10.23,19363800
MGLU3.SA,2026-02-18,10.23,10.42,10.14,10.28,10535300
MGLU3.SA,2026-02-19,10.29,10.83,10.25,10.58,15969100
MGLU3.SA,2026-02-20,10.47,10.87,10.38,10.8,15490100
MGLU3.SA,2026-02-23,10.7,10.87,10.32,10.37,17659300
MGLU3.SA,2026-02-24,10.45,10.54,10.1,10.13,19247800
MGLU3.SA,2026-02-25,10.25,10.27,9.41,9.49,25004500
MGLU3.SA,2026-02-26,9.51,9.69,9.47,9.58,12048700
MGLU3.SA,2026-02-27,9.48,9.65,9.35,9.35,11244700
MGLU3.SA,2026-03-02,9.05,9.35,8.89,9.19,17947600
MGLU3.SA,2026-03-03,8.84,9.17,8.55,9.0,23872900
MGLU3.SA,2026-03-04,9.25,9.55,9.12,9.53,17524500
MGLU3.SA,2026-03-05,9.46,9.59,9.13,9.16,20521200
MGLU3.SA,2026-03-06,9.15,9.48,9.1,9.33,18677300
MGLU3.SA,2026-03-09,9.22,9.52,9.15,9.52,16425800
MGLU3.SA,2026-03-10,9.64,10.35,9.6,10.14,21417000
MGLU3.SA,2026-03-11,10.0,10.31,9.96,10.04,13112300
MGLU3.SA,2026-03-12,9.91,9.99,9.33,9.4,14948600
MGLU3.SA,2026-03-13,9.5,10.33,9.15,9.34,37702000
MGLU3.SA,2026-03-16,9.68,10.02,9.57,9.84,22733300
MGLU3.SA,2026-03-17,9.88,9.93,9.04,9.04,22442400
MGLU3.SA,2026-03-18,9.08,9.21,8.85,8.85,23534100
MGLU3.SA,2026-03-19,8.71,8.9,8.44,8.77,23104500
MGLU3.SA,2026-03-20,8.77,8.78,8.27,8.34,28291600
MGLU3.SA,2026-03-23,8.59,8.88,8.58,8.76,20111900
MGLU3.SA,2026-03-24,8.68,8.81,8.51,8.69,19212700
MGLU3.SA,2026-03-25,8.9,9.17,8.82,8.89,17871200
MGLU3.SA,2026-03-26,8.73,8.9,8.44,8.44,15274300
MGLU3.SA,2026-03-27,8.41,8.45,8.08,8.09,22237700
MGLU3.SA,2026-03-30,8.31,8.32,7.92,8.0,17213200
MGLU3.SA,2026-03-31,8.25,8.84,8.25,8.77,27630300
MGLU3.SA,2026-04-01,8.81,9.02,8.72,8.84,19365500
MGLU3.SA,2026-04-02,8.59,8.88,8.45,8.75,14359700
MGLU3.SA,2026-04-06,8.8,9.0,8.66,8.82,13342900
MGLU3.SA,2026-04-07,8.74,8.94,8.58,8.78,12038500
MGLU3.SA,2026-04-08,9.34,9.52,8.95,8.95,18316300
MGLU3.SA,2026-04-09,9.03,9.25,8.95,9.23,14711600
MGLU3.SA,2026-04-10,9.35,9.47,9.03,9.15,13301800
MGLU3.SA,2026-04-13,8.95,9.37,8.92,9.21,14389900
MGLU3.SA,2026-04-14,9.3,9.47,9.16,9.25,13395600
MGLU3.SA,2026-04-15,9.23,9.42,9.18,9.39,12868500
MGLU3.SA,2026-04-16,9.44,9.44,9.18,9.25,12966700
MGLU3.SA,2026-04-17,9.38,9.76,9.21,9.29,18950900
MGLU3.SA,2026-04-20,9.27,9.41,9.12,9.35,14635000
MGLU3.SA,2026-04-22,9.28,9.32,8.95,8.95,12795800
MGLU3.SA,2026-04-23,8.98,9.02,8.63,8.65,12084000
MGLU3.SA,2026-04-24,8.71,8.76,8.53,8.73,9917800
MGLU3.SA,2026-04-27,8.69,8.77,8.47,8.53,8331300
MGLU3.SA,2026-04-28,8.5,8.61,8.4,8.54,10183500
MGLU3.SA,2026-04-29,8.53,8.58,8.08,8.08,14208700
MGLU3.SA,2026-04-30,8.29,8.35,8.08,8.23,17525600
MGLU3.SA,2026-05-04,8.25,8.34,7.99,8.0,14398300
MGLU3.SA,2026-05-05,8.05,8.17,8.0,8.0,15252400
MGLU3.SA,2026-05-06,8.22,8.32,8.02,8.03,11485200
MGLU3.SA,2026-05-07,8.05,8.17,7.9,7.94,15526800
MGLU3.SA,2026-05-08,7.6,7.85,7.15,7.15,35215100
MGLU3.SA,2026-05-11,7.12,7.21,6.9,6.93,18515700
MGLU3.SA,2026-05-12,6.93,7.2,6.8,7.16,17784300
MGLU3.SA,2026-05-13,7.12,7.4,6.96,6.96,22615000
MGLU3.SA,2026-05-14,7.09,7.13,6.83,6.91,20866400
MGLU3.SA,2026-05-15,6.82,6.84,6.6,6.79,17594900
MGLU3.SA,2026-05-18,6.83,6.99,6.61,6.61,18028200
MGLU3.SA,2026-05-19,6.51,6.67,6.34,6.49,18272100
MGLU3.SA,2026-05-20,6.53,6.8,6.49,6.73,21093700
MGLU3.SA,2026-05-21,6.66,6.79,6.47,6.77,17378400
MGLU3.SA,2026-05-22,6.7,6.88,6.61,6.63,13376800
MGLU3.SA,2026-05-25,6.74,6.83,6.67,6.77,10045800
MGLU3.SA,2026-05-26,6.77,6.78,6.55,6.65,10894700
MGLU3.SA,2026-05-27,6.74,6.83,6.59,6.6,13503200
MGLU3.SA,2026-05-28,6.65,6.71,6.35,6.35,17829300
MGLU3.SA,2026-05-29,6.38,6.43,5.98,5.98,19948000
MGLU3.SA,2026-06-01,5.98,6.07,5.76,5.82,19869200
MGLU3.SA,2026-06-02,5.85,5.93,5.68,5.68,18461700
MGLU3.SA,2026-06-03,5.55,5.55,5.32,5.34,23074300
MGLU3.SA,2026-06-05,5.44,5.67,5.29,5.44,27759100
MGLU3.SA,2026-06-08,5.45,5.54,5.34,5.34,17634500
MGLU3.SA,2026-06-09,5.47,5.66,5.46,5.49,24632800
MGLU3.SA,2026-06-10,5.46,5.47,5.12,5.12,23198500
MGLU3.SA,2026-06-11,5.16,5.38,5.1,5.33,28878200
MGLU3.SA,2026-06-12,5.23,5.44,5.19,5.22,16254200
MGLU3.SA,2026-06-15,5.4,5.47,5.26,5.35,18145200
MGLU3.SA,2026-06-16,5.29,5.3,4.99,5.0,25995600
MGLU3.SA,2026-06-17,5.03,5.12,4.74,4.74,28655600
MGLU3.SA,2026-06-18,4.78,4.8,4.47,4.5,30716200
MGLU3.SA,2026-06-19,4.48,4.65,4.47,4.62,21086800
MGLU3.SA,2026-06-22,4.63,4.84,4.56,4.66,21375500
MGLU3.SA,2026-06-23,4.61,4.64,4.42,4.42,24418400
MGLU3.SA,2026-06-24,4.38,4.48,4.3,4.36,21608000
MGLU3.SA,2026-06-25,4.41,4.51,4.03,4.42,52346600
MGLU3.SA,2026-06-26,4.39,4.57,4.33,4.44,25874600
MGLU3.SA,2026-06-29,4.41,4.71,4.41,4.64,18574500
MGLU3.SA,2026-06-30,4.59,4.74,4.46,4.68,18658400
MGLU3.SA,2026-07-01,4.59,4.69,4.43,4.43,22221800
MGLU3.SA,2026-07-02,4.49,4.59,4.27,4.27,27151900
MGLU3.SA,2026-07-03,4.33,4.45,4.24,4.45,17028600
MGLU3.SA,2026-07-06,4.37,4.46,4.33,4.35,12493700
MGLU3.SA,2026-07-07,4.37,4.47,4.33,4.42,18384300
MGLU3.SA,2026-07-08,4.38,4.51,4.29,4.51,17353000
MGLU3.SA,2026-07-09,4.51,4.87,4.51,4.86,27558600
MGLU3.SA,2026-07-10,5.12,5.3,5.08,5.22,33644300
MGLU3.SA,2026-07-13,5.2,5.27,5.04,5.06,23814700
MGLU3.SA,2026-07-14,5.11,5.19,4.89,5.05,19650300
MGLU3.SA,2026-07-15,5.05,5.13,4.78,5.03,22240600
MGLU3.SA,2026-07-16,4.99,5.06,4.89,4.92,14067000
MGLU3.SA,2026-07-17,4.92,5.03,4.9,4.92,17597900
MGLU3.SA,2026-07-20,4.92,4.98,4.82,4.86,12211600
MGLU3.SA,2026-07-21,4.87,4.96,4.78,4.82,14370100
MGLU3.SA,2026-07-22,4.82,4.98,4.74,4.91,19305400
MGLU3.SA,2026-07-23,4.88,4.89,4.68,4.71,16771800
MGLU3.SA,2026-07-24,4.68,4.74,4.56,4.65,15888900
MGLU3.SA,2026-07-27,4.73,4.86,4.72,4.83,14777800
MGLU3.SA,2026-07-28,4.99,5.04,4.83,4.83,15982700
MGLU3.SA,2026-07-29,4.8,4.87,4.71,4.76,14347200
MGLU3.SA,2026-07-30,4.81,5.02,4.79,5.02,16683500
MGLU3.SA,2026-07-31,4.95,5.11,4.88,5.03,11796200
